year,department_id,district_id,department,district,youth_turnout_18to29,youth_turnout_female,youth_turnout_male,young_18to29_register,young_18to29_participation,n_candidates,n_young,n_young_30,n_young_female,n_young_male,n_female,youth_cand_share,youth_cand_share_30,young_female_share,young_male_share,female_cand_share,mean_cand_age,n_candidates_mayor,n_young_mayor,n_female_mayor,youth_cand_share_mayor,female_cand_share_mayor,mean_cand_age_mayor,total_electors,log_total_electors,youth_share,n_le29,n_le30,n_le31,n_le32,n_le33,n_le34,n_le35
2006,0,0_0,CAPITAL,ASUNCION,0.43020143542567113,0.427937191289808,0.4326133688197359,100876,43397,336,82,49,26,56,140,0.24404761904761904,0.14583333333333334,0.07738095238095238,0.16666666666666666,0.4166666666666667,46.06845238095238,7,0,1,0,0.14285714285714285,50.42857142857143,358528,12.789762039179726,0.2813615672973938,44,49,54,63,72,77,82
2006,1,1_0,CONCEPCION,CONCEPCION,0.37205267723365665,0.39987658130206727,0.34295854170027423,12681,4718,72,24,11,5,19,22,0.3333333333333333,0.1527777777777778,0.06944444444444445,0.2638888888888889,0.3055555555555556,41.47222222222222,3,0,1,0,0.3333333333333333,46.333333333333336,41592,10.635663120063551,0.3048903635314484,9,11,13,15,17,20,24
2006,1,1_1,CONCEPCION,BELEN,0.423841059602649,0.4268774703557312,0.4212860310421286,1661,704,36,6,3,1,5,9,0.16666666666666666,0.08333333333333333,0.027777777777777776,0.1388888888888889,0.25,46.02777777777778,3,2,0,0.6666666666666666,0,34.333333333333336,5034,8.523970175695261,0.32995629717918157,2,3,3,4,5,5,6
2006,1,1_3,CONCEPCION,HORQUETA,0.41865319125563,0.4370440103553777,0.40255459414915534,9103,3811,72,25,10,6,19,20,0.3472222222222222,0.1388888888888889,0.08333333333333333,0.2638888888888889,0.2777777777777778,42.888888888888886,5,2,2,0.4,0.4,37.4,27222,10.21178074889202,0.3343986481522298,9,10,14,17,20,23,25
2006,1,1_5,CONCEPCION,LORETO,0.43641868512110726,0.4534995206136146,0.4223798266351458,2312,1009,27,8,6,2,6,9,0.2962962962962963,0.2222222222222222,0.07407407407407407,0.2222222222222222,0.3333333333333333,44.074074074074076,2,1,0,0.5,0,36.5,7381,8.906664409770052,0.31323668879555616,5,6,6,6,6,8,8
2006,1,1_7,CONCEPCION,SAN LAZARO,0.5854700854700855,0.5878712871287128,0.5831325301204819,1638,959,36,10,5,1,9,10,0.2777777777777778,0.1388888888888889,0.027777777777777776,0.25,0.2777777777777778,41.361111111111114,3,1,0,0.3333333333333333,0,44,5414,8.596743470174246,0.30254894717399333,4,5,6,7,9,9,10
2006,1,1_9,CONCEPCION,YBY YAU,0.4457161543492479,0.46098265895953755,0.43309438470728795,3058,1363,47,18,11,5,13,14,0.3829787234042553,0.23404255319148937,0.10638297872340426,0.2765957446808511,0.2978723404255319,41.829787234042556,3,1,0,0.3333333333333333,0,40.666666666666664,9373,9.145588494746486,0.32625626800384083,11,11,12,13,16,18,18
2006,2,2_0,SAN PEDRO,SAN PEDRO DEL YCUAMANDIYU,0.5305351104038194,0.559322033898305,0.5038343558282209,5027,2667,48,14,7,4,10,13,0.2916666666666667,0.14583333333333334,0.08333333333333333,0.20833333333333334,0.2708333333333333,44.5,4,0,1,0,0.25,41.25,16349,9.701922012375412,0.30748057985197874,6,7,9,9,10,11,14
2006,2,2_1,SAN PEDRO,25 DE DICIEMBRE,0.5387021110242377,0.5740432612312812,0.5073746312684366,1279,689,45,10,3,4,6,12,0.2222222222222222,0.06666666666666667,0.08888888888888889,0.13333333333333333,0.26666666666666666,46.51111111111111,5,1,0,0.2,0,42.6,4713,8.45807992692373,0.27137704222363673,3,3,4,5,8,9,10
2006,2,2_3,SAN PEDRO,ANTEQUERA,0.6452261306532663,0.6724890829694323,0.6219739292364991,995,642,27,7,4,4,3,11,0.25925925925925924,0.14814814814814814,0.14814814814814814,0.1111111111111111,0.4074074074074074,45.55555555555556,2,0,1,0,0.5,47.5,2965,7.994632311431825,0.33558178752107926,4,4,4,5,6,7,7
2006,2,2_5,SAN PEDRO,CAPIIBARY,0.5253080985915493,0.5191693290734825,0.5296324081020255,4544,2387,60,22,14,9,13,14,0.36666666666666664,0.23333333333333334,0.15,0.21666666666666667,0.23333333333333334,40.266666666666666,5,0,0,0,0,42.8,13828,9.534450801041515,0.32860862019091697,13,14,16,17,18,20,22
2006,2,2_7,SAN PEDRO,CHORE,0.4041318477251625,0.41486557722720085,0.3956864371630029,4308,1741,48,14,9,5,9,12,0.2916666666666667,0.1875,0.10416666666666667,0.1875,0.25,42.333333333333336,4,0,1,0,0.25,43.5,15698,9.66128859468676,0.27442986367690153,6,9,11,12,12,13,14
2006,2,2_9,SAN PEDRO,GENERAL ELIZARDO AQUINO,0.32246724193032916,0.34767025089605735,0.3021914648212226,3129,1009,36,11,4,2,9,6,0.3055555555555556,0.1111111111111111,0.05555555555555555,0.25,0.16666666666666666,43.75,2,0,0,0,0,40,11209,9.324472306021095,0.279150682487287,3,4,6,6,9,9,11
2006,2,2_11,SAN PEDRO,GENERAL FRANCISCO ISIDORO RESQUIN,0.5247977488568414,0.5131467345207803,0.5330528846153846,2843,1492,48,11,7,2,9,10,0.22916666666666666,0.14583333333333334,0.041666666666666664,0.1875,0.20833333333333334,45.104166666666664,4,2,0,0.5,0,36,9721,9.18204377282107,0.2924596234955252,5,7,8,10,10,11,11
2006,2,2_13,SAN PEDRO,GUAJAYVI,0.40457804743519027,0.4114521841794569,0.39855072463768115,3626,1467,48,12,8,5,7,13,0.25,0.16666666666666666,0.10416666666666667,0.14583333333333334,0.2708333333333333,43.854166666666664,3,1,0,0.3333333333333333,0,39,12291,9.416622566214981,0.29501261085347,7,8,10,10,11,11,12
2006,2,2_15,SAN PEDRO,ITACURUBI DEL ROSARIO,0.36620644312952005,0.3651226158038147,0.36721728081321475,1521,557,36,12,7,6,6,11,0.3333333333333333,0.19444444444444445,0.16666666666666666,0.16666666666666666,0.3055555555555556,43.111111111111114,2,0,0,0,0,47.5,6564,8.789355452209982,0.2317184643510055,5,7,7,10,10,10,12
2006,2,2_17,SAN PEDRO,LIMA,0.466773418734988,0.4967213114754098,0.4381846635367762,1249,583,36,10,5,5,5,10,0.2777777777777778,0.1388888888888889,0.1388888888888889,0.1388888888888889,0.2777777777777778,44.77777777777778,3,0,0,0,0,41.333333333333336,4749,8.465689348549121,0.26300273741840385,4,5,6,8,9,10,10
2006,2,2_19,SAN PEDRO,NUEVA GERMANIA,0.5387596899224806,0.53125,0.5450236966824644,774,417,36,12,4,4,8,11,0.3333333333333333,0.1111111111111111,0.1111111111111111,0.2222222222222222,0.3055555555555556,42.416666666666664,3,2,1,0.6666666666666666,0.3333333333333333,35.333333333333336,2930,7.982757702011113,0.2641638225255973,4,4,5,8,9,11,12
2006,2,2_21,SAN PEDRO,SAN ESTANISLAO,0.3363507277245296,0.361384335154827,0.3125649013499481,5634,1895,48,14,9,5,9,11,0.2916666666666667,0.1875,0.10416666666666667,0.1875,0.22916666666666666,43.5,4,0,0,0,0,52.25,18857,9.844639476726922,0.29877499071962665,8,9,10,11,13,14,14
2006,2,2_23,SAN PEDRO,SAN PABLO,0.5892597968069666,0.638095238095238,0.5481283422459893,689,406,36,14,9,4,10,10,0.3888888888888889,0.25,0.1111111111111111,0.2777777777777778,0.2777777777777778,40.22222222222222,4,0,1,0,0.25,47,2172,7.683403681053826,0.31721915285451197,8,9,11,12,14,14,14
2006,2,2_24,SAN PEDRO,SANTA ROSA DEL AGUARAY,0.4318262726949092,0.4438291139240506,0.42200647249190937,2809,1213,45,10,7,1,9,10,0.2222222222222222,0.15555555555555556,0.022222222222222223,0.2,0.2222222222222222,43.53333333333333,4,0,1,0,0.25,44.75,8706,9.071767722112243,0.3226510452561452,7,7,7,7,9,10,10
2006,2,2_25,SAN PEDRO,TACUATI,0.5318471337579618,0.5590361445783133,0.5104364326375711,942,501,36,9,2,4,5,12,0.25,0.05555555555555555,0.1111111111111111,0.1388888888888889,0.3333333333333333,44.97222222222222,2,0,0,0,0,52,3429,8.14002395246292,0.2747156605424322,2,2,3,3,4,5,9
2006,2,2_27,SAN PEDRO,UNION,0.5618838992332968,0.5974358974358974,0.5353728489483748,913,513,27,7,3,4,3,11,0.25925925925925924,0.1111111111111111,0.14814814814814814,0.1111111111111111,0.4074074074074074,44.25925925925926,3,0,1,0,0.3333333333333333,46.666666666666664,3233,8.081165777725433,0.28240024744819053,3,3,6,6,7,7,7
2006,2,2_29,SAN PEDRO,VILLA DEL ROSARIO,0.36370597243491576,0.39221556886227543,0.3338557993730408,1306,475,36,12,8,6,6,14,0.3333333333333333,0.2222222222222222,0.16666666666666666,0.16666666666666666,0.3888888888888889,42.861111111111114,3,1,0,0.3333333333333333,0,43,5740,8.655214489313613,0.22752613240418118,7,8,8,8,10,12,12
2006,2,2_31,SAN PEDRO,YATAITY DEL NORTE,0.46357308584686774,0.4707692307692308,0.4576271186440678,2155,999,27,6,2,0,6,7,0.2222222222222222,0.07407407407407407,0,0.2222222222222222,0.25925925925925924,47.148148148148145,3,1,0,0.3333333333333333,0,44.333333333333336,6964,8.848509300888079,0.30944859276278003,2,2,2,2,3,6,6
2006,2,2_32,SAN PEDRO,YRYBUCUA,0.5068163592622293,0.5037593984962406,0.509090909090909,1247,632,27,8,5,5,3,5,0.2962962962962963,0.18518518518518517,0.18518518518518517,0.1111111111111111,0.18518518518518517,41.51851851851852,3,0,0,0,0,45,4041,8.304247465078474,0.30858698341994556,5,5,5,5,8,8,8
2006,3,3_0,CORDILLERA,CAACUPE,0.502652890254119,0.5213675213675214,0.4846659364731654,7162,3600,84,24,12,14,10,35,0.2857142857142857,0.14285714285714285,0.16666666666666666,0.11904761904761904,0.4166666666666667,44.083333333333336,4,0,2,0,0.5,47.5,23652,10.07120295694072,0.3028073735836293,7,12,14,16,18,20,24
2006,3,3_1,CORDILLERA,PRIMERO DE MARZO,0.3333333333333333,0.3150105708245243,0.3491773308957952,1020,340,18,2,1,1,1,4,0.1111111111111111,0.05555555555555555,0.05555555555555555,0.05555555555555555,0.2222222222222222,46.44444444444444,2,1,0,0.5,0,45.5,3883,8.264363329731667,0.2626834921452485,1,1,1,1,2,2,2
2006,3,3_3,CORDILLERA,ALTOS,0.5993200582807188,0.6068895643363729,0.5923507462686567,2059,1234,36,10,6,3,7,10,0.2777777777777778,0.16666666666666666,0.08333333333333333,0.19444444444444445,0.2777777777777778,40.583333333333336,3,0,0,0,0,56,6787,8.822764296703758,0.3033740975394136,6,6,7,9,10,10,10
2006,3,3_5,CORDILLERA,ARROYOS Y ESTEROS,0.4193943101866014,0.4598684210526316,0.38421955403087477,3269,1371,27,6,1,2,4,5,0.2222222222222222,0.037037037037037035,0.07407407407407407,0.14814814814814814,0.18518518518518517,47.592592592592595,3,0,0,0,0,52.333333333333336,11708,9.368027647811777,0.27921079603689786,1,1,2,4,5,5,6
2006,3,3_7,CORDILLERA,ATYRA,0.47624076029567053,0.486231884057971,0.4668035592060233,2841,1353,60,21,12,8,13,20,0.35,0.2,0.13333333333333333,0.21666666666666667,0.3333333333333333,42.016666666666666,4,1,1,0.25,0.25,46.75,8706,9.071767722112243,0.3263266712611992,11,12,13,13,18,20,21
2006,3,3_9,CORDILLERA,CARAGUATAY,0.42885278188084686,0.45010615711252655,0.41046831955922863,2031,871,45,18,15,8,10,14,0.4,0.3333333333333333,0.17777777777777778,0.2222222222222222,0.3111111111111111,42.733333333333334,3,0,1,0,0.3333333333333333,50,7317,8.89795568688403,0.2775727757277573,14,15,16,16,17,18,18
2006,3,3_11,CORDILLERA,EMBOSCADA,0.5985592665356909,0.65234375,0.544137022397892,1527,914,27,7,6,2,5,7,0.25925925925925924,0.2222222222222222,0.07407407407407407,0.18518518518518517,0.25925925925925924,45.44444444444444,3,0,0,0,0,55,5935,8.688622307043769,0.2572872788542544,6,6,7,7,7,7,7
2006,3,3_13,CORDILLERA,EUSEBIO AYALA,0.45928705440900564,0.4706766917293233,0.44794007490636706,2665,1224,47,16,9,3,13,17,0.3404255319148936,0.19148936170212766,0.06382978723404255,0.2765957446808511,0.3617021276595745,42.42553191489362,4,1,1,0.25,0.25,43.25,9911,9.201400530406708,0.2688931490263344,6,9,9,12,13,14,16
2006,3,3_15,CORDILLERA,ISLA PUCU,0.39412811387900354,0.4072164948453608,0.3800738007380074,1124,443,27,6,4,4,2,9,0.2222222222222222,0.14814814814814814,0.14814814814814814,0.07407407407407407,0.3333333333333333,47.03703703703704,3,1,0,0.3333333333333333,0,43.333333333333336,4322,8.371473537066832,0.26006478482184175,4,4,5,5,5,5,6
2006,3,3_17,CORDILLERA,ITACURUBI DE LA CORDILLERA,0.6028968014484007,0.6204819277108434,0.585247883917775,1657,999,36,12,5,3,9,6,0.3333333333333333,0.1388888888888889,0.08333333333333333,0.25,0.16666666666666666,45.55555555555556,3,1,0,0.3333333333333333,0,45,6211,8.734077192559303,0.26678473675736597,4,5,7,8,8,11,12
2006,3,3_19,CORDILLERA,JUAN DE MENA,0.4081920903954802,0.3944954128440367,0.4199475065616798,708,289,36,8,5,1,7,7,0.2222222222222222,0.1388888888888889,0.027777777777777776,0.19444444444444445,0.19444444444444445,47.30555555555556,4,1,0,0.25,0,40.25,2946,7.988203597022576,0.24032586558044808,4,5,6,6,6,7,8
2006,3,3_21,CORDILLERA,LOMA GRANDE,0.5887353878852285,0.583732057416268,0.5927342256214149,941,554,36,10,6,3,7,9,0.2777777777777778,0.16666666666666666,0.08333333333333333,0.19444444444444445,0.25,45.166666666666664,3,2,1,0.6666666666666666,0.3333333333333333,38.666666666666664,2908,7.97522083865341,0.3235900962861073,6,6,6,7,7,7,10
2006,3,3_23,CORDILLERA,MBOCAYATY DEL YHAGUY,0.4098360655737705,0.42592592592592593,0.39705882352941174,732,300,27,9,4,4,5,6,0.3333333333333333,0.14814814814814814,0.14814814814814814,0.18518518518518517,0.2222222222222222,44.074074074074076,3,1,1,0.3333333333333333,0.3333333333333333,42.333333333333336,2618,7.870165946469845,0.27960275019098546,4,4,4,4,6,7,9
2006,3,3_25,CORDILLERA,NUEVA COLOMBIA,0.6163342830009497,0.6332046332046332,0.6,1053,649,27,3,3,0,3,6,0.1111111111111111,0.1111111111111111,0,0.1111111111111111,0.2222222222222222,45.666666666666664,2,0,0,0,0,48.5,3023,8.014004994779459,0.34832947403241815,3,3,3,3,3,3,3
2006,3,3_27,CORDILLERA,PIRIBEBUY,0.5231846019247594,0.5504464285714286,0.49699828473413377,4572,2392,48,11,5,2,9,8,0.22916666666666666,0.10416666666666667,0.041666666666666664,0.1875,0.16666666666666666,47.020833333333336,3,0,0,0,0,53,15804,9.66801835153128,0.28929384965831434,5,5,6,8,8,9,11
2006,3,3_29,CORDILLERA,SAN BERNARDINO,0.6204245973645681,0.6228615863141524,0.6182572614107884,2732,1695,48,15,11,3,12,12,0.3125,0.22916666666666666,0.0625,0.25,0.25,41.020833333333336,3,0,0,0,0,48,8284,9.022081222515475,0.32979237083534524,9,11,12,12,14,14,15
2006,3,3_31,CORDILLERA,SAN JOSE OBRERO,0.41025641025641024,0.453804347826087,0.3713592233009709,780,320,27,8,5,3,5,4,0.2962962962962963,0.18518518518518517,0.1111111111111111,0.18518518518518517,0.14814814814814814,43.111111111111114,3,1,1,0.3333333333333333,0.3333333333333333,44.333333333333336,2772,7.927324360309794,0.2813852813852814,5,5,5,6,7,8,8
2006,3,3_33,CORDILLERA,SANTA ELENA,0.5397667020148462,0.5526315789473685,0.5277207392197125,943,509,27,12,7,4,8,4,0.4444444444444444,0.25925925925925924,0.14814814814814814,0.2962962962962963,0.14814814814814814,43.96296296296296,3,3,0,1,0,31,3226,8.078998258685154,0.29231246125232485,7,7,9,9,10,10,12
2006,3,3_35,CORDILLERA,TOBATI,0.3870967741935484,0.39609120521172636,0.37844611528822053,3131,1212,48,11,5,2,9,13,0.22916666666666666,0.10416666666666667,0.041666666666666664,0.1875,0.2708333333333333,44.229166666666664,4,1,0,0.25,0,41.5,11791,9.375091807576673,0.26554151471461285,3,5,6,6,8,8,11
2006,3,3_37,CORDILLERA,VALENZUELA,0.47155812036273703,0.46598639455782315,0.4768,1213,572,27,13,11,4,9,8,0.48148148148148145,0.4074074074074074,0.14814814814814814,0.3333333333333333,0.2962962962962963,40.851851851851855,3,1,0,0.3333333333333333,0,43.666666666666664,4276,8.360773272144936,0.28367633302151546,9,11,11,11,11,12,13
2006,4,4_0,GUAIRA,VILLARRICA,0.6100489106269453,0.6313475489118487,0.588261749494041,8996,5488,60,11,5,1,10,16,0.18333333333333332,0.08333333333333333,0.016666666666666666,0.16666666666666666,0.26666666666666666,47.5,2,1,0,0.5,0,36,30534,10.326596095816887,0.29462238815746383,4,5,7,9,9,10,11
2006,4,4_1,GUAIRA,BORJA,0.449938195302843,0.47041420118343197,0.43524416135881105,1618,728,27,7,5,4,3,8,0.25925925925925924,0.18518518518518517,0.14814814814814814,0.1111111111111111,0.2962962962962963,43.18518518518518,3,2,0,0.6666666666666666,0,31.666666666666668,5116,8.540128162698734,0.31626270523846756,4,5,6,7,7,7,7
2006,4,4_3,GUAIRA,CAPITAN MAURICIO JOSE TROCHE,0.4915254237288136,0.5205655526992288,0.4638036809815951,1593,783,27,10,5,3,7,8,0.37037037037037035,0.18518518518518517,0.1111111111111111,0.25925925925925924,0.2962962962962963,41.111111111111114,3,1,1,0.3333333333333333,0.3333333333333333,43.666666666666664,4999,8.51699317141357,0.3186637327465493,4,5,7,9,10,10,10
2006,4,4_5,GUAIRA,CORONEL MARTINEZ,0.5432937181663837,0.5514184397163121,0.5358306188925082,1178,640,36,11,4,2,9,11,0.3055555555555556,0.1111111111111111,0.05555555555555555,0.25,0.3055555555555556,42.80555555555556,2,1,1,0.5,0.5,40.5,4288,8.363575702750637,0.27472014925373134,4,4,6,6,9,10,11
2006,4,4_7,GUAIRA,DOCTOR BOTRELL,0.494949494949495,0.4796747967479675,0.5057471264367817,297,147,36,12,6,1,11,6,0.3333333333333333,0.16666666666666666,0.027777777777777776,0.3055555555555556,0.16666666666666666,45.05555555555556,2,1,0,0.5,0,41,992,6.899723107284872,0.29939516129032256,5,6,7,9,10,12,12
2006,4,4_9,GUAIRA,FELIX PEREZ CARDOZO,0.49645390070921985,0.48975409836065575,0.503006012024048,987,490,27,7,4,2,5,5,0.25925925925925924,0.14814814814814814,0.07407407407407407,0.18518518518518517,0.18518518518518517,47.44444444444444,3,2,2,0.6666666666666666,0.6666666666666666,38,3310,8.104703468371108,0.29818731117824776,4,4,5,5,5,5,7
2006,4,4_11,GUAIRA,GENERAL EUGENIO ALEJANDRINO GARAY,0.4775707384403037,0.5158227848101266,0.4479804161566707,1449,692,36,9,4,4,5,6,0.25,0.1111111111111111,0.1111111111111111,0.1388888888888889,0.16666666666666666,45.19444444444444,3,1,1,0.3333333333333333,0.3333333333333333,43.333333333333336,4530,8.41847721847708,0.31986754966887415,4,4,5,7,8,9,9
2006,4,4_13,GUAIRA,INDEPENDENCIA,0.5376951179010295,0.5328746177370031,0.541397533763946,3011,1619,48,10,7,5,5,13,0.20833333333333334,0.14583333333333334,0.10416666666666667,0.10416666666666667,0.2708333333333333,42.166666666666664,3,1,1,0.3333333333333333,0.3333333333333333,37,10571,9.265869681768663,0.2848358717245294,7,7,8,8,9,10,10
2006,4,4_15,GUAIRA,ITAPE,0.5454545454545454,0.5839793281653747,0.5158730158730159,891,486,27,4,2,2,2,5,0.14814814814814814,0.07407407407407407,0.07407407407407407,0.07407407407407407,0.18518518518518517,49.96296296296296,2,0,0,0,0,58,3106,8.041091003708633,0.28686413393432064,2,2,2,2,2,2,4
2006,4,4_17,GUAIRA,ITURBE,0.4206948640483384,0.4473684210526316,0.4005305039787798,1324,557,36,16,9,4,12,12,0.4444444444444444,0.25,0.1111111111111111,0.3333333333333333,0.3333333333333333,39.44444444444444,3,2,0,0.6666666666666666,0,36,5350,8.584851839890053,0.2474766355140187,7,9,9,12,13,13,16
2006,4,4_19,GUAIRA,JOSE FASSARDI,0.6445714285714286,0.662269129287599,0.6310483870967742,875,564,45,12,8,1,11,15,0.26666666666666666,0.17777777777777778,0.022222222222222223,0.24444444444444444,0.3333333333333333,40.644444444444446,4,1,0,0.25,0,48.5,2825,7.946263643580541,0.30973451327433627,8,8,8,8,9,11,12
2006,4,4_21,GUAIRA,MBOCAYATY DEL GUAIRA,0.5761245674740484,0.6027633851468048,0.5493934142114385,1156,666,27,11,9,5,6,8,0.4074074074074074,0.3333333333333333,0.18518518518518517,0.2222222222222222,0.2962962962962963,40.407407407407405,2,0,0,0,0,58.5,3894,8.267192185932146,0.2968669748330765,8,9,9,11,11,11,11
2006,4,4_23,GUAIRA,NATALICIO TALAVERA,0.5533536585365854,0.5824915824915825,0.5292479108635098,656,363,36,3,2,2,1,9,0.08333333333333333,0.05555555555555555,0.05555555555555555,0.027777777777777776,0.25,49.583333333333336,3,1,0,0.3333333333333333,0,46.666666666666664,2333,7.75491027202143,0.28118302614659235,2,2,2,2,2,2,3
2006,4,4_25,GUAIRA,ÑUMI,0.5223004694835681,0.5468354430379747,0.5010940919037199,852,445,27,8,6,2,6,7,0.2962962962962963,0.2222222222222222,0.07407407407407407,0.2222222222222222,0.25925925925925924,42.55555555555556,2,0,1,0,0.5,59.5,2581,7.855932199718614,0.3301046106160403,5,6,6,6,7,8,8
2006,4,4_27,GUAIRA,PASO YOBAI,0.3720666161998486,0.37406716417910446,0.37070063694267513,2642,983,36,14,7,6,8,12,0.3888888888888889,0.19444444444444445,0.16666666666666666,0.2222222222222222,0.3333333333333333,38.77777777777778,3,0,0,0,0,49.666666666666664,8753,9.077151777732437,0.3018393693590769,7,7,7,10,12,13,14
2006,4,4_29,GUAIRA,SAN SALVADOR,0.603125,0.6585365853658537,0.5580736543909348,640,386,27,6,2,2,4,6,0.2222222222222222,0.07407407407407407,0.07407407407407407,0.14814814814814814,0.2222222222222222,49.55555555555556,2,0,0,0,0,44,2128,7.662937850461535,0.3007518796992481,1,2,2,3,3,4,6
2006,4,4_31,GUAIRA,YATAITY DEL GUAIRA,0.6386363636363637,0.6697892271662763,0.609271523178808,880,562,45,15,9,7,8,19,0.3333333333333333,0.2,0.15555555555555556,0.17777777777777778,0.4222222222222222,42.37777777777778,2,1,0,0.5,0,45.5,2980,7.9996785794994505,0.2953020134228188,8,9,10,12,13,14,15
2006,5,5_0,CAAGUAZU,CORONEL OVIEDO,0.5371870397643593,0.5579133510167993,0.5164851339417132,13580,7295,48,20,11,6,14,14,0.4166666666666667,0.22916666666666666,0.125,0.2916666666666667,0.2916666666666667,40.270833333333336,3,2,0,0.6666666666666666,0,35.333333333333336,46748,10.752526753053047,0.2904937109608967,9,11,13,14,16,18,20
2006,5,5_1,CAAGUAZU,3 DE FEBRERO,0.5015105740181269,0.5080763582966226,0.49691991786447637,1655,830,36,6,3,1,5,4,0.16666666666666666,0.08333333333333333,0.027777777777777776,0.1388888888888889,0.1111111111111111,45.75,3,1,2,0.3333333333333333,0.6666666666666666,39.333333333333336,4934,8.503905297089302,0.3354276449128496,3,3,3,3,4,6,6
2006,5,5_3,CAAGUAZU,CAAGUAZU,0.31371614645381624,0.3056918547595682,0.3212907210128146,12591,3950,57,10,6,5,5,18,0.17543859649122806,0.10526315789473684,0.08771929824561403,0.08771929824561403,0.3157894736842105,43.36842105263158,4,1,0,0.25,0,44,44998,10.714373323320329,0.2798124361082715,6,6,6,9,10,10,10
2006,5,5_5,CAAGUAZU,CARAYAO,0.5570362473347548,0.563231850117096,0.5518590998043053,1876,1045,48,13,10,4,9,12,0.2708333333333333,0.20833333333333334,0.08333333333333333,0.1875,0.25,42.333333333333336,2,1,0,0.5,0,34.5,6454,8.772455372611907,0.29067245119305857,9,10,12,13,13,13,13
2006,5,5_7,CAAGUAZU,DOCTOR CECILIO BAEZ,0.4581589958158996,0.43665158371040724,0.4766536964980545,956,438,36,10,5,2,8,11,0.2777777777777778,0.1388888888888889,0.05555555555555555,0.2222222222222222,0.3055555555555556,42.166666666666664,2,0,0,0,0,47.5,3153,8.056109659545061,0.30320329844592453,3,5,6,8,9,9,10
2006,5,5_9,CAAGUAZU,DOCTOR JOSE EULOGIO ESTIGARRIBIA,0.5278303672851192,0.5526315789473685,0.5066666666666667,2641,1394,48,20,16,4,16,11,0.4166666666666667,0.3333333333333333,0.08333333333333333,0.3333333333333333,0.22916666666666666,40.395833333333336,2,0,0,0,0,45.5,8998,9.104757609401117,0.2935096688152923,13,16,17,17,18,19,20
2006,5,5_11,CAAGUAZU,DOCTOR JUAN MANUEL FRUTOS,0.41154562383612664,0.4412811387900356,0.38855255916345627,3222,1326,33,6,4,2,4,7,0.18181818181818182,0.12121212121212122,0.06060606060606061,0.12121212121212122,0.21212121212121213,44.90909090909091,2,1,0,0.5,0,40,10807,9.287949351303165,0.2981400943832701,4,4,5,6,6,6,6
2006,5,5_13,CAAGUAZU,JOSE DOMINGO OCAMPOS,0.5280373831775701,0.5302752293577981,0.5263870094722598,1284,678,18,5,2,1,4,4,0.2777777777777778,0.1111111111111111,0.05555555555555555,0.2222222222222222,0.2222222222222222,41.05555555555556,2,0,0,0,0,37,4189,8.340217320947035,0.30651706851277155,1,2,3,3,3,3,5
2006,5,5_15,CAAGUAZU,LA PASTORA,0.5656934306569343,0.5264550264550265,0.5990990990990991,822,465,36,11,5,3,8,6,0.3055555555555556,0.1388888888888889,0.08333333333333333,0.2222222222222222,0.16666666666666666,42.611111111111114,3,1,0,0.3333333333333333,0,46,2510,7.828038032125829,0.32749003984063746,5,5,5,6,8,10,11
2006,5,5_17,CAAGUAZU,MARISCAL FRANCISCO SOLANO LOPEZ,0.4647887323943662,0.4745762711864407,0.4578313253012048,426,198,27,8,5,6,2,7,0.2962962962962963,0.18518518518518517,0.2222222222222222,0.07407407407407407,0.25925925925925924,41.111111111111114,3,0,0,0,0,47,1733,7.457609289715606,0.24581650317368725,5,5,6,6,7,8,8
2006,5,5_19,CAAGUAZU,NUEVA LONDRES,0.6986301369863014,0.7209302325581395,0.6778846153846154,803,561,36,17,12,8,9,13,0.4722222222222222,0.3333333333333333,0.2222222222222222,0.25,0.3611111111111111,41.916666666666664,2,0,0,0,0,58.5,2854,7.956476798036782,0.2813594954449895,11,12,13,16,17,17,17
2006,5,5_21,CAAGUAZU,RI 3 CORRALES,0.4022203245089667,0.38526315789473686,0.41379310344827586,1171,471,27,6,2,2,4,8,0.2222222222222222,0.07407407407407407,0.07407407407407407,0.14814814814814814,0.2962962962962963,42.888888888888886,3,0,0,0,0,43,3749,8.229244416735913,0.31234995998933046,2,2,2,3,6,6,6
2006,5,5_23,CAAGUAZU,RAUL ARSENIO OVIEDO,0.39232053422370616,0.3857707509881423,0.39710982658959537,2995,1175,48,13,7,6,7,13,0.2708333333333333,0.14583333333333334,0.125,0.14583333333333334,0.2708333333333333,41.895833333333336,3,1,0,0.3333333333333333,0,43.333333333333336,9335,9.141526055975824,0.3208355650776647,5,7,7,7,9,11,13
2006,5,5_25,CAAGUAZU,REPATRIACION,0.3328995314940135,0.33578292820802713,0.3304389773275446,3842,1279,48,15,8,4,11,12,0.3125,0.16666666666666666,0.08333333333333333,0.22916666666666666,0.25,44.25,3,0,1,0,0.3333333333333333,53.333333333333336,13290,9.494767151707292,0.2890895410082769,8,8,8,10,12,14,15
2006,5,5_27,CAAGUAZU,SAN JOAQUIN,0.39324487334137515,0.40499306518723993,0.384204909284952,1658,652,45,13,7,6,7,14,0.28888888888888886,0.15555555555555556,0.13333333333333333,0.15555555555555556,0.3111111111111111,41.84444444444444,4,0,0,0,0,50.5,6213,8.734399150063695,0.26685981007564785,6,7,7,8,9,12,13
2006,5,5_29,CAAGUAZU,SAN JOSE DE LOS ARROYOS,0.4987118145012882,0.5132605304212169,0.4857142857142857,2717,1355,48,13,9,2,11,14,0.2708333333333333,0.1875,0.041666666666666664,0.22916666666666666,0.2916666666666667,45.166666666666664,2,0,0,0,0,56.5,9105,9.116578992161708,0.2984074684239429,6,9,9,9,11,12,13
2006,5,5_31,CAAGUAZU,SANTA ROSA DEL MBUTUY,0.512983831455169,0.4940796555435953,0.5287769784172662,2041,1047,18,6,2,3,3,5,0.3333333333333333,0.1111111111111111,0.16666666666666666,0.16666666666666666,0.2777777777777778,41.666666666666664,2,1,0,0.5,0,37.5,6795,8.823942326585245,0.30036791758646064,2,2,2,2,4,6,6
2006,5,5_33,CAAGUAZU,SIMON BOLIVAR,0.6065950920245399,0.619281045751634,0.5953757225433526,1304,791,27,8,4,2,6,6,0.2962962962962963,0.14814814814814814,0.07407407407407407,0.2222222222222222,0.2222222222222222,41.77777777777778,3,2,0,0.6666666666666666,0,36.333333333333336,3729,8.22389538017882,0.3496916063287745,4,4,6,7,7,8,8
2006,5,5_35,CAAGUAZU,VAQUERIA,0.5012094823415578,0.5040183696900115,0.4991638795986622,2067,1036,45,11,7,2,9,6,0.24444444444444444,0.15555555555555556,0.044444444444444446,0.2,0.13333333333333333,41.75555555555555,4,0,0,0,0,41.5,6565,8.789507786736896,0.31485148514851485,5,7,8,9,10,10,11
2006,5,5_37,CAAGUAZU,YHU,0.4195772058823529,0.39724454649827784,0.43448275862068964,2176,913,48,14,7,3,11,9,0.2916666666666667,0.14583333333333334,0.0625,0.22916666666666666,0.1875,42.770833333333336,4,1,1,0.25,0.25,42.25,8174,9.008713664124222,0.26620993393687303,5,7,7,8,9,11,14
2006,6,6_0,CAAZAPA,CAAZAPA,0.47073726881175576,0.4910432033719705,0.45192776964372866,3947,1858,60,25,14,5,20,15,0.4166666666666667,0.23333333333333334,0.08333333333333333,0.3333333333333333,0.25,42.36666666666667,3,1,0,0.3333333333333333,0,34.333333333333336,12833,9.4597752572444609,0.30756643029689085,12,14,17,19,20,21,25
2006,6,6_1,CAAZAPA,ABAI,0.5711762628046627,0.5915254237288136,0.5566323440339188,2831,1617,48,11,4,3,8,10,0.22916666666666666,0.08333333333333333,0.0625,0.16666666666666666,0.20833333333333334,43.833333333333336,3,1,0,0.3333333333333333,0,33,9088,9.114710140960932,0.31150968309859156,4,4,5,7,7,9,11
2006,6,6_3,CAAZAPA,BUENA VISTA,0.6431254695717505,0.6596858638743456,0.6306068601583114,1331,856,27,9,5,3,6,7,0.3333333333333333,0.18518518518518517,0.1111111111111111,0.2222222222222222,0.25925925925925924,43.18518518518518,2,0,0,0,0,47,4010,8.296546520300614,0.3319201995012469,4,5,6,6,6,7,9
2006,6,6_5,CAAZAPA,DOCTOR SANTIAGO MOISES BERTONI,0.3470993117010816,0.3504273504273504,0.3442622950819672,1017,353,18,7,6,4,3,7,0.3888888888888889,0.3333333333333333,0.2222222222222222,0.16666666666666666,0.3888888888888889,44.22222222222222,2,1,1,0.5,0.5,46.5,2922,7.980023592310645,0.3480492813141684,4,6,7,7,7,7,7
2006,6,6_7,CAAZAPA,FULGENCIO YEGROS,0.5619047619047619,0.5843137254901961,0.5441860465116279,1155,649,27,5,2,2,3,7,0.18518518518518517,0.07407407407407407,0.07407407407407407,0.1111111111111111,0.25925925925925924,47.48148148148148,3,1,0,0.3333333333333333,0,43,4091,8.316544717929398,0.28232705939868,2,2,2,2,3,4,5
2006,6,6_9,CAAZAPA,GENERAL HIGINIO MORINIGO,0.5918544194107452,0.6160164271047228,0.5742128935532234,1154,683,18,6,6,1,5,4,0.3333333333333333,0.3333333333333333,0.05555555555555555,0.2777777777777778,0.2222222222222222,42.611111111111114,2,0,0,0,0,41.5,3474,8.153061946801051,0.33218192285549797,5,6,6,6,6,6,6
2006,6,6_11,CAAZAPA,MACIEL,0.3207762557077626,0.3161764705882353,0.3247863247863248,876,281,27,6,6,0,6,5,0.2222222222222222,0.2222222222222222,0,0.2222222222222222,0.18518518518518517,47.48148148148148,3,1,0,0.3333333333333333,0,45,2666,7.888334500738654,0.3285821455363841,5,6,6,6,6,6,6
2006,6,6_13,CAAZAPA,SAN JUAN NEPOMUCENO,0.38821237213833415,0.40460526315789475,0.37510955302366344,4106,1594,36,9,7,2,7,9,0.25,0.19444444444444445,0.05555555555555555,0.19444444444444445,0.25,43.361111111111114,3,0,0,0,0,45.333333333333336,14352,9.571644584298577,0.28609253065774803,5,7,8,9,9,9,9
2006,6,6_15,CAAZAPA,TAVAI,0.3772663877266388,0.3935810810810811,0.3657957244655582,1434,541,36,10,3,2,8,4,0.2777777777777778,0.08333333333333333,0.05555555555555555,0.2222222222222222,0.1111111111111111,43.388888888888886,4,2,0,0.5,0,40.5,5066,8.53030683056162,0.28306356099486774,3,3,5,6,8,8,10
2006,6,6_17,CAAZAPA,YUTY,0.34644595910418696,0.37722095671981776,0.32346938775510203,5135,1779,48,21,12,3,18,9,0.4375,0.25,0.0625,0.375,0.1875,41.270833333333336,3,1,0,0.3333333333333333,0,37,17267,9.75655244441243,0.2973880813111716,11,12,13,17,20,20,21
2006,7,7_0,ITAPUA,ENCARNACION,0.38813395708027026,0.39702127659574465,0.3783699548075425,13467,5227,96,21,10,4,17,33,0.21875,0.10416666666666667,0.041666666666666664,0.17708333333333334,0.34375,44.59375,4,0,1,0,0.25,50.25,49973,10.819238138557774,0.26948552218197824,6,10,12,14,17,20,21
2006,7,7_1,ITAPUA,ALTO VERA,0.33064516129032256,0.3268398268398268,0.3329048843187661,1240,410,35,12,8,3,9,7,0.34285714285714286,0.22857142857142856,0.08571428571428572,0.2571428571428571,0.2,42.371428571428574,3,1,1,0.3333333333333333,0.3333333333333333,42.333333333333336,4498,8.411388132519262,0.2756780791462872,7,8,9,10,11,12,12
2006,7,7_3,ITAPUA,BELLA VISTA,0.5044035228182546,0.5215889464594128,0.48955223880597015,1249,630,48,10,3,3,7,13,0.20833333333333334,0.0625,0.0625,0.14583333333333334,0.2708333333333333,45.520833333333336,2,0,0,0,0,42.5,4596,8.432941638968646,0.2717580504786771,3,3,3,4,5,8,10
2006,7,7_5,ITAPUA,CAMBYRETA,0.32449544914918876,0.34092634776006076,0.3066115702479339,2527,820,48,11,5,7,4,13,0.22916666666666666,0.10416666666666667,0.14583333333333334,0.08333333333333333,0.2708333333333333,44.604166666666664,2,0,0,0,0,44,9323,9.140239744296693,0.2710500911723694,5,5,5,6,7,9,11
2006,7,7_7,ITAPUA,CAPITAN MEZA,0.3806600153491942,0.35906040268456374,0.3988684582743989,1303,496,36,7,6,3,4,9,0.19444444444444445,0.16666666666666666,0.08333333333333333,0.1111111111111111,0.25,43.416666666666664,2,1,0,0.5,0,36.5,4697,8.454679286026995,0.27741111347668723,6,6,7,7,7,7,7
2006,7,7_9,ITAPUA,CAPITAN MIRANDA,0.39841688654353563,0.39492753623188404,0.4017094017094017,1137,453,27,6,4,3,3,8,0.2222222222222222,0.14814814814814814,0.1111111111111111,0.1111111111111111,0.2962962962962963,44.96296296296296,3,0,0,0,0,53.333333333333336,4605,8.434897948689407,0.2469055374592834,3,4,6,6,6,6,6
2006,7,7_11,ITAPUA,CARLOS ANTONIO LOPEZ,0.44854469854469853,0.4568210262828536,0.44266666666666665,1924,863,48,15,7,4,11,11,0.3125,0.14583333333333334,0.08333333333333333,0.22916666666666666,0.22916666666666666,40.8125,4,0,0,0,0,43.25,6381,8.761080103868347,0.30152013790941856,6,7,8,9,9,10,15
2006,7,7_13,ITAPUA,CARMEN DEL PARANA,0.5478723404255319,0.5663551401869159,0.5311973018549747,1128,618,36,7,5,1,6,9,0.19444444444444445,0.1388888888888889,0.027777777777777776,0.16666666666666666,0.25,48.083333333333336,2,1,0,0.5,0,38.5,3885,8.264878262801748,0.29034749034749036,3,5,5,5,7,7,7
2006,7,7_15,ITAPUA,CORONEL BOGADO,0.48730579765062526,0.5312259059367772,0.44485842026825634,2639,1286,48,9,5,2,7,14,0.1875,0.10416666666666667,0.041666666666666664,0.14583333333333334,0.2916666666666667,45.625,3,0,0,0,0,52.666666666666664,9951,9.205428327615163,0.2651994774394533,3,5,7,8,8,9,9
2006,7,7_17,ITAPUA,EDELIRA,0.2132564841498559,0.23190546528803546,0.1989824759751272,3123,666,60,13,6,4,9,13,0.21666666666666667,0.1,0.06666666666666667,0.15,0.21666666666666667,43.516666666666666,5,0,1,0,0.2,44.8,10381,9.247732491193245,0.3008380695501397,6,6,9,10,10,12,13
2006,7,7_19,ITAPUA,FRAM,0.521889400921659,0.547911547911548,0.49891540130151846,868,453,48,12,7,5,7,12,0.25,0.14583333333333334,0.10416666666666667,0.14583333333333334,0.25,44.854166666666664,3,0,1,0,0.3333333333333333,53.666666666666664,3717,8.220672170297252,0.2335216572504708,5,7,7,9,10,10,12
2006,7,7_21,ITAPUA,GENERAL ARTIGAS,0.39660056657223797,0.4316455696202532,0.3682051282051282,1765,700,48,12,7,5,7,14,0.25,0.14583333333333334,0.10416666666666667,0.14583333333333334,0.2916666666666667,45.770833333333336,4,0,2,0,0.5,51.5,6824,8.828201089171515,0.25864595545134816,7,7,7,8,10,11,12
2006,7,7_23,ITAPUA,GENERAL DELGADO,0.39783978397839787,0.4367816091954023,0.3633276740237691,1111,442,18,6,5,3,3,6,0.3333333333333333,0.2777777777777778,0.16666666666666666,0.16666666666666666,0.3333333333333333,41.5,2,1,0,0.5,0,32.5,4168,8.335191583433202,0.2665547024952015,4,5,5,6,6,6,6
2006,7,7_25,ITAPUA,HOHENAU,0.5789895749799518,0.5674418604651162,0.5913621262458472,1247,722,36,9,4,4,5,13,0.25,0.1111111111111111,0.1111111111111111,0.1388888888888889,0.3611111111111111,42.47222222222222,3,0,0,0,0,47.333333333333336,4858,8.488382109562117,0.25668999588307945,3,4,7,7,7,7,9
2006,7,7_27,ITAPUA,ITAPUA POTY,0.3370288248337029,0.3516624040920716,0.3258317025440313,1804,608,36,9,8,6,3,8,0.25,0.2222222222222222,0.16666666666666666,0.08333333333333333,0.2222222222222222,41.69444444444444,3,0,0,0,0,49.333333333333336,5983,8.696677393390031,0.301520976098947,7,8,8,8,9,9,9
2006,7,7_29,ITAPUA,JESUS,0.6666666666666666,0.6467780429594272,0.6849015317286652,876,584,35,12,9,3,9,10,0.34285714285714286,0.2571428571428571,0.08571428571428572,0.2571428571428571,0.2857142857142857,41.42857142857143,2,0,0,0,0,52,3154,8.056426767522984,0.2777425491439442,9,9,9,10,11,11,12
2006,7,7_31,ITAPUA,JOSE LEANDRO OVIEDO,0.48804251550044286,0.49478079331941544,0.48307692307692307,1129,551,18,9,4,4,5,5,0.5,0.2222222222222222,0.2222222222222222,0.2777777777777778,0.2777777777777778,38.833333333333336,2,1,0,0.5,0,40,3116,8.044305406990638,0.36232349165596917,4,4,5,7,7,8,9
2006,7,7_33,ITAPUA,LA PAZ,0.38303341902313626,0.4269005847953216,0.3486238532110092,389,149,18,4,1,1,3,6,0.2222222222222222,0.05555555555555555,0.05555555555555555,0.16666666666666666,0.3333333333333333,41.77777777777778,2,0,0,0,0,46.5,1579,7.364547014255642,0.24635845471817605,0,1,1,1,2,3,4
2006,7,7_35,ITAPUA,MAYOR JULIO DIONISIO OTAÑO,0.5141540487162607,0.5305514157973175,0.5011792452830188,1519,781,36,8,6,0,8,8,0.2222222222222222,0.16666666666666666,0,0.2222222222222222,0.2222222222222222,42.27777777777778,3,0,1,0,0.3333333333333333,44.333333333333336,5416,8.59711281459211,0.2804652880354505,4,6,7,7,7,8,8
2006,7,7_37,ITAPUA,NATALIO,0.3333333333333333,0.3231597845601436,0.3415877640203933,2487,829,36,9,7,3,6,8,0.25,0.19444444444444445,0.08333333333333333,0.16666666666666666,0.2222222222222222,42.361111111111114,3,1,0,0.3333333333333333,0,38.333333333333336,8734,9.074978734045507,0.2847492557820014,6,7,8,8,9,9,9
2006,7,7_39,ITAPUA,NUEVA ALBORADA,0.5504358655043586,0.5630498533724341,0.5411255411255411,803,442,32,6,4,0,6,6,0.1875,0.125,0,0.1875,0.1875,45.90625,2,0,0,0,0,45.5,2901,7.972810784121404,0.2768011030679076,3,4,4,6,6,6,6
2006,7,7_41,ITAPUA,OBLIGADO,0.5181940700808625,0.5333333333333333,0.5050377833753149,1484,769,48,10,6,4,6,14,0.20833333333333334,0.125,0.08333333333333333,0.125,0.2916666666666667,46.604166666666664,4,1,0,0.25,0,42.75,5525,8.617038526385954,0.2685972850678733,6,6,6,8,8,9,10
2006,7,7_43,ITAPUA,PIRAPO,0.4,0.41566265060240964,0.38826185101580135,775,310,36,16,8,3,13,10,0.4444444444444444,0.2222222222222222,0.08333333333333333,0.3611111111111111,0.2777777777777778,38.30555555555556,2,0,0,0,0,48.5,3008,8.00903068506973,0.2576462765957447,7,8,9,12,15,15,16
2006,7,7_45,ITAPUA,SAN COSME Y DAMIAN,0.47724974721941354,0.4978448275862069,0.45904761904761904,989,472,23,5,5,3,2,8,0.21739130434782608,0.21739130434782608,0.13043478260869565,0.08695652173913043,0.34782608695652173,44.21739130434783,2,1,0,0.5,0,44,3520,8.166216268592143,0.28096590909090907,4,5,5,5,5,5,5
2006,7,7_47,ITAPUA,SAN JUAN DEL PARANA,0.5492393915132106,0.5905383360522023,0.5094339622641509,1249,686,60,20,10,8,12,13,0.3333333333333333,0.16666666666666666,0.13333333333333333,0.2,0.21666666666666667,40.06666666666667,3,1,0,0.3333333333333333,0,42,4036,8.3030093814735,0.3094648166501487,10,10,11,13,14,17,20
2006,7,7_49,ITAPUA,SAN PEDRO DEL PARANA,0.29963667450309894,0.3154291732490785,0.2888489208633094,4679,1402,48,11,7,4,7,13,0.22916666666666666,0.14583333333333334,0.08333333333333333,0.14583333333333334,0.2708333333333333,43.875,3,0,0,0,0,45.333333333333336,15120,9.623773649733524,0.30945767195767193,5,7,9,9,9,11,11
2006,7,7_51,ITAPUA,SAN RAFAEL DEL PARANA,0.4905149051490515,0.5200458190148912,0.47129008202833705,2214,1086,48,12,10,3,9,13,0.25,0.20833333333333334,0.0625,0.1875,0.2708333333333333,41.8125,3,0,0,0,0,50,7500,8.922658299524402,0.2952,7,10,11,11,11,11,12
2006,7,7_53,ITAPUA,TOMAS ROMERO PEREIRA,0.25240263024785026,0.2571103526734926,0.24863387978142076,3954,998,48,13,11,4,9,12,0.2708333333333333,0.22916666666666666,0.08333333333333333,0.1875,0.25,42.541666666666664,3,1,0,0.3333333333333333,0,45,12977,9.470933838737231,0.30469291823996303,8,11,11,12,12,12,13
2006,7,7_55,ITAPUA,TRINIDAD,0.5062761506276151,0.5185995623632386,0.49498997995991983,956,484,48,20,14,6,14,17,0.4166666666666667,0.2916666666666667,0.125,0.2916666666666667,0.3541666666666667,40.729166666666664,4,1,0,0.25,0,38.25,3323,8.108623268354595,0.28769184471862774,10,14,16,17,18,18,20
2006,7,7_57,ITAPUA,YATYTAY,0.3768920282542886,0.3766968325791855,0.3770491803278688,1982,747,48,23,12,6,17,13,0.4791666666666667,0.25,0.125,0.3541666666666667,0.2708333333333333,38.979166666666664,2,0,0,0,0,48.5,6090,8.714403360703942,0.32545155993431857,12,12,15,18,22,22,23
2006,8,8_0,MISIONES,SAN JUAN BAUTISTA,0.6407821229050279,0.6707511987213639,0.6077510275983559,3580,2294,48,21,11,8,13,16,0.4375,0.22916666666666666,0.16666666666666666,0.2708333333333333,0.3333333333333333,39.083333333333336,3,1,0,0.3333333333333333,0,45.666666666666664,10835,9.29053691397046,0.3304107060452238,9,11,13,16,18,19,21
2006,8,8_1,MISIONES,AYOLAS,0.4893854748603352,0.4988962472406181,0.4796380090497738,2685,1314,47,14,8,6,8,14,0.2978723404255319,0.1702127659574468,0.1276595744680851,0.1702127659574468,0.2978723404255319,42.744680851063826,3,1,0,0.3333333333333333,0,39,8340,9.028818495352793,0.32194244604316546,7,8,9,9,11,13,14
2006,8,8_3,MISIONES,SAN IGNACIO,0.40427013228127173,0.41778601204261234,0.39069767441860465,4309,1742,60,14,11,3,11,17,0.23333333333333334,0.18333333333333332,0.05,0.18333333333333332,0.2833333333333333,44.583333333333336,3,0,0,0,0,48,14510,9.582593345878234,0.2969676085458305,10,11,11,12,12,14,14
2006,8,8_5,MISIONES,SAN MIGUEL,0.4221411192214112,0.44274809160305345,0.40326340326340326,822,347,27,7,3,3,4,12,0.25925925925925924,0.1111111111111111,0.1111111111111111,0.14814814814814814,0.4444444444444444,45.55555555555556,3,0,1,0,0.3333333333333333,44.666666666666664,2896,7.971085753505607,0.2838397790055249,3,3,3,5,5,7,7
2006,8,8_7,MISIONES,SAN PATRICIO,0.5819672131147541,0.5571095571095571,0.6070588235294118,854,497,45,15,11,6,9,16,0.3333333333333333,0.24444444444444444,0.13333333333333333,0.2,0.35555555555555557,42.55555555555556,3,1,0,0.3333333333333333,0,42.333333333333336,2696,7.899524472032198,0.3167655786350148,9,11,11,12,12,13,15
2006,8,8_9,MISIONES,SANTA MARIA,0.5514240506329114,0.6050420168067226,0.5037369207772795,1264,697,46,20,13,6,14,16,0.43478260869565216,0.2826086956521739,0.13043478260869565,0.30434782608695654,0.34782608695652173,39.21739130434783,3,1,1,0.3333333333333333,0.3333333333333333,42,4153,8.331586243630754,0.30435829520828317,13,13,13,15,18,19,20
2006,8,8_11,MISIONES,SANTA ROSA,0.3998916282850176,0.43136128661688683,0.3717948717948718,3691,1476,60,25,10,9,16,24,0.4166666666666667,0.16666666666666666,0.15,0.26666666666666666,0.4,41.71666666666667,5,2,0,0.4,0,38,11610,9.359622074691938,0.31791559000861325,8,10,13,17,19,22,25
2006,8,8_13,MISIONES,SANTIAGO,0.5934797072521624,0.6066024759284732,0.5811855670103093,1503,892,48,12,9,5,7,19,0.25,0.1875,0.10416666666666667,0.14583333333333334,0.3958333333333333,46.125,3,0,0,0,0,48.333333333333336,4769,8.469891918298224,0.3151604109876284,7,9,9,10,11,11,12
2006,8,8_15,MISIONES,VILLA FLORIDA,0.6990407673860911,0.6948717948717948,0.7027027027027027,834,583,36,12,7,4,8,14,0.3333333333333333,0.19444444444444445,0.1111111111111111,0.2222222222222222,0.3888888888888889,39.75,4,1,1,0.25,0.25,44,2440,7.799753318287247,0.3418032786885246,7,7,8,9,10,11,12
2006,8,8_17,MISIONES,YABEBYRY,0.5148861646234676,0.5617977528089888,0.47368421052631576,571,294,36,13,7,5,8,10,0.3611111111111111,0.19444444444444445,0.1388888888888889,0.2222222222222222,0.2777777777777778,43.166666666666664,3,1,1,0.3333333333333333,0.3333333333333333,49.666666666666664,2012,7.60688453121963,0.2837972166998012,7,7,7,8,9,10,13
2006,9,9_0,PARAGUARI,PARAGUARI,0.49169822312845907,0.5347144456886898,0.44505160898603524,3433,1688,48,13,9,2,11,11,0.2708333333333333,0.1875,0.041666666666666664,0.22916666666666666,0.22916666666666666,47.083333333333336,1,0,0,0,0,37,11372,9.33890947277089,0.30188181498417166,7,9,10,11,12,13,13
2006,9,9_1,PARAGUARI,ACAHAY,0.38986854761141393,0.4077401520387008,0.37440191387559807,3119,1216,45,19,11,7,12,13,0.4222222222222222,0.24444444444444444,0.15555555555555556,0.26666666666666666,0.28888888888888886,41.28888888888889,4,0,0,0,0,48,10117,9.22197245620589,0.3082929722249679,9,11,12,15,16,18,19
2006,9,9_3,PARAGUARI,CAAPUCU,0.4737762237762238,0.5028462998102466,0.44894651539708263,1144,542,48,12,5,8,4,22,0.25,0.10416666666666667,0.16666666666666666,0.08333333333333333,0.4583333333333333,44.833333333333336,3,1,2,0.3333333333333333,0.6666666666666666,43.666666666666664,4377,8.384118837190895,0.2613662325793923,5,5,6,8,8,10,12
2006,9,9_5,PARAGUARI,CARAPEGUA,0.4346875569320459,0.47639318885448917,0.39759036144578314,5489,2386,60,24,13,5,19,17,0.4,0.21666666666666667,0.08333333333333333,0.31666666666666665,0.2833333333333333,39.28333333333333,3,1,0,0.3333333333333333,0,47.666666666666664,20192,9.913041765340939,0.2718403328050713,12,13,15,17,19,20,24
2006,9,9_7,PARAGUARI,ESCOBAR,0.37419945105215,0.3747534516765286,0.37372013651877134,1093,409,27,7,2,1,6,6,0.25925925925925924,0.07407407407407407,0.037037037037037035,0.2222222222222222,0.2222222222222222,44.2962962962963,3,0,0,0,0,43,3651,8.202756381655638,0.2993700356066831,2,2,4,5,6,6,7
2006,9,9_9,PARAGUARI,GENERAL BERNARDINO CABALLERO,0.3125,0.32894736842105265,0.3,1408,440,27,8,2,1,7,4,0.2962962962962963,0.07407407407407407,0.037037037037037035,0.25925925925925924,0.14814814814814814,44.407407407407405,2,1,0,0.5,0,38.5,4730,8.46168048148598,0.29767441860465116,2,2,3,4,5,7,8
2006,9,9_11,PARAGUARI,LA COLMENA,0.5267249757045676,0.5187376725838264,0.5344827586206896,1029,542,27,6,0,2,4,7,0.2222222222222222,0,0.07407407407407407,0.14814814814814814,0.25925925925925924,46,2,1,0,0.5,0,36,3807,8.244596756382498,0.2702915681639086,0,0,2,3,5,6,6
2006,9,9_13,PARAGUARI,MBUYAPEY,0.38095238095238093,0.37702871410736577,0.38414634146341464,1785,680,36,17,10,3,14,9,0.4722222222222222,0.2777777777777778,0.08333333333333333,0.3888888888888889,0.25,41.888888888888886,3,1,0,0.3333333333333333,0,40.666666666666664,6307,8.749415406663651,0.2830188679245283,7,10,13,15,17,17,17
2006,9,9_15,PARAGUARI,PIRAYU,0.469215291750503,0.5088852988691438,0.429831595829992,2485,1166,36,13,9,6,7,12,0.3611111111111111,0.25,0.16666666666666666,0.19444444444444445,0.3333333333333333,41.166666666666664,4,0,0,0,0,50.75,9116,9.117786390365575,0.2725976305397104,7,9,10,11,12,12,13
2006,9,9_17,PARAGUARI,QUIINDY,0.4593724859211585,0.46230049532195927,0.45658995815899583,3729,1713,48,15,8,5,10,16,0.3125,0.16666666666666666,0.10416666666666667,0.20833333333333334,0.3333333333333333,43.125,3,0,0,0,0,43.333333333333336,12612,9.442404020664952,0.2956707897240723,8,8,11,12,13,15,15
2006,9,9_19,PARAGUARI,QUYQUYHO,0.3941398865784499,0.4228187919463087,0.37315875613747956,1058,417,27,2,2,0,2,5,0.07407407407407407,0.07407407407407407,0,0.07407407407407407,0.18518518518518517,51.629629629629626,2,0,1,0,0.5,49.5,4089,8.316055720364643,0.25874296894106136,2,2,2,2,2,2,2
2006,9,9_21,PARAGUARI,SAN ROQUE GONZALEZ DE SANTACRUZ,0.46153846153846156,0.47711511789181693,0.44815256257449343,1560,720,36,9,7,0,9,5,0.25,0.19444444444444445,0,0.25,0.1388888888888889,43.361111111111114,3,1,1,0.3333333333333333,0.3333333333333333,47,6109,8.717518372649767,0.25536094287117367,6,7,7,8,8,8,9
2006,9,9_23,PARAGUARI,SAPUCAI,0.444,0.47735191637630664,0.4156804733727811,1250,555,27,7,5,3,4,7,0.25925925925925924,0.18518518518518517,0.1111111111111111,0.14814814814814814,0.25925925925925924,42,3,1,1,0.3333333333333333,0.3333333333333333,38.666666666666664,4210,8.345217926676428,0.29691211401425177,4,5,5,6,7,7,7
2006,9,9_25,PARAGUARI,TEBICUARYMI,0.5561426684280053,0.5689149560117303,0.5456730769230769,757,421,27,4,1,0,4,4,0.14814814814814814,0.037037037037037035,0,0.14814814814814814,0.14814814814814814,45.77777777777778,3,0,0,0,0,50,2512,7.828834527588089,0.3013535031847134,1,1,2,4,4,4,4
2006,9,9_27,PARAGUARI,YAGUARON,0.5074131445009958,0.5476297968397291,0.46875,4519,2293,48,15,11,4,11,16,0.3125,0.22916666666666666,0.08333333333333333,0.22916666666666666,0.3333333333333333,41.208333333333336,3,1,1,0.3333333333333333,0.3333333333333333,42.666666666666664,15951,9.677276802172448,0.28330512193592877,9,11,11,11,11,13,15
2006,9,9_29,PARAGUARI,YBYCUI,0.4572661870503597,0.46878901373283394,0.44741057127602774,3475,1589,36,8,6,3,5,9,0.2222222222222222,0.16666666666666666,0.08333333333333333,0.1388888888888889,0.25,44.05555555555556,3,1,1,0.3333333333333333,0.3333333333333333,43.333333333333336,12050,9.396819938918801,0.2883817427385892,4,6,6,6,6,7,8
2006,9,9_31,PARAGUARI,YBYTYMI,0.5276190476190477,0.5665236051502146,0.4965753424657534,1050,554,27,8,5,2,6,7,0.2962962962962963,0.18518518518518517,0.07407407407407407,0.2222222222222222,0.25925925925925924,44.074074074074076,2,0,1,0,0.5,48,3666,8.20685642839965,0.2864157119476268,4,5,6,8,8,8,8
2006,10,10_0,ALTO PARANA,CIUDAD DEL ESTE,0.4347452934662237,0.43323918701888464,0.43625089962907604,36120,15703,168,52,36,12,40,40,0.30952380952380953,0.21428571428571427,0.07142857142857142,0.23809523809523808,0.23809523809523808,41.75,4,1,0,0.25,0,38.5,119309,11.689472045307607,0.3027432968175075,33,36,40,42,45,50,52
2006,10,10_1,ALTO PARANA,DOCTOR JUAN LEON MALLORQUIN,0.5153443113772455,0.484621778886118,0.540503744043567,2672,1377,18,9,4,5,4,7,0.5,0.2222222222222222,0.2777777777777778,0.2222222222222222,0.3888888888888889,39.333333333333336,2,1,0,0.5,0,43.5,8741,9.075779878580487,0.30568584830110973,3,4,5,6,7,8,9
2006,10,10_3,ALTO PARANA,DOMINGO MARTINEZ DE IRALA,0.4897119341563786,0.5186915887850467,0.46691176470588236,972,476,18,7,3,3,4,5,0.3888888888888889,0.16666666666666666,0.16666666666666666,0.2222222222222222,0.2777777777777778,41.166666666666664,2,0,0,0,0,43.5,2983,8.000684784514748,0.3258464632919879,2,3,3,3,3,7,7
2006,10,10_5,ALTO PARANA,HERNANDARIAS,0.4316314158695945,0.4348305318269496,0.42857142857142855,7423,3204,72,20,8,7,13,17,0.2777777777777778,0.1111111111111111,0.09722222222222222,0.18055555555555555,0.2361111111111111,41.47222222222222,3,0,0,0,0,46,24670,10.113343209523402,0.30089177138224565,8,8,9,12,13,17,20
2006,10,10_7,ALTO PARANA,IRUÑA,0.4115898959881129,0.42574257425742573,0.4,673,277,36,13,9,6,7,9,0.3611111111111111,0.25,0.16666666666666666,0.19444444444444445,0.25,38.77777777777778,2,0,0,0,0,53.5,2344,7.759614150696903,0.2871160409556314,6,9,9,11,12,13,13
2006,10,10_9,ALTO PARANA,ITAKYRY,0.4576763485477178,0.49853085210577863,0.42764578833693306,2410,1103,36,10,5,2,8,7,0.2777777777777778,0.1388888888888889,0.05555555555555555,0.2222222222222222,0.19444444444444445,44.5,2,1,0,0.5,0,39.5,8661,9.066585468331045,0.27825886156332985,4,5,5,7,7,9,10
2006,10,10_11,ALTO PARANA,JUAN EMILIO O'LEARY,0.36866902237926974,0.362280701754386,0.3738450604122246,2547,939,36,8,6,1,7,7,0.2222222222222222,0.16666666666666666,0.027777777777777776,0.19444444444444445,0.19444444444444445,42.44444444444444,3,0,0,0,0,41,8475,9.044875932248651,0.30053097345132745,5,6,6,6,7,8,8
2006,10,10_13,ALTO PARANA,LOS CEDRALES,0.4170886075949367,0.4232558139534884,0.4128342245989305,1580,659,48,15,8,3,12,10,0.3125,0.16666666666666666,0.0625,0.25,0.20833333333333334,41.416666666666664,2,2,0,1,0,32.5,4213,8.345930261979017,0.3750296700688346,5,8,11,11,14,14,15
2006,10,10_15,ALTO PARANA,MBARACAYU,0.5930735930735931,0.6105610561056105,0.5794871794871795,693,411,30,7,2,2,5,6,0.23333333333333334,0.06666666666666667,0.06666666666666667,0.16666666666666666,0.2,41.13333333333333,3,1,0,0.3333333333333333,0,41.333333333333336,2443,7.8009820712577405,0.2836676217765043,2,2,4,5,6,7,7
2006,10,10_17,ALTO PARANA,MINGA GUAZU,0.36742916558357164,0.36492374727668847,0.3697165589259075,7694,2827,48,17,8,3,14,9,0.3541666666666667,0.16666666666666666,0.0625,0.2916666666666667,0.1875,41.270833333333336,3,1,0,0.3333333333333333,0,36.333333333333336,23187,10.051347055774981,0.3318238668219261,6,8,8,12,15,15,17
2006,10,10_19,ALTO PARANA,MINGA PORA,0.5246636771300448,0.5282685512367491,0.522020725388601,1338,702,72,22,10,7,15,15,0.3055555555555556,0.1388888888888889,0.09722222222222222,0.20833333333333334,0.20833333333333334,42.06944444444444,4,2,0,0.5,0,36,4062,8.30943074214033,0.3293943870014771,8,10,10,14,15,21,22
2006,10,10_21,ALTO PARANA,NARANJAL,0.531858407079646,0.5449101796407185,0.5214626391096979,1130,601,36,11,5,3,8,7,0.3055555555555556,0.1388888888888889,0.08333333333333333,0.2222222222222222,0.19444444444444445,42.19444444444444,2,1,0,0.5,0,37,3908,8.270781013162674,0.28915046059365407,4,5,6,7,8,9,11
2006,10,10_23,ALTO PARANA,ÑACUNDAY,0.4303448275862069,0.46579804560260585,0.4043062200956938,725,312,48,15,4,2,13,15,0.3125,0.08333333333333333,0.041666666666666664,0.2708333333333333,0.3125,42.958333333333336,2,0,0,0,0,47,2524,7.8336002236611035,0.28724247226624405,3,4,5,6,11,14,15
2006,10,10_25,ALTO PARANA,PRESIDENTE FRANCO,0.3921515561569689,0.3914739481749791,0.39279137069192316,7390,2898,84,31,21,9,22,23,0.36904761904761907,0.25,0.10714285714285714,0.2619047619047619,0.27380952380952384,41.20238095238095,4,0,0,0,0,46,24774,10.117549995114146,0.2982966012755308,16,21,21,22,24,28,31
2006,10,10_27,ALTO PARANA,SAN ALBERTO,0.4661949685534591,0.47387387387387386,0.4602510460251046,1272,593,60,20,12,10,10,16,0.3333333333333333,0.2,0.16666666666666666,0.16666666666666666,0.26666666666666666,42.18333333333333,3,0,0,0,0,47,4078,8.3133619511344,0.31191760666993623,12,12,13,13,14,16,20
2006,10,10_29,ALTO PARANA,SAN CRISTOBAL,0.7301587301587301,0.7450110864745011,0.7193548387096774,1071,782,48,18,10,4,14,10,0.375,0.20833333333333334,0.08333333333333333,0.2916666666666667,0.20833333333333334,41.0625,2,0,0,0,0,49.5,3088,8.035278911144667,0.34682642487046633,10,10,11,11,14,16,18
2006,10,10_30,ALTO PARANA,SANTA FE DEL PARANA,0.7724425887265136,0.7665198237885462,0.7777777777777778,479,370,59,24,13,7,17,16,0.4067796610169492,0.22033898305084745,0.11864406779661017,0.288135593220339,0.2711864406779661,39.30508474576271,2,0,0,0,0,48,1326,7.189922170745808,0.361236802413273,12,13,14,17,20,20,24
2006,10,10_31,ALTO PARANA,SANTA RITA,0.6867167919799498,0.6702819956616052,0.700838769804287,1995,1370,48,13,8,3,10,11,0.2708333333333333,0.16666666666666666,0.0625,0.20833333333333334,0.22916666666666666,41.020833333333336,2,0,0,0,0,46.5,5439,8.60135049942296,0.3667953667953668,8,8,10,13,13,13,13
2006,10,10_33,ALTO PARANA,SANTA ROSA DEL MONDAY,0.6019682886823401,0.6051703877790834,0.5991820040899796,1829,1101,36,13,11,4,9,8,0.3611111111111111,0.3055555555555556,0.1111111111111111,0.25,0.2222222222222222,39.611111111111114,2,0,0,0,0,41.5,4974,8.51197962436335,0.36771210293526335,10,11,11,11,13,13,13
2006,10,10_35,ALTO PARANA,YGUAZU,0.5276497695852534,0.5187074829931972,0.5350140056022409,1302,687,27,8,4,1,7,5,0.2962962962962963,0.14814814814814814,0.037037037037037035,0.25925925925925924,0.18518518518518517,42.666666666666664,3,0,0,0,0,48.333333333333336,4213,8.345930261979017,0.3090434369807738,2,4,6,7,7,8,8
2006,11,11_0,CENTRAL,AREGUA,0.4549174544941442,0.48484848484848486,0.42348857390801276,7087,3224,84,30,17,10,20,27,0.35714285714285715,0.20238095238095238,0.11904761904761904,0.23809523809523808,0.32142857142857145,40.54761904761905,4,0,1,0,0.25,55.25,22512,10.02180377935417,0.3148098791755508,13,17,18,22,27,29,30
2006,11,11_1,CENTRAL,CAPIATA,0.368814868452812,0.38371764705882355,0.3531219028741328,20715,7640,60,12,7,2,10,14,0.2,0.11666666666666667,0.03333333333333333,0.16666666666666666,0.23333333333333334,45.06666666666667,4,0,0,0,0,49.5,69276,11.145853804848933,0.2990213060800277,5,7,9,9,10,11,12
2006,11,11_3,CENTRAL,FERNANDO DE LA MORA,0.39918580536139486,0.393427931292009,0.40528146742567994,26038,10394,102,39,23,12,27,40,0.38235294117647056,0.22549019607843138,0.11764705882352941,0.2647058823529412,0.39215686274509803,41.86274509803921,3,2,0,0.6666666666666666,0,34.333333333333336,80890,11.300845486011998,0.3218939300284337,23,23,29,30,32,33,39
2006,11,11_5,CENTRAL,GUARAMBARE,0.546002538071066,0.5493945188017846,0.5426405559065066,3152,1721,47,10,4,4,6,15,0.2127659574468085,0.0851063829787234,0.0851063829787234,0.1276595744680851,0.3191489361702128,45.340425531914896,3,1,0,0.3333333333333333,0,36,10292,9.239122173401634,0.3062572872133696,3,4,4,6,8,9,10
2006,11,11_7,CENTRAL,ITA,0.45741150442477874,0.48407367280606717,0.4296045197740113,9040,4135,78,29,21,10,19,21,0.3717948717948718,0.2692307692307692,0.1282051282051282,0.24358974358974358,0.2692307692307692,41.5,3,0,2,0,0.6666666666666666,44.666666666666664,30062,10.311017194693171,0.30071186215155343,19,21,22,22,23,26,29
2006,11,11_9,CENTRAL,ITAUGUA,0.4112219451371571,0.434326171875,0.38710499490316,8020,3298,84,28,18,13,15,29,0.3333333333333333,0.21428571428571427,0.15476190476190477,0.17857142857142858,0.34523809523809523,40.98809523809524,3,0,0,0,0,45.666666666666664,30356,10.320749470523804,0.2641981815786006,16,18,19,22,23,25,28
2006,11,11_11,CENTRAL,JULIAN AUGUSTO SALDIVAR,0.34211576846307384,0.3580296355626752,0.3263032232391564,5010,1714,72,28,16,7,21,20,0.3888888888888889,0.2222222222222222,0.09722222222222222,0.2916666666666667,0.2777777777777778,41.125,4,1,0,0.25,0,40.5,16675,9.721665870783825,0.30044977511244375,12,16,19,22,22,26,28
2006,11,11_13,CENTRAL,LAMBARE,0.43067546978161503,0.43122074180770614,0.4301014121884182,21659,9328,77,17,10,6,11,29,0.22077922077922077,0.12987012987012986,0.07792207792207792,0.14285714285714285,0.37662337662337664,45.61038961038961,5,0,0,0,0,45.8,70189,11.158946882579238,0.30858111669919785,8,10,11,13,15,17,17
2006,11,11_15,CENTRAL,LIMPIO,0.4838345478805296,0.5099351175993512,0.45707753065890666,9743,4714,84,27,13,15,12,30,0.32142857142857145,0.15476190476190477,0.17857142857142858,0.14285714285714285,0.35714285714285715,40.75,4,1,0,0.25,0,45.75,33366,10.41529269641562,0.2920038362404843,11,13,16,19,20,23,27
2006,11,11_17,CENTRAL,LUQUE,0.34585369411421485,0.3631074849237318,0.32760561266601634,27422,9484,81,16,7,5,11,20,0.19753086419753085,0.08641975308641975,0.06172839506172839,0.13580246913580246,0.24691358024691357,43.32098765432099,6,0,0,0,0,50.333333333333336,90197,11.409751446074106,0.3040234154129295,4,7,9,11,13,16,16
2006,11,11_19,CENTRAL,MARIANO ROQUE ALONSO,0.43582120155833504,0.44539486771434256,0.4256399407658134,9754,4251,79,23,9,10,13,23,0.2911392405063291,0.11392405063291139,0.12658227848101267,0.16455696202531644,0.2911392405063291,42.91139240506329,6,0,0,0,0,49.666666666666664,33134,10.408315224498482,0.2943803947606688,9,9,12,14,17,18,23
2006,11,11_21,CENTRAL,NUEVA ITALIA,0.7540453074433657,0.7762982689747004,0.7329974811083123,1545,1165,45,16,10,4,12,12,0.35555555555555557,0.2222222222222222,0.08888888888888889,0.26666666666666666,0.26666666666666666,41.06666666666667,2,0,0,0,0,54,5607,8.631771096123673,0.27554842161583737,8,10,12,12,14,15,16
2006,11,11_23,CENTRAL,ÑEMBY,0.39354395604395603,0.39954819277108433,0.3873762376237624,13104,5157,72,20,6,8,12,23,0.2777777777777778,0.08333333333333333,0.1111111111111111,0.16666666666666666,0.3194444444444444,41.15277777777778,4,1,0,0.25,0,41,42007,10.645591550044825,0.3119480086652225,5,6,6,9,14,17,20
2006,11,11_25,CENTRAL,SAN ANTONIO,0.44636942675159236,0.4534005037783375,0.43917525773195876,3925,1752,83,26,8,10,16,24,0.3132530120481928,0.0963855421686747,0.12048192771084337,0.1927710843373494,0.2891566265060241,43.3855421686747,4,2,1,0.5,0.25,42.75,14382,9.57373270366244,0.27291058267278545,6,8,10,15,17,20,26
2006,11,11_27,CENTRAL,SAN LORENZO,0.30314258747858913,0.304600775712184,0.3015454478869113,28607,8672,120,44,29,14,30,41,0.36666666666666664,0.24166666666666667,0.11666666666666667,0.25,0.3416666666666667,41.4,4,0,0,0,0,49,98665,11.499485552603526,0.28994070845791314,23,29,32,36,39,42,44
2006,11,11_29,CENTRAL,VILLA ELISA,0.49342530717827116,0.5008396305625524,0.48560035445281347,9278,4578,72,26,14,10,16,26,0.3611111111111111,0.19444444444444445,0.1388888888888889,0.2222222222222222,0.3611111111111111,43.638888888888886,4,0,0,0,0,50.25,29511,10.292518354180867,0.31439124394293655,10,14,15,19,22,23,26
2006,11,11_31,CENTRAL,VILLETA,0.5880346365783259,0.6270661157024794,0.5477333333333333,3811,2241,60,13,9,5,8,22,0.21666666666666667,0.15,0.08333333333333333,0.13333333333333333,0.36666666666666664,43.81666666666667,2,0,0,0,0,36,13395,9.502636781978708,0.2845091452034341,7,9,10,10,11,11,13
2006,11,11_33,CENTRAL,YPACARAI,0.6344391785150079,0.6735751295336787,0.5971622455274522,3165,2008,47,16,8,7,9,12,0.3404255319148936,0.1702127659574468,0.14893617021276595,0.19148936170212766,0.2553191489361702,43.53191489361702,3,1,0,0.3333333333333333,0,46,11557,9.355046592975441,0.27385999826944707,6,8,10,10,12,13,16
2006,11,11_35,CENTRAL,YPANE,0.4973871733966746,0.5324794144556267,0.45948616600790515,4210,2094,83,32,20,17,15,33,0.3855421686746988,0.24096385542168675,0.20481927710843373,0.18072289156626506,0.39759036144578314,41.602409638554214,4,1,0,0.25,0,38.75,13154,9.484481173861296,0.32005473620191577,17,20,22,24,26,28,32
2006,12,12_0,ÑEEMBUCU,PILAR,0.547993705743509,0.5811676082862524,0.5117332235487855,5084,2786,72,18,8,5,13,24,0.25,0.1111111111111111,0.06944444444444445,0.18055555555555555,0.3333333333333333,44.388888888888886,2,1,0,0.5,0,40,18055,9.801177933711559,0.28158404873996123,8,8,10,12,14,16,18
2006,12,12_1,ÑEEMBUCU,ALBERDI,0.7635593220338983,0.7610169491525424,0.7661016949152543,1180,901,43,16,8,6,10,15,0.37209302325581395,0.18604651162790697,0.13953488372093023,0.23255813953488372,0.3488372093023256,40.395348837209305,5,1,0,0.2,0,39,4804,8.477204183199873,0.2456286427976686,4,8,12,12,14,16,16
2006,12,12_3,ÑEEMBUCU,CERRITO,0.5014619883040936,0.4953271028037383,0.5068870523415978,684,343,47,8,4,1,7,15,0.1702127659574468,0.0851063829787234,0.02127659574468085,0.14893617021276595,0.3191489361702128,44.191489361702125,2,0,0,0,0,46,2663,7.887208585813932,0.2568531731130304,4,4,5,5,5,7,8
2006,12,12_5,ÑEEMBUCU,DESMOCHADOS,0.5681818181818182,0.6060606060606061,0.5303030303030303,264,150,31,11,6,5,6,9,0.3548387096774194,0.1935483870967742,0.16129032258064516,0.1935483870967742,0.2903225806451613,46,3,0,0,0,0,53,1112,7.013915474810528,0.23741007194244604,5,6,7,7,9,10,11
2006,12,12_7,ÑEEMBUCU,GENERAL JOSE EDUVIGIS DIAZ,0.4540059347181009,0.4838709677419355,0.42342342342342343,674,306,36,6,2,1,5,6,0.16666666666666666,0.05555555555555555,0.027777777777777776,0.1388888888888889,0.16666666666666666,49.27777777777778,3,1,0,0.3333333333333333,0,44.333333333333336,2519,7.831617276352611,0.26756649464073046,1,2,2,3,5,5,6
2006,12,12_9,ÑEEMBUCU,GUAZU CUA,0.30097087378640774,0.2925170068027211,0.30864197530864196,309,93,18,6,4,3,3,8,0.3333333333333333,0.2222222222222222,0.16666666666666666,0.16666666666666666,0.4444444444444444,44.77777777777778,1,0,0,0,0,43,1222,7.108244139731541,0.2528641571194763,4,4,4,5,6,6,6
2006,12,12_11,ÑEEMBUCU,HUMAITA,0.47920433996383366,0.5708812260536399,0.3972602739726027,553,265,24,7,4,3,4,8,0.2916666666666667,0.16666666666666666,0.125,0.16666666666666666,0.3333333333333333,40.083333333333336,2,1,0,0.5,0,36.5,2011,7.606387389772652,0.27498756837394334,4,4,5,5,5,5,7
2006,12,12_13,ÑEEMBUCU,ISLA UMBU,0.6570796460176991,0.7280701754385965,0.5848214285714286,452,297,30,9,6,5,4,9,0.3,0.2,0.16666666666666666,0.13333333333333333,0.3,45.166666666666664,3,1,0,0.3333333333333333,0,46.333333333333336,1882,7.540090320145325,0.24017003188097769,5,6,7,8,8,9,9
2006,12,12_15,ÑEEMBUCU,LAURELES,0.4212860310421286,0.41025641025641024,0.4296875,451,190,32,14,6,6,8,10,0.4375,0.1875,0.1875,0.25,0.3125,38.1875,2,0,1,0,0.5,43.5,2123,7.660585461703256,0.21243523316062177,6,6,9,9,12,12,14
2006,12,12_17,ÑEEMBUCU,MAYOR JOSE DEJESUS MARTINEZ,0.5253807106598984,0.5605263157894737,0.49264705882352944,788,414,36,8,4,4,4,10,0.2222222222222222,0.1111111111111111,0.1111111111111111,0.1111111111111111,0.2777777777777778,42.02777777777778,2,1,0,0.5,0,35,2687,7.8961806086154915,0.2932638630442873,3,4,5,6,6,7,8
2006,12,12_19,ÑEEMBUCU,PASO DE PATRIA,0.5620915032679739,0.6329113924050633,0.4864864864864865,306,172,36,12,7,5,7,8,0.3333333333333333,0.19444444444444445,0.1388888888888889,0.19444444444444445,0.2222222222222222,41.22222222222222,3,0,0,0,0,55.666666666666664,1103,7.005789019253503,0.2774252039891206,6,7,9,9,9,11,12
2006,12,12_21,ÑEEMBUCU,SAN JUAN BAUTISTA,0.5148842337375965,0.5107398568019093,0.5184426229508197,907,467,26,8,4,2,6,9,0.3076923076923077,0.15384615384615385,0.07692307692307693,0.23076923076923078,0.34615384615384615,41.65384615384615,2,0,0,0,0,43.5,3287,8.097730573664219,0.275935503498631,4,4,5,6,6,8,8
2006,12,12_23,ÑEEMBUCU,TACUARAS,0.4824016563146998,0.47,0.4911660777385159,483,233,26,11,6,4,7,6,0.4230769230769231,0.23076923076923078,0.15384615384615385,0.2692307692307692,0.23076923076923078,38.61538461538461,3,0,0,0,0,48.666666666666664,1793,7.491645473605133,0.2693809258226436,6,6,6,9,9,10,11
2006,12,12_25,ÑEEMBUCU,VILLA FRANCA,0.5875706214689266,0.5783132530120482,0.5957446808510638,177,104,18,5,3,1,4,5,0.2777777777777778,0.16666666666666666,0.05555555555555555,0.2222222222222222,0.2777777777777778,46.833333333333336,2,0,0,0,0,44,706,6.559615237493242,0.2507082152974504,2,3,3,4,4,4,5
2006,12,12_27,ÑEEMBUCU,VILLA OLIVA,0.6346153846153846,0.5988372093023255,0.6598360655737705,416,264,18,4,1,1,3,3,0.2222222222222222,0.05555555555555555,0.05555555555555555,0.16666666666666666,0.16666666666666666,43.611111111111114,2,1,0,0.5,0,36,1879,7.538494999413465,0.22139435870143692,1,1,2,2,2,4,4
2006,12,12_29,ÑEEMBUCU,VILLALBIN,0.3235294117647059,0.319047619047619,0.3282828282828283,408,132,36,10,6,2,8,9,0.2777777777777778,0.16666666666666666,0.05555555555555555,0.2222222222222222,0.25,42.94444444444444,2,0,0,0,0,44.5,1420,7.258412150595307,0.28732394366197184,4,6,6,8,8,10,10
2006,13,13_0,AMAMBAY,PEDRO JUAN CABALLERO,0.4979068550497122,0.5418399600731991,0.4494958753437214,11466,5709,84,21,12,10,11,19,0.25,0.14285714285714285,0.11904761904761904,0.13095238095238096,0.2261904761904762,44.345238095238095,5,1,1,0.2,0.2,42.6,42521,10.657753350523642,0.2696549940029632,9,12,13,16,18,19,21
2006,13,13_1,AMAMBAY,BELLA VISTA,0.59296875,0.6492063492063492,0.5384615384615384,1280,759,48,15,9,3,12,12,0.3125,0.1875,0.0625,0.25,0.25,41.958333333333336,3,0,1,0,0.3333333333333333,52.666666666666664,5396,8.593413217327646,0.23721275018532245,9,9,10,11,14,15,15
2006,13,13_3,AMAMBAY,CAPITAN BADO,0.5828402366863905,0.6494427558257345,0.5196926032660903,2028,1182,36,12,6,5,7,13,0.3333333333333333,0.16666666666666666,0.1388888888888889,0.19444444444444445,0.3611111111111111,39.666666666666664,2,0,0,0,0,39,7766,8.957510510291613,0.26113829513262943,6,6,7,7,9,10,12
2006,14,14_0,CANINDEYU,SALTO DEL GUAIRA,0.6512141280353201,0.6547756041426928,0.647932131495228,1812,1180,24,10,4,2,8,6,0.4166666666666667,0.16666666666666666,0.08333333333333333,0.3333333333333333,0.25,39.333333333333336,2,0,0,0,0,48.5,5182,8.552946361122055,0.34967194133539176,3,4,6,8,9,10,10
2006,14,14_1,CANINDEYU,CORPUS CHRISTI,0.4751203852327448,0.5101253616200578,0.45017182130584193,2492,1184,48,16,10,3,13,11,0.3333333333333333,0.20833333333333334,0.0625,0.2708333333333333,0.22916666666666666,44.479166666666664,2,1,0,0.5,0,39,7714,8.950792138768174,0.32304900181488205,9,10,11,13,14,14,16
2006,14,14_3,CANINDEYU,FRANCISCO CABALLERO ALVAREZ,0.6672297297297297,0.7052238805970149,0.6358024691358025,1184,790,36,8,7,2,6,7,0.2222222222222222,0.19444444444444445,0.05555555555555555,0.16666666666666666,0.19444444444444445,42.833333333333336,2,0,0,0,0,53,3369,8.122371243406553,0.3514395963193826,5,7,7,8,8,8,8
2006,14,14_5,CANINDEYU,ITANARA,0.20077220077220076,0.22123893805309736,0.18493150684931506,259,52,27,10,3,3,7,8,0.37037037037037035,0.1111111111111111,0.1111111111111111,0.25925925925925924,0.2962962962962963,38.851851851851855,3,2,0,0.6666666666666666,0,35,780,6.659293919683638,0.33205128205128204,3,3,5,7,7,9,10
2006,14,14_7,CANINDEYU,KATUETE,0.6461366181410975,0.6762177650429799,0.6268382352941176,893,577,36,14,6,4,10,9,0.3888888888888889,0.16666666666666666,0.1111111111111111,0.2777777777777778,0.25,41.083333333333336,3,0,0,0,0,40,2393,7.780303087908373,0.37317175094024235,6,6,6,9,11,13,14
2006,14,14_9,CANINDEYU,LA PALOMA,0.7273695420660277,0.7723970944309927,0.6920152091254753,939,683,36,13,6,4,9,13,0.3611111111111111,0.16666666666666666,0.1111111111111111,0.25,0.3611111111111111,40.888888888888886,2,0,1,0,0.5,42,2635,7.876638460975463,0.3563567362428843,6,6,8,8,9,10,13
2006,14,14_13,CANINDEYU,SAN ISIDRO DEL CURUGUATY,0.4745152908255047,0.4962894248608534,0.45802599227256763,5003,2374,72,27,10,5,22,16,0.375,0.1388888888888889,0.06944444444444445,0.3055555555555556,0.2222222222222222,41.77777777777778,6,1,1,0.16666666666666666,0.16666666666666666,41.333333333333336,15918,9.675205823365795,0.3142982786782259,10,10,12,16,19,25,27
2006,14,14_15,CANINDEYU,VILLA YGATIMI,0.589989888776542,0.6068883610451307,0.5774647887323944,1978,1167,36,13,8,2,11,7,0.3611111111111111,0.2222222222222222,0.05555555555555555,0.3055555555555556,0.19444444444444445,39.166666666666664,3,0,0,0,0,55,6016,8.702177865629675,0.32878989361702127,8,8,9,10,12,12,13
2006,14,14_16,CANINDEYU,YASY CAÑY,0.4454649827784156,0.4280442804428044,0.4578155657292348,2613,1164,45,17,12,3,14,6,0.37777777777777777,0.26666666666666666,0.06666666666666667,0.3111111111111111,0.13333333333333333,37.6,5,1,1,0.2,0.2,38.2,8717,9.073030421011577,0.299759091430538,10,12,15,16,16,17,17
2006,14,14_17,CANINDEYU,YPEJHU,0.4034090909090909,0.41846153846153844,0.39050131926121373,704,284,36,16,9,5,11,7,0.4444444444444444,0.25,0.1388888888888889,0.3055555555555556,0.19444444444444445,38.44444444444444,4,2,0,0.5,0,33,2545,7.841885928984623,0.27662082514734776,4,9,13,14,15,15,16
2006,15,15_0,PDTE. HAYES,VILLA HAYES,0.43046860178334284,0.4678517397881997,0.39284354777312525,5271,2269,96,33,15,19,14,38,0.34375,0.15625,0.19791666666666666,0.14583333333333334,0.3958333333333333,40.979166666666664,4,0,1,0,0.25,44.75,20233,9.915070213779195,0.26051500024712104,12,15,22,24,27,32,33
2006,15,15_1,PDTE. HAYES,BENJAMIN ACEVAL,0.5661538461538461,0.6136012364760433,0.5191424196018377,2600,1472,72,24,16,13,11,32,0.3333333333333333,0.2222222222222222,0.18055555555555555,0.1527777777777778,0.4444444444444444,40.25,3,0,0,0,0,39.333333333333336,8855,9.088737550216933,0.29361942405420666,14,16,18,19,20,23,24
2006,15,15_3,PDTE. HAYES,JOSE FALCON,0.7031746031746032,0.7375415282392026,0.6717325227963525,630,443,36,13,9,7,6,16,0.3611111111111111,0.25,0.19444444444444445,0.16666666666666666,0.4444444444444444,40.94444444444444,2,1,0,0.5,0,39,2277,7.7306140660637395,0.2766798418972332,8,9,10,11,12,12,13
2006,15,15_5,PDTE. HAYES,NANAWA,0.653179190751445,0.6447963800904978,0.6619385342789598,865,565,36,11,6,4,7,12,0.3055555555555556,0.16666666666666666,0.1111111111111111,0.19444444444444445,0.3333333333333333,42.47222222222222,3,2,0,0.6666666666666666,0,34.333333333333336,4123,8.3243363327069,0.20979869027407227,6,6,6,8,8,11,11
2006,15,15_7,PDTE. HAYES,PUERTO PINASCO,0.5014005602240896,0.5157232704402516,0.4898989898989899,357,179,24,7,3,4,3,8,0.2916666666666667,0.125,0.16666666666666666,0.125,0.3333333333333333,39.833333333333336,2,1,0,0.5,0,36,1460,7.286191714702382,0.24452054794520547,3,3,4,5,6,6,7
2006,15,15_9,PDTE. HAYES,TENIENTE IRALA FERNANDEZ,0.2654185022026432,0.28674698795180725,0.24746450304259635,908,241,18,8,3,4,4,7,0.4444444444444444,0.16666666666666666,0.2222222222222222,0.2222222222222222,0.3888888888888889,42.166666666666664,2,0,0,0,0,46.5,6053,8.708309295891688,0.1500082603667603,1,3,4,4,5,6,8
2006,16,16_0,ALTO PARAGUAY,FUERTE OLIMPO,0.6010362694300518,0.6079136690647482,0.5946843853820598,579,348,24,10,3,2,8,6,0.4166666666666667,0.125,0.08333333333333333,0.3333333333333333,0.25,38.041666666666664,2,1,0,0.5,0,48,2217,7.7039102096163115,0.26116373477672533,3,3,6,7,8,9,10
2006,16,16_1,ALTO PARAGUAY,PUERTO CASADO,0.2326454033771107,0.23516949152542374,0.23063973063973064,1066,248,60,19,13,7,12,17,0.31666666666666665,0.21666666666666667,0.11666666666666667,0.2,0.2833333333333333,40.11666666666667,3,0,0,0,0,45.333333333333336,4072,8.311889558230359,0.26178781925343814,8,13,13,13,15,19,19
2006,16,16_3,ALTO PARAGUAY,BAHIA NEGRA,0.5181347150259067,0.5918367346938775,0.4421052631578947,193,100,18,6,4,2,4,5,0.3333333333333333,0.2222222222222222,0.1111111111111111,0.2222222222222222,0.2777777777777778,38.27777777777778,2,1,0,0.5,0,36,920,6.824373670043086,0.20978260869565218,4,4,4,4,4,4,6
2006,17,17_0,BOQUERON,FILADELFIA,0.4937853107344633,0.495260663507109,0.4924406047516199,885,437,33,12,3,4,8,8,0.36363636363636365,0.09090909090909091,0.12121212121212122,0.24242424242424243,0.24242424242424243,41.96969696969697,3,1,0,0.3333333333333333,0,48.666666666666664,4685,8.452121194672523,0.18890074706510138,3,3,3,4,7,11,12
2006,17,17_1,BOQUERON,LOMA PLATA,0.22289156626506024,0.24555160142348753,0.206266318537859,664,148,27,3,0,1,2,5,0.1111111111111111,0,0.037037037037037035,0.07407407407407407,0.18518518518518517,44.888888888888886,3,0,0,0,0,50.333333333333336,5411,8.596189197642735,0.12271299205322492,0,0,1,1,2,3,3
2006,17,17_3,BOQUERON,MARISCAL JOSE FELIX ESTIGARRIBIA,0.4849137931034483,0.5530973451327433,0.42016806722689076,1392,675,48,17,10,5,12,14,0.3541666666666667,0.20833333333333334,0.10416666666666667,0.25,0.2916666666666667,41.375,4,2,0,0.5,0,35.75,6770,8.820256365906321,0.20561299852289514,9,10,11,12,15,16,17
2010,0,0_0,CAPITAL,ASUNCION,0.5391214246126412,0.5384050590938159,0.5398631581528803,82998,44746,336,96,46,39,57,142,0.2857142857142857,0.13690476190476192,0.11607142857142858,0.16964285714285715,0.4226190476190476,45.63988095238095,6,0,0,0,0,48,359995,12.793845421446953,0.23055320212780733,35,46,59,65,77,92,96
2010,1,1_0,CONCEPCION,CONCEPCION,0.40634340750581205,0.43501454898157127,0.3760669170365312,12044,4894,60,21,15,13,8,26,0.35,0.25,0.21666666666666667,0.13333333333333333,0.43333333333333335,40.416666666666664,3,2,0,0.6666666666666666,0,36.666666666666664,44478,10.702749963884775,0.2707855569045371,14,15,18,19,20,20,21
2010,1,1_1,CONCEPCION,BELEN,0.4825677919203099,0.5264367816091954,0.4418356456776948,1807,872,27,17,15,6,11,8,0.6296296296296297,0.5555555555555556,0.2222222222222222,0.4074074074074074,0.2962962962962963,36.148148148148145,3,1,1,0.3333333333333333,0.3333333333333333,47,5785,8.663023639627777,0.31235955056179776,11,15,15,15,15,15,17
2010,1,1_2,CONCEPCION,AZOTEY,0.7006060606060606,0.729483282674772,0.6814516129032258,825,578,36,18,15,7,11,11,0.5,0.4166666666666667,0.19444444444444445,0.3055555555555556,0.3055555555555556,37.138888888888886,4,1,2,0.25,0.5,43.25,2766,7.925157512224703,0.2982646420824295,12,15,16,16,17,17,18
2010,1,1_3,CONCEPCION,HORQUETA,0.49185291997116076,0.5048959608323134,0.48022907008453775,6935,3411,72,25,19,7,18,21,0.3472222222222222,0.2638888888888889,0.09722222222222222,0.25,0.2916666666666667,39.791666666666664,5,1,0,0.2,0,45,25615,10.150933396373302,0.2707398008979114,18,19,20,22,22,23,25
2010,1,1_5,CONCEPCION,LORETO,0.5382239382239382,0.5740740740740741,0.5078459343794579,2590,1394,36,17,12,6,11,15,0.4722222222222222,0.3333333333333333,0.16666666666666666,0.3055555555555556,0.4166666666666667,38.97222222222222,3,0,0,0,0,39,8442,9.040974526342444,0.3067993366500829,8,12,12,13,16,16,17
2010,1,1_6,CONCEPCION,SAN CARLOS DEL APA,0.7575757575757576,0.7721518987341772,0.7441860465116279,165,125,18,4,2,2,2,7,0.2222222222222222,0.1111111111111111,0.1111111111111111,0.1111111111111111,0.3888888888888889,42.111111111111114,2,0,0,0,0,47,575,6.354370040797351,0.28695652173913044,1,2,2,2,2,3,4
2010,1,1_7,CONCEPCION,SAN LAZARO,0.640590405904059,0.6184971098265896,0.6636500754147813,1355,868,45,21,16,7,14,18,0.4666666666666667,0.35555555555555557,0.15555555555555556,0.3111111111111111,0.4,38.644444444444446,3,0,0,0,0,47.666666666666664,5477,8.608312784783722,0.24739821069928794,15,16,17,17,19,20,21
2010,1,1_9,CONCEPCION,YBY YAU,0.4928774928774929,0.5495356037151703,0.4445910290237467,2808,1384,63,24,19,7,17,17,0.38095238095238093,0.30158730158730157,0.1111111111111111,0.2698412698412698,0.2698412698412698,41.03174603174603,4,2,1,0.5,0.25,36.25,10205,9.230633075243945,0.2751592356687898,15,19,20,21,22,22,24
2010,2,2_0,SAN PEDRO,SAN PEDRO DEL YCUAMANDIYU,0.4774120317820658,0.5195348837209303,0.43725055432372506,4405,2103,59,16,11,5,11,23,0.2711864406779661,0.1864406779661017,0.0847457627118644,0.1864406779661017,0.3898305084745763,42.30508474576271,4,0,0,0,0,47,17062,9.74460904746864,0.2581760637674364,8,11,13,14,15,16,16
2010,2,2_1,SAN PEDRO,25 DE DICIEMBRE,0.5896088733216579,0.6135508155583438,0.5687772925764192,1713,1010,43,18,10,6,12,15,0.4186046511627907,0.23255813953488372,0.13953488372093023,0.27906976744186046,0.3488372093023256,43.69767441860465,5,0,0,0,0,51.6,5877,8.678801706612651,0.29147524247064827,8,10,10,10,14,15,18
2010,2,2_3,SAN PEDRO,ANTEQUERA,0.7221644120707597,0.7580993520518359,0.6887550200803213,961,694,36,13,7,8,5,17,0.3611111111111111,0.19444444444444445,0.2222222222222222,0.1388888888888889,0.4722222222222222,41.55555555555556,4,1,1,0.25,0.25,47,3150,8.055157731819678,0.30507936507936506,7,7,10,11,13,13,13
2010,2,2_5,SAN PEDRO,CAPIIBARY,0.4932473291675066,0.4995344506517691,0.48844649840028437,4961,2447,45,21,11,7,14,10,0.4666666666666667,0.24444444444444444,0.15555555555555556,0.3111111111111111,0.2222222222222222,38.955555555555556,5,0,1,0,0.2,44.4,15823,9.669219856718984,0.3135309359792707,9,11,13,18,18,19,21
2010,2,2_7,SAN PEDRO,CHORE,0.49371404219049647,0.5090236001850995,0.4806477093206951,4693,2317,96,44,28,14,30,33,0.4583333333333333,0.2916666666666667,0.14583333333333334,0.3125,0.34375,39.729166666666664,7,2,2,0.2857142857142857,0.2857142857142857,39.142857142857146,17963,9.796069365768835,0.2612592551355564,25,28,31,35,37,40,44
2010,2,2_9,SAN PEDRO,GENERAL ELIZARDO AQUINO,0.4397240377632535,0.44497991967871486,0.43538767395626243,2754,1211,27,9,4,3,6,7,0.3333333333333333,0.14814814814814814,0.1111111111111111,0.2222222222222222,0.25925925925925924,40.333333333333336,3,1,1,0.3333333333333333,0.3333333333333333,39,11724,9.369393301830783,0.23490276356192427,2,4,6,8,8,8,9
2010,2,2_11,SAN PEDRO,GENERAL FRANCISCO ISIDORO RESQUIN,0.5183116076970825,0.5486526946107785,0.4968186638388123,3222,1670,60,22,12,8,14,17,0.36666666666666664,0.2,0.13333333333333333,0.23333333333333334,0.2833333333333333,40.88333333333333,5,1,1,0.2,0.2,39.2,11056,9.310728546007452,0.29142547033285093,10,12,15,17,20,20,22
2010,2,2_13,SAN PEDRO,GUAJAYVI,0.4584008643976229,0.47505668934240364,0.44324045407636736,3702,1697,72,24,16,7,17,18,0.3333333333333333,0.2222222222222222,0.09722222222222222,0.2361111111111111,0.25,42.97222222222222,6,3,0,0.5,0,42.666666666666664,14028,9.548810611260068,0.26390076988879385,14,16,16,17,20,23,24
2010,2,2_15,SAN PEDRO,ITACURUBI DEL ROSARIO,0.43,0.46,0.4,1500,645,36,18,9,7,11,12,0.5,0.25,0.19444444444444445,0.3055555555555556,0.3333333333333333,37.25,3,1,0,0.3333333333333333,0,38.333333333333336,6928,8.843326450242271,0.21651270207852194,9,9,12,14,14,14,18
2010,2,2_17,SAN PEDRO,LIMA,0.5766590389016019,0.6191247974068071,0.5389048991354467,1311,756,54,15,14,5,10,19,0.2777777777777778,0.25925925925925924,0.09259259259259259,0.18518518518518517,0.35185185185185186,42.01851851851852,5,2,1,0.4,0.2,44,5277,8.571113033405668,0.24843661171119955,10,14,15,15,15,15,15
2010,2,2_19,SAN PEDRO,NUEVA GERMANIA,0.6369107321965898,0.7041666666666667,0.574468085106383,997,635,45,15,9,6,9,17,0.3333333333333333,0.2,0.13333333333333333,0.2,0.37777777777777777,42.6,4,1,0,0.25,0,39,3704,8.21716859576607,0.2691684665226782,8,9,11,12,13,14,15
2010,2,2_21,SAN PEDRO,SAN ESTANISLAO,0.4856834975369458,0.5116135026323939,0.46005509641873277,6496,3155,84,24,11,9,15,23,0.2857142857142857,0.13095238095238096,0.10714285714285714,0.17857142857142858,0.27380952380952384,43.61904761904762,5,0,0,0,0,45.6,22076,10.002246324559392,0.29425620583439027,8,11,14,16,20,20,24
2010,2,2_23,SAN PEDRO,SAN PABLO,0.6179361179361179,0.6370757180156658,0.6009280742459396,814,503,54,19,11,7,12,15,0.35185185185185186,0.2037037037037037,0.12962962962962962,0.2222222222222222,0.2777777777777778,41.01851851851852,5,2,0,0.4,0,42.2,2437,7.798523053625206,0.3340172343044727,8,11,12,13,16,18,19
2010,2,2_24,SAN PEDRO,SANTA ROSA DEL AGUARAY,0.4649476228847704,0.49213744903902157,0.44167497507477566,3723,1731,84,24,12,8,16,24,0.2857142857142857,0.14285714285714285,0.09523809523809523,0.19047619047619047,0.2857142857142857,40.61904761904762,6,1,1,0.16666666666666666,0.16666666666666666,44.833333333333336,12187,9.408125088823502,0.3054894559776811,10,12,14,19,22,23,24
2010,2,2_25,SAN PEDRO,TACUATI,0.5677966101694916,0.5946902654867257,0.5430894308943089,1180,670,45,16,9,2,14,11,0.35555555555555557,0.2,0.044444444444444446,0.3111111111111111,0.24444444444444444,39.577777777777776,5,2,0,0.4,0,40.2,4163,8.333991247194975,0.28344943550324286,8,9,11,13,15,16,16
2010,2,2_27,SAN PEDRO,UNION,0.6756756756756757,0.714987714987715,0.6468468468468469,962,650,36,12,10,2,10,9,0.3333333333333333,0.2777777777777778,0.05555555555555555,0.2777777777777778,0.25,42.52777777777778,4,2,0,0.5,0,42,3544,8.173011311724972,0.2714446952595937,8,10,10,12,12,12,12
2010,2,2_29,SAN PEDRO,VILLA DEL ROSARIO,0.5263527758257203,0.5887207702888583,0.46120689655172414,1423,749,36,17,9,6,11,9,0.4722222222222222,0.25,0.16666666666666666,0.3055555555555556,0.25,39.916666666666664,4,0,0,0,0,42.25,6515,8.781862489558945,0.21841903300076745,9,9,11,14,16,16,17
2010,2,2_31,SAN PEDRO,YATAITY DEL NORTE,0.5494454713493531,0.5631364562118126,0.5380710659898477,2164,1189,36,15,11,4,11,7,0.4166666666666667,0.3055555555555556,0.1111111111111111,0.3055555555555556,0.19444444444444445,39.638888888888886,4,1,1,0.25,0.25,37.5,7598,8.935640333747571,0.28481179257699396,8,11,14,14,14,14,15
2010,2,2_32,SAN PEDRO,YRYBUCUA,0.5219747140276941,0.5332409972299169,0.5133120340788072,1661,867,36,11,4,5,6,10,0.3055555555555556,0.1111111111111111,0.1388888888888889,0.16666666666666666,0.2777777777777778,42.44444444444444,4,2,0,0.5,0,37,5449,8.603187384583098,0.3048265736832446,3,4,4,5,5,8,11
2010,3,3_0,CORDILLERA,CAACUPE,0.5339673913043478,0.5640676117775354,0.5040628385698809,7360,3930,84,35,21,18,17,39,0.4166666666666667,0.25,0.21428571428571427,0.20238095238095238,0.4642857142857143,39.13095238095238,5,2,2,0.4,0.4,40.8,26633,10.18990632736338,0.27634889047422373,18,21,22,26,31,33,35
2010,3,3_1,CORDILLERA,PRIMERO DE MARZO,0.42572283150548357,0.4103671706263499,0.4388888888888889,1003,427,36,11,8,4,7,10,0.3055555555555556,0.2222222222222222,0.1111111111111111,0.19444444444444445,0.2777777777777778,43.47222222222222,3,2,1,0.6666666666666666,0.3333333333333333,39.333333333333336,4215,8.346404870435956,0.2379596678529063,8,8,9,10,10,10,11
2010,3,3_3,CORDILLERA,ALTOS,0.5922518159806296,0.6303270564915758,0.5558712121212122,2065,1223,36,14,11,3,11,11,0.3888888888888889,0.3055555555555556,0.08333333333333333,0.3055555555555556,0.3055555555555556,40.22222222222222,4,2,0,0.5,0,36.25,7311,8.897135342293316,0.28245110108056354,9,11,12,13,13,14,14
2010,3,3_5,CORDILLERA,ARROYOS Y ESTEROS,0.4355847404627892,0.4847682119205298,0.3915876777251185,3198,1393,36,13,8,5,8,12,0.3611111111111111,0.2222222222222222,0.1388888888888889,0.2222222222222222,0.3333333333333333,41.80555555555556,3,1,0,0.3333333333333333,0,39.666666666666664,12477,9.431642228411022,0.2563116133685982,7,8,10,11,12,12,13
2010,3,3_7,CORDILLERA,ATYRA,0.5230228471001758,0.5370370370370371,0.5093684941013186,2845,1488,36,17,12,8,9,15,0.4722222222222222,0.3333333333333333,0.2222222222222222,0.25,0.4166666666666667,39.69444444444444,4,0,1,0,0.25,52.25,9451,9.153875834995056,0.30102634641836845,8,12,14,16,17,17,17
2010,3,3_9,CORDILLERA,CARAGUATAY,0.40661577608142496,0.3980370774263904,0.41412213740458015,1965,799,35,11,7,4,7,13,0.3142857142857143,0.2,0.11428571428571428,0.2,0.37142857142857144,44.628571428571426,4,2,0,0.5,0,44.25,7847,8.967886572127473,0.2504141710207723,5,7,9,10,10,11,11
2010,3,3_11,CORDILLERA,EMBOSCADA,0.655229662423907,0.7018104366347178,0.6048387096774194,1807,1184,45,18,13,8,10,19,0.4,0.28888888888888886,0.17777777777777778,0.2222222222222222,0.4222222222222222,41.31111111111111,3,0,0,0,0,57.666666666666664,6909,8.840580188488795,0.26154291503835575,13,13,14,14,14,16,18
2010,3,3_13,CORDILLERA,EUSEBIO AYALA,0.4565587734241908,0.46835443037974683,0.4445399828030954,2348,1072,70,24,16,13,11,23,0.34285714285714286,0.22857142857142856,0.18571428571428572,0.15714285714285714,0.32857142857142857,41.74285714285714,4,1,1,0.25,0.25,38.5,10242,9.234252192022495,0.22925209919937511,14,16,20,21,23,24,24
2010,3,3_15,CORDILLERA,ISLA PUCU,0.4757990867579909,0.4981751824817518,0.453382084095064,1095,521,36,17,12,7,10,9,0.4722222222222222,0.3333333333333333,0.19444444444444445,0.2777777777777778,0.25,37.55555555555556,3,1,0,0.3333333333333333,0,39.666666666666664,4590,8.431635303054591,0.238562091503268,10,12,14,15,15,17,17
2010,3,3_17,CORDILLERA,ITACURUBI DE LA CORDILLERA,0.6367064739157763,0.649367088607595,0.6242197253433208,1591,1013,54,20,11,7,13,22,0.37037037037037035,0.2037037037037037,0.12962962962962962,0.24074074074074073,0.4074074074074074,41.74074074074074,3,1,0,0.3333333333333333,0,38.666666666666664,6653,8.802823159741887,0.23914023748684804,10,11,11,14,17,19,20
2010,3,3_19,CORDILLERA,JUAN DE MENA,0.5283474065138721,0.5397260273972603,0.5193965517241379,829,438,36,16,9,6,10,10,0.4444444444444444,0.25,0.16666666666666666,0.2777777777777778,0.2777777777777778,39.80555555555556,4,1,0,0.25,0,39.25,3483,8.155649270366002,0.23801320700545506,6,9,10,12,15,16,16
2010,3,3_21,CORDILLERA,LOMA GRANDE,0.6972586412395709,0.6727748691099477,0.7177242888402626,839,585,36,13,12,5,8,14,0.3611111111111111,0.3333333333333333,0.1388888888888889,0.2222222222222222,0.3888888888888889,40.30555555555556,4,1,0,0.25,0,43.75,2933,7.983781068977451,0.286055233549267,9,12,12,12,12,12,13
2010,3,3_23,CORDILLERA,MBOCAYATY DEL YHAGUY,0.43443708609271525,0.463768115942029,0.4097560975609756,755,328,36,12,9,6,6,15,0.3333333333333333,0.25,0.16666666666666666,0.16666666666666666,0.4166666666666667,42.388888888888886,4,1,0,0.25,0,45,2911,7.976251943745623,0.2593610443146685,5,9,9,10,10,11,12
2010,3,3_25,CORDILLERA,NUEVA COLOMBIA,0.6506849315068494,0.6606741573033708,0.6403712296983759,876,570,36,11,9,3,8,13,0.3055555555555556,0.25,0.08333333333333333,0.2222222222222222,0.3611111111111111,41.388888888888886,4,2,2,0.5,0.5,41.5,2974,7.9976631270201,0.2945527908540686,9,9,10,11,11,11,11
2010,3,3_27,CORDILLERA,PIRIBEBUY,0.49461684610512985,0.5211206896551724,0.46917666528754653,4737,2343,60,26,18,9,17,24,0.43333333333333335,0.3,0.15,0.2833333333333333,0.4,39.4,4,1,0,0.25,0,43,17534,9.771897132148531,0.2701608303866773,16,18,21,22,23,24,26
2010,3,3_29,CORDILLERA,SAN BERNARDINO,0.6998462720983859,0.7206477732793523,0.6810534016093636,2602,1821,35,10,7,4,6,8,0.2857142857142857,0.2,0.11428571428571428,0.17142857142857143,0.22857142857142856,40.97142857142857,3,0,0,0,0,53.333333333333336,8964,9.100971834920818,0.29027219991075415,6,7,9,9,9,10,10
2010,3,3_31,CORDILLERA,SAN JOSE OBRERO,0.4197860962566845,0.43731778425655976,0.4049382716049383,748,314,45,12,9,5,7,13,0.26666666666666666,0.2,0.1111111111111111,0.15555555555555556,0.28888888888888886,47.13333333333333,5,2,0,0.4,0,41.4,2936,7.984803389734406,0.2547683923705722,8,9,9,11,11,12,12
2010,3,3_33,CORDILLERA,SANTA ELENA,0.6448339483394834,0.6739130434782609,0.6193771626297578,1084,699,45,21,12,6,15,16,0.4666666666666667,0.26666666666666666,0.13333333333333333,0.3333333333333333,0.35555555555555557,41.266666666666666,4,2,0,0.5,0,38.5,3716,8.22040309993373,0.2917115177610334,11,12,13,15,16,17,21
2010,3,3_35,CORDILLERA,TOBATI,0.48622540250447227,0.49818181818181817,0.47464788732394364,2795,1359,60,19,11,7,12,18,0.31666666666666665,0.18333333333333332,0.11666666666666667,0.2,0.3,42.68333333333333,4,1,0,0.25,0,47.5,12395,9.42504844446929,0.2254941508672852,10,11,14,14,15,17,19
2010,3,3_37,CORDILLERA,VALENZUELA,0.5325102880658437,0.5462478184991274,0.5202492211838006,1215,647,27,14,8,7,7,11,0.5185185185185185,0.2962962962962963,0.25925925925925924,0.25925925925925924,0.4074074074074074,38.03703703703704,3,1,1,0.3333333333333333,0.3333333333333333,44.333333333333336,4667,8.448271745949816,0.26033854724662525,5,8,10,11,13,14,14
2010,4,4_0,GUAIRA,VILLARRICA,0.5807071049361798,0.6047342563644484,0.5561142857142857,8853,5141,84,28,17,12,16,34,0.3333333333333333,0.20238095238095238,0.14285714285714285,0.19047619047619047,0.40476190476190477,42.76190476190476,6,1,1,0.16666666666666666,0.16666666666666666,45.666666666666664,33339,10.414483161853756,0.2655448573742464,15,17,19,22,23,26,28
2010,4,4_1,GUAIRA,BORJA,0.5,0.5442359249329759,0.4650423728813559,1690,845,45,20,15,11,9,17,0.4444444444444444,0.3333333333333333,0.24444444444444444,0.2,0.37777777777777777,39.422222222222224,3,2,0,0.6666666666666666,0,35,5671,8.643120748014027,0.29800740610121673,15,15,16,18,19,19,20
2010,4,4_3,GUAIRA,CAPITAN MAURICIO JOSE TROCHE,0.5209542230818827,0.5530799475753604,0.48984771573604063,1551,808,36,16,8,5,11,9,0.4444444444444444,0.2222222222222222,0.1388888888888889,0.3055555555555556,0.25,38.111111111111114,4,1,2,0.25,0.5,47.75,5639,8.637462023807181,0.2750487675119702,8,8,10,12,12,14,16
2010,4,4_5,GUAIRA,CORONEL MARTINEZ,0.5888888888888889,0.6010498687664042,0.578088578088578,810,477,36,15,12,6,9,12,0.4166666666666667,0.3333333333333333,0.16666666666666666,0.25,0.3333333333333333,41.80555555555556,4,1,0,0.25,0,41.25,3089,8.035602692918582,0.26222078342505667,12,12,13,13,13,14,15
2010,4,4_7,GUAIRA,DOCTOR BOTRELL,0.6105919003115264,0.62,0.6023391812865497,321,196,45,16,12,7,9,14,0.35555555555555557,0.26666666666666666,0.15555555555555556,0.2,0.3111111111111111,39.82222222222222,3,1,0,0.3333333333333333,0,39.333333333333336,1076,6.98100574072173,0.2983271375464684,9,12,13,13,14,15,16
2010,4,4_9,GUAIRA,FELIX PEREZ CARDOZO,0.5364583333333334,0.5730593607305936,0.5057471264367817,960,515,36,17,9,8,9,14,0.4722222222222222,0.25,0.2222222222222222,0.25,0.3888888888888889,38.166666666666664,4,1,0,0.25,0,46.75,3624,8.19533366716287,0.26490066225165565,9,9,12,13,15,16,17
2010,4,4_11,GUAIRA,GENERAL EUGENIO ALEJANDRINO GARAY,0.4673333333333333,0.5394736842105263,0.4068627450980392,1500,701,36,10,7,2,8,14,0.2777777777777778,0.19444444444444445,0.05555555555555555,0.2222222222222222,0.3888888888888889,43.47222222222222,3,2,0,0.6666666666666666,0,35,4992,8.515591910049263,0.3004807692307692,5,7,8,9,9,9,10
2010,4,4_13,GUAIRA,INDEPENDENCIA,0.48553654743390356,0.5154852030282174,0.4608399545970488,3215,1561,60,25,14,10,15,23,0.4166666666666667,0.23333333333333334,0.16666666666666666,0.25,0.38333333333333336,37.71666666666667,4,1,1,0.25,0.25,43.75,11975,9.390576422279116,0.26847599164926933,12,14,17,19,22,24,25
2010,4,4_15,GUAIRA,ITAPE,0.6132723112128147,0.6234413965087282,0.6046511627906976,874,536,36,12,10,6,6,12,0.3333333333333333,0.2777777777777778,0.16666666666666666,0.16666666666666666,0.3333333333333333,44.27777777777778,4,1,0,0.25,0,44,3433,8.141189793457691,0.2545878240605884,9,10,10,10,10,10,12
2010,4,4_17,GUAIRA,ITURBE,0.5957446808510638,0.62478184991274,0.5718390804597702,1269,756,45,18,13,7,11,18,0.4,0.28888888888888886,0.15555555555555556,0.24444444444444444,0.4,40.53333333333333,4,1,0,0.25,0,46.5,5810,8.667335849845957,0.21841652323580035,11,13,15,16,16,16,18
2010,4,4_19,GUAIRA,JOSE FASSARDI,0.6125290023201856,0.6473551637279596,0.5827956989247312,862,528,45,17,12,8,9,18,0.37777777777777777,0.26666666666666666,0.17777777777777778,0.2,0.4,40.31111111111111,4,2,0,0.5,0,39,3147,8.054204897064407,0.2739116619002224,11,12,12,14,15,16,17
2010,4,4_21,GUAIRA,MBOCAYATY DEL GUAIRA,0.5927240461401952,0.6231060606060606,0.5659432387312187,1127,668,63,21,14,8,13,19,0.3333333333333333,0.2222222222222222,0.12698412698412698,0.20634920634920634,0.30158730158730157,41.301587301587304,6,0,1,0,0.16666666666666666,50,4300,8.366370301681654,0.26209302325581396,11,14,15,16,16,19,21
2010,4,4_23,GUAIRA,NATALICIO TALAVERA,0.7177033492822966,0.75,0.6923076923076923,627,450,36,12,6,5,7,16,0.3333333333333333,0.16666666666666666,0.1388888888888889,0.19444444444444445,0.4444444444444444,41.52777777777778,3,0,0,0,0,44.666666666666664,2444,7.8013913202914855,0.25654664484451717,6,6,6,10,10,12,12
2010,4,4_25,GUAIRA,ÑUMI,0.577906976744186,0.6,0.56,860,497,27,11,10,3,8,10,0.4074074074074074,0.37037037037037035,0.1111111111111111,0.2962962962962963,0.37037037037037035,38.2962962962963,3,0,0,0,0,58.666666666666664,2848,7.954372272531867,0.30196629213483145,8,10,10,10,10,11,11
2010,4,4_27,GUAIRA,PASO YOBAI,0.4557620817843866,0.48151408450704225,0.4369369369369369,2690,1226,45,16,11,6,10,15,0.35555555555555557,0.24444444444444444,0.13333333333333333,0.2222222222222222,0.3333333333333333,40.24444444444445,4,1,0,0.25,0,42.5,9673,9.177093778182547,0.2780936627726662,8,11,15,15,15,15,16
2010,4,4_29,GUAIRA,SAN SALVADOR,0.5112262521588946,0.5670498084291188,0.46540880503144655,579,296,27,9,6,4,5,9,0.3333333333333333,0.2222222222222222,0.14814814814814814,0.18518518518518517,0.3333333333333333,44.03703703703704,3,1,1,0.3333333333333333,0.3333333333333333,42.333333333333336,2176,7.685243607975833,0.26608455882352944,5,6,6,7,8,8,9
2010,4,4_30,GUAIRA,TEBICUARY,0.7911547911547911,0.8041237113402062,0.7793427230046949,407,322,45,17,16,5,12,12,0.37777777777777777,0.35555555555555557,0.1111111111111111,0.26666666666666666,0.26666666666666666,40.22222222222222,5,0,0,0,0,54,1536,7.336936913707618,0.2649739583333333,16,16,16,17,17,17,17
2010,4,4_31,GUAIRA,YATAITY DEL GUAIRA,0.6852678571428571,0.728310502283105,0.6441048034934498,896,614,36,13,10,4,9,10,0.3611111111111111,0.2777777777777778,0.1111111111111111,0.25,0.2777777777777778,43.388888888888886,4,0,1,0,0.25,48.5,3220,8.077136638538454,0.2782608695652174,9,10,12,13,13,13,13
2010,5,5_0,CAAGUAZU,CORONEL OVIEDO,0.5130048959608323,0.53524364082133,0.4908340971585701,13072,6706,84,35,27,15,20,29,0.4166666666666667,0.32142857142857145,0.17857142857142858,0.23809523809523808,0.34523809523809523,40.19047619047619,6,0,0,0,0,45.333333333333336,50364,10.82703191312159,0.25955047255976493,21,27,28,30,32,33,35
2010,5,5_1,CAAGUAZU,3 DE FEBRERO,0.6141304347826086,0.6176084099868594,0.6116774791473587,1840,1130,36,12,8,6,6,13,0.3333333333333333,0.2222222222222222,0.16666666666666666,0.16666666666666666,0.3611111111111111,41.916666666666664,4,0,0,0,0,42.25,5606,8.631592731724734,0.328219764537995,8,8,8,10,11,12,12
2010,5,5_3,CAAGUAZU,CAAGUAZU,0.38225403121496937,0.38733509234828495,0.3773680649526387,11597,4433,132,52,33,21,31,47,0.3939393939393939,0.25,0.1590909090909091,0.23484848484848486,0.3560606060606061,40.21969696969697,7,1,0,0.14285714285714285,0,47.857142857142854,47991,10.778768772309705,0.24164947594340605,31,33,36,38,42,48,52
2010,5,5_5,CAAGUAZU,CARAYAO,0.5526421944332393,0.5845749342681859,0.5254110612855007,2479,1370,60,16,12,8,8,22,0.26666666666666666,0.2,0.13333333333333333,0.13333333333333333,0.36666666666666664,44.666666666666664,3,1,0,0.3333333333333333,0,41.333333333333336,7866,8.970304952991755,0.3151538265954742,11,12,13,15,15,15,16
2010,5,5_7,CAAGUAZU,DOCTOR CECILIO BAEZ,0.4577397910731244,0.47410358565737054,0.44283121597096187,1053,482,45,21,14,7,14,17,0.4666666666666667,0.3111111111111111,0.15555555555555556,0.3111111111111111,0.37777777777777777,38.422222222222224,3,0,0,0,0,56,3668,8.207401833376355,0.2870774263904035,14,14,15,16,19,20,21
2010,5,5_9,CAAGUAZU,DOCTOR JOSE EULOGIO ESTIGARRIBIA,0.6347230864965775,0.6533513879485443,0.6188831318364997,3214,2040,72,26,19,11,15,24,0.3611111111111111,0.2638888888888889,0.1527777777777778,0.20833333333333334,0.3333333333333333,41.25,3,1,1,0.3333333333333333,0.3333333333333333,43,11137,9.3180281773931,0.2885875909131723,12,19,20,24,24,25,26
2010,5,5_11,CAAGUAZU,DOCTOR JUAN MANUEL FRUTOS,0.5076923076923077,0.5216178521617852,0.4958481613285884,3120,1584,54,22,14,10,12,16,0.4074074074074074,0.25925925925925924,0.18518518518518517,0.2222222222222222,0.2962962962962963,40.407407407407405,6,2,0,0.3333333333333333,0,43.833333333333336,11525,9.352273867864849,0.27071583514099784,11,14,14,17,19,22,22
2010,5,5_13,CAAGUAZU,JOSE DOMINGO OCAMPOS,0.5588952071486596,0.6240740740740741,0.507959479015919,1231,688,63,20,10,11,9,23,0.31746031746031744,0.15873015873015872,0.1746031746031746,0.14285714285714285,0.36507936507936506,42.22222222222222,7,2,0,0.2857142857142857,0,41.285714285714285,4488,8.409162447202533,0.27428698752228164,9,10,14,15,16,17,20
2010,5,5_15,CAAGUAZU,LA PASTORA,0.46748466257668714,0.42776203966005666,0.49783549783549785,815,381,27,13,7,6,7,9,0.48148148148148145,0.25925925925925924,0.2222222222222222,0.25925925925925924,0.3333333333333333,37.77777777777778,3,0,1,0,0.3333333333333333,48,2685,7.895436006942965,0.30353817504655495,6,7,9,10,10,11,13
2010,5,5_17,CAAGUAZU,MARISCAL FRANCISCO SOLANO LOPEZ,0.7429775280898876,0.7788778877887789,0.7163814180929096,712,529,36,14,9,7,7,13,0.3888888888888889,0.25,0.19444444444444445,0.19444444444444445,0.3611111111111111,39.80555555555556,4,2,1,0.5,0.25,35.25,2501,7.824445930877619,0.28468612554978007,8,9,9,10,12,14,14
2010,5,5_19,CAAGUAZU,NUEVA LONDRES,0.7129750982961992,0.727027027027027,0.6997455470737913,763,544,45,15,12,6,9,16,0.3333333333333333,0.26666666666666666,0.13333333333333333,0.2,0.35555555555555557,40.733333333333334,2,1,0,0.5,0,52.5,2999,8.00603417874901,0.25441813937979324,10,12,12,13,15,15,15
2010,5,5_21,CAAGUAZU,RI 3 CORRALES,0.48631743549648165,0.5426944971537002,0.44680851063829785,1279,622,27,10,6,5,5,8,0.37037037037037035,0.2222222222222222,0.18518518518518517,0.18518518518518517,0.2962962962962963,41.44444444444444,3,0,0,0,0,49,4209,8.344980368770571,0.3038726538370159,6,6,6,8,8,8,10
2010,5,5_23,CAAGUAZU,RAUL ARSENIO OVIEDO,0.6581818181818182,0.6907051282051282,0.6311584553928096,2750,1810,84,35,26,16,19,27,0.4166666666666667,0.30952380952380953,0.19047619047619047,0.2261904761904762,0.32142857142857145,39.82142857142857,5,1,1,0.2,0.2,41.6,8565,9.05543941075822,0.3210741389375365,24,26,28,29,31,34,35
2010,5,5_25,CAAGUAZU,REPATRIACION,0.4118106139438085,0.4305633017289459,0.39541686981960017,3844,1583,45,10,5,5,5,15,0.2222222222222222,0.1111111111111111,0.1111111111111111,0.1111111111111111,0.3333333333333333,44.355555555555554,4,0,1,0,0.25,52.75,14542,9.584796293210003,0.2643377802228029,5,5,5,8,9,9,10
2010,5,5_27,CAAGUAZU,SAN JOAQUIN,0.4688067837674137,0.48137931034482756,0.458963282937365,1651,774,45,14,8,7,7,17,0.3111111111111111,0.17777777777777778,0.15555555555555556,0.15555555555555556,0.37777777777777777,40.91111111111111,5,1,0,0.2,0,41.6,6806,8.82555985506085,0.24258007640317367,8,8,9,11,11,13,14
2010,5,5_29,CAAGUAZU,SAN JOSE DE LOS ARROYOS,0.5099492781896215,0.5411184210526315,0.48181143281366,2563,1307,18,8,7,3,5,6,0.4444444444444444,0.3888888888888889,0.16666666666666666,0.2777777777777778,0.3333333333333333,38.94444444444444,2,0,0,0,0,50.5,9585,9.167954655479745,0.26739697443922794,7,7,7,7,7,7,8
2010,5,5_31,CAAGUAZU,SANTA ROSA DEL MBUTUY,0.5569800569800569,0.5697674418604651,0.5465517241379311,2106,1173,54,21,13,7,14,18,0.3888888888888889,0.24074074074074073,0.12962962962962962,0.25925925925925924,0.3333333333333333,41.333333333333336,4,1,0,0.25,0,39.75,7576,8.932740634865914,0.2779831045406547,10,13,13,16,19,20,21
2010,5,5_33,CAAGUAZU,SIMON BOLIVAR,0.5760441292356187,0.6033613445378151,0.5519287833827893,1269,731,36,16,9,6,10,14,0.4444444444444444,0.25,0.16666666666666666,0.2777777777777778,0.3888888888888889,39.47222222222222,4,1,1,0.25,0.25,45.75,3894,8.267192185932146,0.3258859784283513,9,9,12,12,12,12,16
2010,5,5_34,CAAGUAZU,TEMBIAPORA,0.6608527131782945,0.6901639344262295,0.6417910447761194,1548,1023,36,13,7,5,8,12,0.3611111111111111,0.19444444444444445,0.1388888888888889,0.2222222222222222,0.3333333333333333,42.5,4,1,0,0.25,0,44.5,4281,8.361941906144946,0.3615977575332866,3,7,8,9,12,13,13
2010,5,5_35,CAAGUAZU,VAQUERIA,0.521044992743106,0.5379746835443038,0.5067024128686327,2067,1077,36,14,10,5,9,10,0.3888888888888889,0.2777777777777778,0.1388888888888889,0.25,0.2777777777777778,38.638888888888886,4,1,0,0.25,0,46,6730,8.814330422638774,0.3071322436849926,9,10,12,12,12,12,14
2010,5,5_37,CAAGUAZU,YHU,0.5283513602097673,0.5599415204678363,0.5026737967914439,3051,1612,54,18,10,7,11,17,0.3333333333333333,0.18518518518518517,0.12962962962962962,0.2037037037037037,0.3148148148148148,41.611111111111114,5,3,0,0.6,0,37.8,11223,9.325720523016257,0.2718524458700882,10,10,11,14,16,17,18
2010,6,6_0,CAAZAPA,CAAZAPA,0.47683453237410073,0.5081867798665858,0.4485213581599124,3475,1657,96,33,21,13,20,31,0.34375,0.21875,0.13541666666666666,0.20833333333333334,0.3229166666666667,41.75,5,2,0,0.4,0,36.8,13460,9.50747760319872,0.2581723625557207,13,21,22,25,30,31,33
2010,6,6_1,CAAZAPA,ABAI,0.6466060181945417,0.6809815950920245,0.6177606177606177,2858,1848,60,26,17,9,17,19,0.43333333333333335,0.2833333333333333,0.15,0.2833333333333333,0.31666666666666665,40.333333333333336,4,1,1,0.25,0.25,45,10319,9.241742135115715,0.27696482217269114,15,17,18,24,24,25,26
2010,6,6_3,CAAZAPA,BUENA VISTA,0.6093385214007782,0.6337522441651705,0.5906593406593407,1285,783,45,20,15,10,10,18,0.4444444444444444,0.3333333333333333,0.2222222222222222,0.2222222222222222,0.4,39.422222222222224,4,2,0,0.5,0,48.5,4240,8.352318548226004,0.30306603773584906,10,15,16,18,18,18,20
2010,6,6_5,CAAZAPA,DOCTOR SANTIAGO MOISES BERTONI,0.4442675159235669,0.5043936731107206,0.39446870451237265,1256,558,36,13,6,5,8,13,0.3611111111111111,0.16666666666666666,0.1388888888888889,0.2222222222222222,0.3611111111111111,45.19444444444444,4,0,0,0,0,48,3542,8.17244681834278,0.3546019198193111,4,6,8,8,8,10,13
2010,6,6_7,CAAZAPA,FULGENCIO YEGROS,0.49229521492295214,0.53125,0.46153846153846156,1233,607,27,12,9,6,6,11,0.4444444444444444,0.3333333333333333,0.2222222222222222,0.2222222222222222,0.4074074074074074,41.407407407407405,2,1,0,0.5,0,36,4494,8.410498452745275,0.27436582109479307,9,9,10,10,11,12,12
2010,6,6_9,CAAZAPA,GENERAL HIGINIO MORINIGO,0.5285714285714286,0.5395256916996047,0.5195439739413681,1120,592,54,27,15,8,19,14,0.5,0.2777777777777778,0.14814814814814814,0.35185185185185186,0.25925925925925924,38.31481481481482,5,1,0,0.2,0,45,3770,8.234830280442056,0.29708222811671087,13,15,16,17,24,26,27
2010,6,6_11,CAAZAPA,MACIEL,0.5749730312837109,0.6083916083916084,0.5461847389558233,927,533,36,13,8,6,7,13,0.3611111111111111,0.2222222222222222,0.16666666666666666,0.19444444444444445,0.3611111111111111,44.02777777777778,4,0,0,0,0,46.75,2946,7.988203597022576,0.31466395112016293,7,8,9,9,11,13,13
2010,6,6_13,CAAZAPA,SAN JUAN NEPOMUCENO,0.4054761904761905,0.4442675159235669,0.37392055267702934,4200,1703,84,37,20,11,26,25,0.44047619047619047,0.23809523809523808,0.13095238095238096,0.30952380952380953,0.2976190476190476,40.107142857142854,4,0,0,0,0,47.5,15953,9.677402178300998,0.26327336551118913,18,20,24,27,31,33,37
2010,6,6_15,CAAZAPA,TAVAI,0.5363693864642631,0.5804093567251462,0.5027870680044593,1581,848,54,21,16,10,11,15,0.3888888888888889,0.2962962962962963,0.18518518518518517,0.2037037037037037,0.2777777777777778,41.27777777777778,5,2,1,0.4,0.2,34.4,5822,8.669399124305569,0.271556166265888,13,16,18,18,18,19,21
2010,6,6_17,CAAZAPA,YUTY,0.3407821229050279,0.398018648018648,0.2965796579657966,3938,1342,84,36,23,14,22,23,0.42857142857142855,0.27380952380952384,0.16666666666666666,0.2619047619047619,0.27380952380952384,41.857142857142854,4,1,0,0.25,0,40.25,17443,9.766693701018134,0.2257639167574385,20,23,26,29,34,34,36
2010,7,7_0,ITAPUA,ENCARNACION,0.43793410507569014,0.44808374134729023,0.4266063689466742,11230,4918,120,40,21,16,24,51,0.3333333333333333,0.175,0.13333333333333333,0.2,0.425,42.358333333333334,3,0,0,0,0,47.666666666666664,52526,10.86906356408504,0.2137988805543921,21,21,24,30,32,34,40
2010,7,7_1,ITAPUA,ALTO VERA,0.5234138972809668,0.5600706713780919,0.49604221635883905,1324,693,45,21,11,7,14,11,0.4666666666666667,0.24444444444444444,0.15555555555555556,0.3111111111111111,0.24444444444444444,38.93333333333333,4,2,0,0.5,0,40,5336,8.58223158759546,0.24812593703148425,8,11,14,16,18,19,21
2010,7,7_3,ITAPUA,BELLA VISTA,0.6048171275646744,0.615530303030303,0.5952782462057336,1121,678,60,20,12,8,12,21,0.3333333333333333,0.2,0.13333333333333333,0.2,0.35,42.55,4,0,0,0,0,47.5,4942,8.505525386548555,0.22683124241197897,10,12,13,15,17,19,20
2010,7,7_5,ITAPUA,CAMBYRETA,0.49227150537634407,0.5046963055729493,0.47788252356780275,2976,1465,84,27,16,8,19,23,0.32142857142857145,0.19047619047619047,0.09523809523809523,0.2261904761904762,0.27380952380952384,41.01190476190476,5,0,0,0,0,46.2,12370,9.423029465386534,0.24058205335489086,14,16,18,22,23,25,27
2010,7,7_7,ITAPUA,CAPITAN MEZA,0.5428816466552315,0.5369369369369369,0.5482815057283142,1166,633,48,17,10,7,10,15,0.3541666666666667,0.20833333333333334,0.14583333333333334,0.20833333333333334,0.3125,41.229166666666664,4,0,0,0,0,46.75,5096,8.536211197252,0.22880690737833595,9,10,12,13,13,16,17
2010,7,7_9,ITAPUA,CAPITAN MIRANDA,0.5456431535269709,0.6069246435845214,0.4820295983086681,964,526,18,7,5,3,4,6,0.3888888888888889,0.2777777777777778,0.16666666666666666,0.2222222222222222,0.3333333333333333,41.333333333333336,2,1,0,0.5,0,40,4917,8.50045386741194,0.196054504779337,5,5,6,7,7,7,7
2010,7,7_11,ITAPUA,CARLOS ANTONIO LOPEZ,0.5095715587967183,0.5038167938931297,0.5137039937353172,2194,1118,84,30,18,9,21,22,0.35714285714285715,0.21428571428571427,0.10714285714285714,0.25,0.2619047619047619,41.226190476190474,6,2,2,0.3333333333333333,0.3333333333333333,36.833333333333336,7464,8.91784674252718,0.29394426580921756,17,18,21,23,25,28,30
2010,7,7_13,ITAPUA,CARMEN DEL PARANA,0.6346328195829556,0.6637010676156584,0.6044362292051756,1103,700,60,24,16,11,13,23,0.4,0.26666666666666666,0.18333333333333332,0.21666666666666667,0.38333333333333336,41.833333333333336,4,1,0,0.25,0,43.5,4263,8.35772841676521,0.25873797794980063,14,16,17,17,18,20,24
2010,7,7_15,ITAPUA,CORONEL BOGADO,0.5454980842911877,0.609981515711645,0.4761431411530815,2088,1139,48,21,10,7,14,19,0.4375,0.20833333333333334,0.14583333333333334,0.2916666666666667,0.3958333333333333,40.958333333333336,3,0,0,0,0,44,10137,9.2239473753824,0.20597810002959455,9,10,12,14,14,17,21
2010,7,7_17,ITAPUA,EDELIRA,0.386997957794418,0.4108187134502924,0.3662420382165605,2938,1137,84,25,13,6,19,28,0.2976190476190476,0.15476190476190477,0.07142857142857142,0.2261904761904762,0.3333333333333333,42.416666666666664,6,2,0,0.3333333333333333,0,43,11375,9.33917324381915,0.2582857142857143,9,13,14,16,19,22,25
2010,7,7_19,ITAPUA,FRAM,0.6847290640394089,0.6796875,0.6892523364485982,812,556,72,30,22,12,18,24,0.4166666666666667,0.3055555555555556,0.16666666666666666,0.25,0.3333333333333333,39.90277777777778,4,1,0,0.25,0,49.25,4024,8.300031711779575,0.20178926441351888,18,22,25,25,28,29,30
2010,7,7_21,ITAPUA,GENERAL ARTIGAS,0.4196078431372549,0.4495677233429395,0.39473684210526316,1530,642,60,19,10,3,16,19,0.31666666666666665,0.16666666666666666,0.05,0.26666666666666666,0.31666666666666665,45.53333333333333,4,1,0,0.25,0,46.25,7181,8.879193928110318,0.2130622475978276,6,10,11,14,15,16,19
2010,7,7_23,ITAPUA,GENERAL DELGADO,0.49145299145299143,0.5170940170940171,0.4658119658119658,936,460,27,9,4,4,5,10,0.3333333333333333,0.14814814814814814,0.14814814814814814,0.18518518518518517,0.37037037037037035,42.25925925925926,2,1,0,0.5,0,43,4427,8.395477432732141,0.211429862209171,4,4,6,6,8,8,9
2010,7,7_25,ITAPUA,HOHENAU,0.6315270935960591,0.5895953757225434,0.6754032258064516,1015,641,60,20,13,5,15,18,0.3333333333333333,0.21666666666666667,0.08333333333333333,0.25,0.3,41.68333333333333,4,0,0,0,0,55,5064,8.529911963824013,0.200434439178515,11,13,13,13,14,17,20
2010,7,7_27,ITAPUA,ITAPUA POTY,0.5163157894736842,0.544392523364486,0.4932950191570881,1900,981,60,17,9,6,11,11,0.2833333333333333,0.15,0.1,0.18333333333333332,0.18333333333333332,43.25,5,2,0,0.4,0,41,6736,8.815221555922163,0.2820665083135392,8,9,12,13,16,17,17
2010,7,7_29,ITAPUA,JESUS,0.6715909090909091,0.6810933940774487,0.6621315192743764,880,591,48,19,11,7,12,17,0.3958333333333333,0.22916666666666666,0.14583333333333334,0.25,0.3541666666666667,39.583333333333336,4,2,0,0.5,0,37,3456,8.147867129923947,0.25462962962962965,11,11,12,13,17,18,19
2010,7,7_31,ITAPUA,JOSE LEANDRO OVIEDO,0.5904463586530931,0.5678391959798995,0.6102941176470589,1277,754,27,13,6,5,8,10,0.48148148148148145,0.2222222222222222,0.18518518518518517,0.2962962962962963,0.37037037037037035,39.18518518518518,2,0,0,0,0,43,3708,8.218247926685745,0.34439050701186624,4,6,9,10,12,12,13
2010,7,7_33,ITAPUA,LA PAZ,0.633245382585752,0.6648351648351648,0.6040609137055838,379,240,27,8,5,4,4,7,0.2962962962962963,0.18518518518518517,0.14814814814814814,0.14814814814814814,0.25925925925925924,42.666666666666664,3,0,0,0,0,53.666666666666664,1738,7.460490305825338,0.2180667433831991,5,5,5,5,6,7,8
2010,7,7_35,ITAPUA,MAYOR JULIO DIONISIO OTAÑO,0.5802047781569966,0.6,0.5631244323342416,2051,1190,60,19,13,8,11,20,0.31666666666666665,0.21666666666666667,0.13333333333333333,0.18333333333333332,0.3333333333333333,43.13333333333333,4,0,1,0,0.25,47.25,6920,8.842171048611716,0.2963872832369942,11,13,14,15,16,18,19
2010,7,7_37,ITAPUA,NATALIO,0.4412657130472475,0.4785992217898833,0.4112587959343237,2307,1018,60,16,11,6,10,20,0.26666666666666666,0.18333333333333332,0.1,0.16666666666666666,0.3333333333333333,42.06666666666667,4,0,1,0,0.25,43.5,9687,9.178540059426386,0.2381542273149582,7,11,12,12,14,15,16
2010,7,7_39,ITAPUA,NUEVA ALBORADA,0.7144535840188014,0.7604166666666666,0.6766595289079229,851,608,72,25,11,7,18,21,0.3472222222222222,0.1527777777777778,0.09722222222222222,0.25,0.2916666666666667,42.59722222222222,6,1,1,0.16666666666666666,0.16666666666666666,43.666666666666664,3292,8.09925056179696,0.258505467800729,9,11,13,17,23,23,25
2010,7,7_41,ITAPUA,OBLIGADO,0.5968109339407744,0.6183206106870229,0.5755287009063444,1317,786,60,11,7,4,7,18,0.18333333333333332,0.11666666666666667,0.06666666666666667,0.11666666666666667,0.3,44.2,4,0,0,0,0,55.25,5941,8.689632748355741,0.22167985187678843,7,7,8,11,11,11,11
2010,7,7_43,ITAPUA,PIRAPO,0.5407523510971787,0.5601503759398496,0.5268817204301075,638,345,48,16,9,5,11,15,0.3333333333333333,0.1875,0.10416666666666667,0.22916666666666666,0.3125,40.729166666666664,4,0,0,0,0,53,3127,8.047829357457841,0.20402942117045092,9,9,12,14,14,16,16
2010,7,7_45,ITAPUA,SAN COSME Y DAMIAN,0.45623069001029865,0.4870689655172414,0.4280078895463511,971,443,48,20,11,11,9,17,0.4166666666666667,0.22916666666666666,0.22916666666666666,0.1875,0.3541666666666667,40.6875,3,2,0,0.6666666666666666,0,33.333333333333336,3882,8.264105763728956,0.25012879958784134,9,11,13,14,14,18,20
2010,7,7_47,ITAPUA,SAN JUAN DEL PARANA,0.6086261980830671,0.646964856230032,0.5702875399361023,1252,762,48,21,16,13,8,18,0.4375,0.3333333333333333,0.2708333333333333,0.16666666666666666,0.375,38.604166666666664,4,0,2,0,0.5,47,4606,8.43511508038063,0.2718193660442901,14,16,17,20,20,20,21
2010,7,7_49,ITAPUA,SAN PEDRO DEL PARANA,0.3843490304709141,0.4107142857142857,0.365748031496063,4332,1665,45,19,12,7,12,15,0.4222222222222222,0.26666666666666666,0.15555555555555556,0.26666666666666666,0.3333333333333333,41.13333333333333,4,1,0,0.25,0,47,16840,9.731512287796317,0.25724465558194776,9,12,16,17,17,18,19
2010,7,7_51,ITAPUA,SAN RAFAEL DEL PARANA,0.532058492688414,0.5563636363636364,0.5149968091895342,2667,1419,84,33,18,17,16,28,0.39285714285714285,0.21428571428571427,0.20238095238095238,0.19047619047619047,0.3333333333333333,39.726190476190474,5,0,1,0,0.2,48.2,9111,9.117237753713859,0.29272308198880476,15,18,20,25,27,29,33
2010,7,7_53,ITAPUA,TOMAS ROMERO PEREIRA,0.3995943204868154,0.4054916985951469,0.3946949602122016,3451,1379,108,38,25,13,25,34,0.35185185185185186,0.23148148148148148,0.12037037037037036,0.23148148148148148,0.3148148148148148,40.56481481481482,4,1,0,0.25,0,44.25,13795,9.532061486651386,0.25016310257339613,23,25,29,30,32,36,38
2010,7,7_55,ITAPUA,TRINIDAD,0.5815160955347871,0.6303418803418803,0.5353535353535354,963,560,72,32,20,10,22,24,0.4444444444444444,0.2777777777777778,0.1388888888888889,0.3055555555555556,0.3333333333333333,39.47222222222222,5,3,1,0.6,0.2,33.8,3750,8.229511118964457,0.2568,18,20,24,26,27,30,32
2010,7,7_57,ITAPUA,YATYTAY,0.43609022556390975,0.43994778067885115,0.43302180685358255,1729,754,60,21,13,5,16,14,0.35,0.21666666666666667,0.08333333333333333,0.26666666666666666,0.23333333333333334,40.13333333333333,5,0,0,0,0,50.4,6361,8.757940876678804,0.2718126080804905,13,13,13,16,17,20,21
2010,8,8_0,MISIONES,SAN JUAN BAUTISTA,0.6467526028755578,0.6928197812648598,0.5965820818228897,4034,2609,58,24,14,9,15,24,0.41379310344827586,0.2413793103448276,0.15517241379310345,0.25862068965517243,0.41379310344827586,41.01724137931034,3,0,1,0,0.3333333333333333,49.333333333333336,12334,9.420114955551439,0.32706340197827144,12,14,16,21,22,23,24
2010,8,8_1,MISIONES,AYOLAS,0.5645161290322581,0.5784244144783535,0.5509355509355509,2852,1610,83,37,24,15,22,32,0.4457831325301205,0.2891566265060241,0.18072289156626506,0.26506024096385544,0.3855421686746988,37.75903614457831,4,1,3,0.25,0.75,46.75,9553,9.164610520270008,0.298544959698524,22,24,29,30,34,36,37
2010,8,8_3,MISIONES,SAN IGNACIO,0.5378590078328982,0.5692695214105793,0.5040650406504065,4596,2472,82,40,22,13,27,27,0.4878048780487805,0.2682926829268293,0.15853658536585366,0.32926829268292684,0.32926829268292684,39.80487804878049,5,1,3,0.2,0.6,41,16545,9.713839220355712,0.27778785131459655,19,22,28,31,34,36,40
2010,8,8_5,MISIONES,SAN MIGUEL,0.48409090909090907,0.5323741007194245,0.4406047516198704,880,426,27,12,8,4,8,12,0.4444444444444444,0.2962962962962963,0.14814814814814814,0.2962962962962963,0.4444444444444444,38.7037037037037,2,1,0,0.5,0,38.5,3196,8.069655306886165,0.2753441802252816,6,8,9,11,11,12,12
2010,8,8_7,MISIONES,SAN PATRICIO,0.6345707656612529,0.6524822695035462,0.6173120728929385,862,547,45,16,12,5,11,20,0.35555555555555557,0.26666666666666666,0.1111111111111111,0.24444444444444444,0.4444444444444444,42.733333333333334,3,2,1,0.6666666666666666,0.3333333333333333,34,2957,7.9919305198524775,0.291511667230301,11,12,12,12,13,14,16
2010,8,8_9,MISIONES,SANTA MARIA,0.585812356979405,0.6650943396226415,0.5111111111111111,1311,768,27,16,8,6,10,10,0.5925925925925926,0.2962962962962963,0.2222222222222222,0.37037037037037035,0.37037037037037035,36.18518518518518,3,0,0,0,0,49,4755,8.46695197497949,0.2757097791798107,6,8,10,12,13,15,16
2010,8,8_11,MISIONES,SANTA ROSA,0.45710526315789474,0.49865229110512127,0.4174807197943445,3800,1737,96,40,23,16,24,41,0.4166666666666667,0.23958333333333334,0.16666666666666666,0.25,0.4270833333333333,41.739583333333336,7,2,0,0.2857142857142857,0,36,12511,9.4343635363174,0.3037327152106147,16,23,26,31,35,38,40
2010,8,8_13,MISIONES,SANTIAGO,0.5647058823529412,0.5746606334841629,0.5552367288378766,1360,768,36,13,10,6,7,19,0.3611111111111111,0.2777777777777778,0.16666666666666666,0.19444444444444445,0.5277777777777778,40.416666666666664,3,0,0,0,0,52,5001,8.517393171418904,0.27194561087782443,9,10,11,12,13,13,13
2010,8,8_15,MISIONES,VILLA FLORIDA,0.6323185011709602,0.6675,0.6013215859030837,854,540,27,8,4,3,5,11,0.2962962962962963,0.14814814814814814,0.1111111111111111,0.18518518518518517,0.4074074074074074,43.407407407407405,3,1,0,0.3333333333333333,0,52.666666666666664,2662,7.8868329989550565,0.3208114199849737,3,4,7,7,8,8,8
2010,8,8_17,MISIONES,YABEBYRY,0.6429906542056075,0.6869918699186992,0.6055363321799307,535,344,36,12,7,3,9,12,0.3333333333333333,0.19444444444444445,0.08333333333333333,0.25,0.3333333333333333,41,3,0,1,0,0.3333333333333333,56.333333333333336,2136,7.666690200080086,0.25046816479400746,6,7,8,9,10,10,12
2010,9,9_0,PARAGUARI,PARAGUARI,0.46296296296296297,0.5198463508322664,0.39985795454545453,2970,1375,72,34,21,15,19,26,0.4722222222222222,0.2916666666666667,0.20833333333333334,0.2638888888888889,0.3611111111111111,41.208333333333336,6,2,1,0.3333333333333333,0.16666666666666666,40.5,11751,9.371693622333941,0.2527444472810825,17,21,25,28,29,31,34
2010,9,9_1,PARAGUARI,ACAHAY,0.4768451519536903,0.4882664647993944,0.4663894663894664,2764,1318,54,17,9,9,8,17,0.3148148148148148,0.16666666666666666,0.16666666666666666,0.14814814814814814,0.3148148148148148,42.7037037037037,5,1,0,0.2,0,43.4,10357,9.24541789858888,0.26687264651926235,8,9,11,14,15,16,17
2010,9,9_3,PARAGUARI,CAAPUCU,0.3837784371909001,0.4148296593186373,0.353515625,1011,388,48,18,10,8,10,16,0.375,0.20833333333333334,0.16666666666666666,0.20833333333333334,0.3333333333333333,42.583333333333336,4,1,0,0.25,0,44.75,4545,8.421783006611578,0.22244224422442244,10,10,13,15,18,18,18
2010,9,9_5,PARAGUARI,CARAPEGUA,0.5236692615190406,0.5593372145096283,0.49206349206349204,4753,2489,72,29,14,12,17,26,0.4027777777777778,0.19444444444444445,0.16666666666666666,0.2361111111111111,0.3611111111111111,39.84722222222222,5,0,1,0,0.2,48.6,20947,9.949750717005767,0.2269060008593116,12,14,18,21,22,25,29
2010,9,9_7,PARAGUARI,ESCOBAR,0.4979919678714859,0.5348837209302325,0.4646271510516252,996,496,36,10,6,5,5,13,0.2777777777777778,0.16666666666666666,0.1388888888888889,0.1388888888888889,0.3611111111111111,45.30555555555556,4,0,0,0,0,57,3726,8.223090551161533,0.2673107890499195,5,6,6,6,7,9,10
2010,9,9_9,PARAGUARI,GENERAL BERNARDINO CABALLERO,0.3896551724137931,0.4264705882352941,0.35714285714285715,1160,452,36,12,7,4,8,11,0.3333333333333333,0.19444444444444445,0.1111111111111111,0.2222222222222222,0.3055555555555556,41.611111111111114,4,1,1,0.25,0.25,47.25,4684,8.451907724717607,0.24765157984628522,5,7,9,9,10,11,12
2010,9,9_11,PARAGUARI,LA COLMENA,0.5980952380952381,0.5850622406639004,0.6091549295774648,1050,628,36,13,8,6,7,12,0.3611111111111111,0.2222222222222222,0.16666666666666666,0.19444444444444445,0.3333333333333333,41.72222222222222,4,1,1,0.25,0.25,43.75,4231,8.350193650720067,0.24816828173008745,5,8,10,10,11,12,13
2010,9,9_13,PARAGUARI,MBUYAPEY,0.4853801169590643,0.5431606905710491,0.4399164054336468,1710,830,45,25,10,6,19,11,0.5555555555555556,0.2222222222222222,0.13333333333333333,0.4222222222222222,0.24444444444444444,39.2,5,1,1,0.2,0.2,43,6660,8.803874763534434,0.25675675675675674,8,10,14,17,19,22,25
2010,9,9_15,PARAGUARI,PIRAYU,0.46956521739130436,0.53125,0.4083865086599818,2185,1026,36,15,8,5,10,10,0.4166666666666667,0.2222222222222222,0.1388888888888889,0.2777777777777778,0.2777777777777778,43.138888888888886,4,0,1,0,0.25,47,9239,9.131188933670746,0.23649745643467907,6,8,10,11,13,15,15
2010,9,9_17,PARAGUARI,QUIINDY,0.5074798619102416,0.5339393939393939,0.4835706462212486,3476,1764,96,25,17,12,13,38,0.2604166666666667,0.17708333333333334,0.125,0.13541666666666666,0.3958333333333333,44.28125,5,1,2,0.2,0.4,46.4,12810,9.45798139489078,0.2713505074160812,15,17,20,22,22,24,25
2010,9,9_19,PARAGUARI,QUYQUYHO,0.5710407239819004,0.6229838709677419,0.5287356321839081,1105,631,36,11,9,4,7,11,0.3055555555555556,0.25,0.1111111111111111,0.19444444444444445,0.3055555555555556,41.861111111111114,4,2,1,0.5,0.25,33.75,4495,8.410720946905721,0.24582869855394884,7,9,9,11,11,11,11
2010,9,9_21,PARAGUARI,SAN ROQUE GONZALEZ DE SANTACRUZ,0.575,0.5884101040118871,0.5618631732168851,1360,782,36,13,4,7,6,11,0.3611111111111111,0.1111111111111111,0.19444444444444445,0.16666666666666666,0.3055555555555556,39.666666666666664,3,1,2,0.3333333333333333,0.6666666666666666,47,6330,8.753055515138222,0.21484992101105846,4,4,7,9,12,12,13
2010,9,9_23,PARAGUARI,SAPUCAI,0.5165376495425756,0.5614567526555387,0.4776902887139108,1421,734,45,15,9,7,8,17,0.3333333333333333,0.2,0.15555555555555556,0.17777777777777778,0.37777777777777777,41.022222222222226,4,0,0,0,0,44.75,4915,8.500047032581268,0.2891149542217701,9,9,10,10,10,12,15
2010,9,9_25,PARAGUARI,TEBICUARYMI,0.6661514683153014,0.7213114754098361,0.6169590643274854,647,431,36,12,8,9,3,15,0.3333333333333333,0.2222222222222222,0.25,0.08333333333333333,0.4166666666666667,40.97222222222222,4,1,3,0.25,0.75,45.5,2599,7.8628820346414905,0.2489419007310504,8,8,11,12,12,12,12
2010,9,9_27,PARAGUARI,YAGUARON,0.5706351122917169,0.6142714570858283,0.529714553111839,4141,2363,48,24,16,8,16,18,0.5,0.3333333333333333,0.16666666666666666,0.3333333333333333,0.375,37.729166666666664,3,1,0,0.3333333333333333,0,48.333333333333336,16934,9.737078714202223,0.24453761662926657,14,16,18,22,23,24,24
2010,9,9_29,PARAGUARI,YBYCUI,0.4348084348084348,0.47289719626168225,0.40011350737797957,3367,1464,60,20,14,8,12,23,0.3333333333333333,0.23333333333333334,0.13333333333333333,0.2,0.38333333333333336,43.516666666666666,4,2,2,0.5,0.5,42.25,12875,9.463042725531936,0.2615145631067961,13,14,16,17,19,20,20
2010,9,9_31,PARAGUARI,YBYTYMI,0.5217842323651453,0.5653153153153153,0.4846153846153846,964,503,36,11,6,6,5,15,0.3055555555555556,0.16666666666666666,0.16666666666666666,0.1388888888888889,0.4166666666666667,43.47222222222222,3,0,0,0,0,55.666666666666664,3767,8.23403420769204,0.25590655694186354,6,6,8,9,9,11,11
2010,10,10_0,ALTO PARANA,CIUDAD DEL ESTE,0.5060035250055078,0.5027798975253461,0.5092953356339753,36312,18374,129,37,26,8,29,40,0.2868217054263566,0.20155038759689922,0.06201550387596899,0.2248062015503876,0.31007751937984496,41.47286821705426,4,1,2,0.25,0.5,42.25,134659,11.810500935961494,0.2696589162254287,26,26,32,34,35,36,37
2010,10,10_1,ALTO PARANA,DOCTOR JUAN LEON MALLORQUIN,0.5771971496437055,0.5949055053410025,0.5607333842627961,2526,1458,36,11,8,5,6,10,0.3055555555555556,0.2222222222222222,0.1388888888888889,0.16666666666666666,0.2777777777777778,43.083333333333336,3,0,0,0,0,42.666666666666664,9574,9.166806369952454,0.26383956548986837,5,8,8,8,11,11,11
2010,10,10_3,ALTO PARANA,DOMINGO MARTINEZ DE IRALA,0.6495031616982837,0.6653061224489796,0.6369529983792545,1107,719,27,10,6,4,6,9,0.37037037037037035,0.2222222222222222,0.14814814814814814,0.2222222222222222,0.3333333333333333,37.925925925925924,3,0,0,0,0,43,3575,8.181720455128108,0.30965034965034965,5,6,7,9,10,10,10
2010,10,10_5,ALTO PARANA,HERNANDARIAS,0.5703897614892379,0.5711358313817331,0.5696531791907514,6876,3922,119,47,27,16,31,42,0.3949579831932773,0.226890756302521,0.13445378151260504,0.2605042016806723,0.35294117647058826,40.42016806722689,8,0,2,0,0.25,49.125,27196,10.21082518264635,0.25283129872040006,26,27,30,33,36,43,47
2010,10,10_7,ALTO PARANA,IRUÑA,0.6237623762376238,0.6565349544072948,0.5952380952380952,707,441,36,12,11,7,5,12,0.3333333333333333,0.3055555555555556,0.19444444444444445,0.1388888888888889,0.3333333333333333,39.583333333333336,3,0,0,0,0,46.666666666666664,2429,7.795234929002173,0.2910662824207493,11,11,11,12,12,12,12
2010,10,10_9,ALTO PARANA,ITAKYRY,0.5454885810557843,0.5885860306643952,0.511690046760187,2671,1457,47,20,14,10,10,17,0.425531914893617,0.2978723404255319,0.2127659574468085,0.2127659574468085,0.3617021276595745,40.59574468085106,4,2,0,0.5,0,36,10165,9.226705726062447,0.2627643876045253,9,14,15,17,17,20,20
2010,10,10_11,ALTO PARANA,JUAN EMILIO O'LEARY,0.4293286219081272,0.4558032282859339,0.40680183126226294,2830,1215,45,16,10,8,8,12,0.35555555555555557,0.2222222222222222,0.17777777777777778,0.17777777777777778,0.26666666666666666,41,4,0,0,0,0,41.5,9785,9.188605879830176,0.28921819110884006,9,10,12,12,12,15,16
2010,10,10_13,ALTO PARANA,LOS CEDRALES,0.6201954397394137,0.6300148588410104,0.6125290023201856,1535,952,72,32,16,14,18,24,0.4444444444444444,0.2222222222222222,0.19444444444444445,0.25,0.3333333333333333,39.375,6,2,0,0.3333333333333333,0,39,4644,8.443331342817782,0.33053402239448754,13,16,20,23,27,30,32
2010,10,10_15,ALTO PARANA,MBARACAYU,0.669218989280245,0.6643598615916955,0.6730769230769231,653,437,60,22,20,12,10,23,0.36666666666666664,0.3333333333333333,0.2,0.16666666666666666,0.38333333333333336,38.61666666666667,4,1,0,0.25,0,40,2745,7.917536353943631,0.2378870673952641,18,20,20,22,22,22,22
2010,10,10_17,ALTO PARANA,MINGA GUAZU,0.4725138121546961,0.48028776978417265,0.4653386454183267,7240,3421,60,25,16,11,14,21,0.4166666666666667,0.26666666666666666,0.18333333333333332,0.23333333333333334,0.35,40.46666666666667,4,0,0,0,0,47,25835,10.159485440721285,0.28023998451712795,13,16,17,18,20,22,25
2010,10,10_19,ALTO PARANA,MINGA PORA,0.6877572016460906,0.7089639115250291,0.6709677419354839,1944,1337,72,36,23,12,24,22,0.5,0.3194444444444444,0.16666666666666666,0.3333333333333333,0.3055555555555556,37.22222222222222,5,2,0,0.4,0,40.8,5646,8.638702608813434,0.3443145589798087,21,23,29,29,31,34,36
2010,10,10_21,ALTO PARANA,NARANJAL,0.6836798991808444,0.6747851002865329,0.6906636670416197,1587,1085,60,17,9,4,13,16,0.2833333333333333,0.15,0.06666666666666667,0.21666666666666667,0.26666666666666666,41.483333333333334,3,1,0,0.3333333333333333,0,38.666666666666664,5044,8.52595469708481,0.31463124504361617,7,9,9,14,14,17,17
2010,10,10_23,ALTO PARANA,ÑACUNDAY,0.649584487534626,0.6772151898734177,0.6280788177339901,722,469,71,31,14,15,16,28,0.43661971830985913,0.19718309859154928,0.2112676056338028,0.22535211267605634,0.39436619718309857,39.985915492957744,6,1,0,0.16666666666666666,0,45.166666666666664,2802,7.938088726896952,0.25767309064953603,10,14,18,19,22,27,31
2010,10,10_25,ALTO PARANA,PRESIDENTE FRANCO,0.5144936040370849,0.5288256227758007,0.5004644681839294,8521,4384,81,33,18,13,20,32,0.4074074074074074,0.2222222222222222,0.16049382716049382,0.24691358024691357,0.3950617283950617,40.2962962962963,4,1,0,0.25,0,52.25,30172,10.314669620973522,0.28241415882274956,14,18,22,26,28,32,33
2010,10,10_27,ALTO PARANA,SAN ALBERTO,0.6507650765076508,0.6324435318275154,0.6650641025641025,1111,723,96,36,28,19,17,30,0.375,0.2916666666666667,0.19791666666666666,0.17708333333333334,0.3125,39.947916666666664,5,0,0,0,0,57.4,4301,8.366602832783736,0.25831202046035806,26,28,30,33,33,35,36
2010,10,10_29,ALTO PARANA,SAN CRISTOBAL,0.6726144297905353,0.69875222816399285,0.6524725274725275,1289,867,59,30,17,10,20,18,0.5084745762711864,0.288135593220339,0.1694915254237288,0.3389830508474576,0.3050847457627119,39.91525423728814,4,2,0,0.5,0,37.25,3730,8.224163512637862,0.34557640750670243,11,17,18,20,25,27,30
2010,10,10_30,ALTO PARANA,SANTA FE DEL PARANA,0.8372943327239488,0.8416988416988417,0.8333333333333334,547,458,60,25,16,12,13,18,0.4166666666666667,0.26666666666666666,0.2,0.21666666666666667,0.3,38.666666666666664,4,0,0,0,0,48.5,1652,7.409741954080923,0.3311138014527845,11,16,17,19,21,25,25
2010,10,10_31,ALTO PARANA,SANTA RITA,0.738327904451683,0.7329721362229102,0.743031951053705,2763,2040,83,41,27,11,30,23,0.4939759036144578,0.3253012048192771,0.13253012048192772,0.3614457831325301,0.27710843373493976,36.734939759036145,4,0,0,0,0,47.25,7686,8.94715577112479,0.3594847775175644,26,27,32,34,36,39,41
2010,10,10_33,ALTO PARANA,SANTA ROSA DEL MONDAY,0.6680896478121665,0.6632536973833902,0.6723618090452261,1874,1252,95,52,36,20,32,36,0.5473684210526316,0.37894736842105264,0.21052631578947367,0.3368421052631579,0.37894736842105264,37.32631578947368,4,0,2,0,0.5,47,5611,8.632484235750972,0.3339868116200321,32,36,40,44,49,49,52
2010,10,10_35,ALTO PARANA,YGUAZU,0.6492220650636492,0.656441717791411,0.6430446194225722,1414,918,45,18,10,6,12,14,0.4,0.2222222222222222,0.13333333333333333,0.26666666666666666,0.3111111111111111,41.86666666666667,5,1,0,0.2,0,41.2,4913,8.499640032168648,0.2878078567066965,9,10,12,13,15,16,18
2010,11,11_0,CENTRAL,AREGUA,0.49033957845433257,0.5297297297297298,0.4485981308411215,6832,3350,108,36,21,15,21,40,0.3333333333333333,0.19444444444444445,0.1388888888888889,0.19444444444444445,0.37037037037037035,41.157407407407405,5,0,0,0,0,51.8,25204,10.134757991061946,0.2710680844310427,20,21,23,26,29,34,36
2010,11,11_1,CENTRAL,CAPIATA,0.42512315270935963,0.4460774771267277,0.4036505086774387,20300,8630,96,25,17,10,15,35,0.2604166666666667,0.17708333333333334,0.10416666666666667,0.15625,0.3645833333333333,44.770833333333336,6,1,0,0.16666666666666666,0,49.5,77407,11.25683249476492,0.262250184091878,14,17,18,19,21,25,25
2010,11,11_3,CENTRAL,FERNANDO DE LA MORA,0.4530841783642563,0.44695984040246334,0.4594716844581147,22583,10232,144,55,39,24,31,61,0.3819444444444444,0.2708333333333333,0.16666666666666666,0.2152777777777778,0.4236111111111111,40.673611111111114,7,1,3,0.14285714285714285,0.42857142857142855,43.142857142857146,83681,11.334767229514153,0.2698701019347283,33,39,42,46,50,51,55
2010,11,11_5,CENTRAL,GUARAMBARE,0.6307079374808459,0.644311377245509,0.6164469554300063,3263,2058,72,27,21,11,16,27,0.375,0.2916666666666667,0.1527777777777778,0.2222222222222222,0.375,40.47222222222222,4,1,1,0.25,0.25,40.5,11621,9.360569085222874,0.2807847861629808,20,21,21,22,23,25,27
2010,11,11_7,CENTRAL,ITA,0.5910344827586207,0.6140947201450261,0.5672964777233497,8700,5142,96,34,22,12,22,27,0.3541666666666667,0.22916666666666666,0.125,0.22916666666666666,0.28125,42.489583333333336,5,1,0,0.2,0,46.6,33089,10.40695617984855,0.26292725679228746,18,22,23,26,29,33,34
2010,11,11_9,CENTRAL,ITAUGUA,0.46599205840912,0.5136723741374905,0.4180790960451977,7807,3638,120,37,25,17,20,47,0.30833333333333335,0.20833333333333334,0.14166666666666666,0.16666666666666666,0.39166666666666666,42.733333333333334,5,1,0,0.2,0,49,33136,10.408375583635365,0.2356047802993723,25,25,25,30,32,35,37
2010,11,11_11,CENTRAL,JULIAN AUGUSTO SALDIVAR,0.3701636188642926,0.3919022154316272,0.3480791618160652,5195,1923,60,26,17,14,12,22,0.43333333333333335,0.2833333333333333,0.23333333333333334,0.2,0.36666666666666664,40.2,4,1,0,0.25,0,47,19537,9.880065382591635,0.2659057173568102,15,17,20,20,23,23,26
2010,11,11_13,CENTRAL,LAMBARE,0.5180621674600953,0.5188384488145561,0.5172610015174507,21426,11100,108,36,23,15,21,48,0.3333333333333333,0.21296296296296297,0.1388888888888889,0.19444444444444445,0.4444444444444444,42.879629629629626,4,1,0,0.25,0,50,77072,11.252495328870001,0.2779997924019099,18,23,24,29,33,35,36
2010,11,11_15,CENTRAL,LIMPIO,0.4843716548918861,0.5053763440860215,0.46182867288060364,9342,4525,84,35,21,16,19,31,0.4166666666666667,0.25,0.19047619047619047,0.2261904761904762,0.36904761904761907,39.892857142857146,5,3,0,0.6,0,41,36855,10.51474657362339,0.25347985347985347,20,21,23,25,30,34,35
2010,11,11_17,CENTRAL,LUQUE,0.4396401732499167,0.45930526467826965,0.41895792192009723,27013,11876,132,50,32,17,33,43,0.3787878787878788,0.24242424242424243,0.12878787878787878,0.25,0.32575757575757575,40.34090909090909,7,1,0,0.14285714285714285,0,51,99108,11.503965443598718,0.27256124631714895,26,32,35,38,44,48,50
2010,11,11_19,CENTRAL,MARIANO ROQUE ALONSO,0.504753282028067,0.516973125884017,0.4919280014845055,11045,5575,144,51,32,26,25,58,0.3541666666666667,0.2222222222222222,0.18055555555555555,0.1736111111111111,0.4027777777777778,42.145833333333336,7,0,1,0,0.14285714285714285,46.857142857142854,39244,10.577553845283282,0.28144429721740905,25,32,37,40,43,46,51
2010,11,11_21,CENTRAL,NUEVA ITALIA,0.6169250645994832,0.6386333771353482,0.5959339263024143,1548,955,45,22,17,11,11,17,0.4888888888888889,0.37777777777777777,0.24444444444444444,0.24444444444444444,0.37777777777777777,39.044444444444444,3,1,1,0.3333333333333333,0.3333333333333333,47.333333333333336,6119,8.71915396346254,0.2529825134825952,15,17,18,19,20,21,22
2010,11,11_23,CENTRAL,ÑEMBY,0.4417733842582191,0.449046483909416,0.43442252672790244,13353,5899,132,48,31,15,33,41,0.36363636363636365,0.23484848484848486,0.11363636363636363,0.25,0.3106060606060606,41.64393939393939,8,2,0,0.25,0,42.875,47599,10.770567031595471,0.2805311035946133,25,31,32,38,40,47,48
2010,11,11_25,CENTRAL,SAN ANTONIO,0.5212700997353958,0.5312750601443464,0.5109549400578751,4913,2561,108,36,17,14,22,38,0.3333333333333333,0.1574074074074074,0.12962962962962962,0.2037037037037037,0.35185185185185186,42.5462962962963,7,0,0,0,0,46.857142857142854,18852,9.844374288043621,0.26060895395713984,15,17,22,24,30,32,36
2010,11,11_27,CENTRAL,SAN LORENZO,0.405355706240662,0.40854423374898546,0.40191235059760955,26103,10581,156,69,43,25,44,55,0.4423076923076923,0.27564102564102566,0.16025641025641027,0.28205128205128205,0.3525641025641026,39.493589743589745,8,1,0,0.125,0,45.25,105833,11.569617659035515,0.24664329651431974,36,43,53,58,59,65,69
2010,11,11_29,CENTRAL,VILLA ELISA,0.5950908198330879,0.6026390197926484,0.5868852459016394,10185,6061,132,43,30,22,21,50,0.32575757575757575,0.22727272727272727,0.16666666666666666,0.1590909090909091,0.3787878787878788,42,8,2,2,0.25,0.25,45.875,34608,10.45184014819284,0.2942961165048544,24,30,35,36,39,41,43
2010,11,11_31,CENTRAL,VILLETA,0.710028504793988,0.7222787385554426,0.6973058637083994,3859,2740,72,24,14,7,17,28,0.3333333333333333,0.19444444444444445,0.09722222222222222,0.2361111111111111,0.3888888888888889,42.81944444444444,4,0,0,0,0,47,14679,9.594173179957233,0.26289256761359764,13,14,15,18,19,23,24
2010,11,11_33,CENTRAL,YPACARAI,0.6475831333561879,0.6957132817990161,0.6017402945113789,2917,1889,48,20,11,5,15,17,0.4166666666666667,0.22916666666666666,0.10416666666666667,0.3125,0.3541666666666667,40.333333333333336,3,1,0,0.3333333333333333,0,35.666666666666664,12221,9.410911062438,0.23868750511414777,8,11,12,14,15,17,20
2010,11,11_35,CENTRAL,YPANE,0.5238317757009345,0.5583596214511041,0.48665696263949537,4280,2242,120,49,24,25,24,53,0.4083333333333333,0.2,0.20833333333333334,0.2,0.44166666666666665,39.416666666666664,6,2,0,0.3333333333333333,0,39.5,16426,9.706620724300137,0.2605625228296603,18,24,26,32,38,43,49
2010,12,12_0,ÑEEMBUCU,PILAR,0.6173668254655695,0.6484848484848484,0.5814279048063462,4618,2851,96,35,19,13,22,34,0.3645833333333333,0.19791666666666666,0.13541666666666666,0.22916666666666666,0.3541666666666667,41.708333333333336,4,1,0,0.25,0,50.75,19031,9.853824507517027,0.24265671798644317,16,19,26,30,32,32,35
2010,12,12_1,ÑEEMBUCU,ALBERDI,0.75,0.7718696397941681,0.725897920604915,1112,834,45,19,11,10,9,18,0.4222222222222222,0.24444444444444444,0.2222222222222222,0.2,0.4,38.577777777777776,4,0,1,0,0.25,47.75,5130,8.542860938164814,0.21676413255360624,10,11,11,13,13,14,19
2010,12,12_3,ÑEEMBUCU,CERRITO,0.5984354628422425,0.6223958333333334,0.5744125326370757,767,459,36,12,8,5,7,16,0.3333333333333333,0.2222222222222222,0.1388888888888889,0.19444444444444445,0.4444444444444444,40.75,3,1,0,0.3333333333333333,0,42.666666666666664,3031,8.016647877057803,0.2530517980864401,7,8,8,8,9,9,12
2010,12,12_5,ÑEEMBUCU,DESMOCHADOS,0.5765124555160143,0.6194029850746269,0.5374149659863946,281,162,36,9,8,5,4,13,0.25,0.2222222222222222,0.1388888888888889,0.1111111111111111,0.3611111111111111,48.55555555555556,3,1,1,0.3333333333333333,0.3333333333333333,39.333333333333336,1246,7.1276936993473985,0.22552166934189405,5,8,9,9,9,9,9
2010,12,12_7,ÑEEMBUCU,GENERAL JOSE EDUVIGIS DIAZ,0.551219512195122,0.6013289036544851,0.5031847133757962,615,339,60,21,14,10,11,23,0.35,0.23333333333333334,0.16666666666666666,0.18333333333333332,0.38333333333333336,42.05,5,1,0,0.2,0,47.4,2684,7.895063498091573,0.2291356184798808,10,14,16,17,19,20,21
2010,12,12_9,ÑEEMBUCU,GUAZU CUA,0.6366782006920415,0.6567164179104478,0.6193548387096774,289,184,27,10,4,3,7,10,0.37037037037037035,0.14814814814814814,0.1111111111111111,0.25925925925925924,0.37037037037037035,44.81481481481482,3,1,0,0.3333333333333333,0,47,1260,7.138866999945524,0.22936507936507936,4,4,6,7,7,7,10
2010,12,12_11,ÑEEMBUCU,HUMAITA,0.6268939393939394,0.6958174904942965,0.5584905660377358,528,331,48,23,17,11,12,18,0.4791666666666667,0.3541666666666667,0.22916666666666666,0.25,0.375,38.75,3,3,1,1,0.3333333333333333,29.333333333333332,2104,7.651595573857601,0.2509505703422053,15,17,18,20,21,22,23
2010,12,12_13,ÑEEMBUCU,ISLA UMBU,0.7610993657505285,0.7805907172995781,0.7415254237288136,473,360,36,16,12,5,11,11,0.4444444444444444,0.3333333333333333,0.1388888888888889,0.3055555555555556,0.3055555555555556,40.55555555555556,3,2,1,0.6666666666666666,0.3333333333333333,31.666666666666668,2064,7.6324011266014535,0.22916666666666666,10,12,14,16,16,16,16
2010,12,12_15,ÑEEMBUCU,LAURELES,0.568019093078759,0.5891891891891892,0.5512820512820513,419,238,48,16,11,7,9,16,0.3333333333333333,0.22916666666666666,0.14583333333333334,0.1875,0.3333333333333333,41.291666666666664,2,1,0,0.5,0,37,2250,7.718685495198466,0.18622222222222223,10,11,13,13,15,15,16
2010,12,12_17,ÑEEMBUCU,MAYOR JOSE DEJESUS MARTINEZ,0.5915841584158416,0.6223958333333334,0.5636792452830188,808,478,60,23,14,8,15,22,0.38333333333333336,0.23333333333333334,0.13333333333333333,0.25,0.36666666666666664,40.416666666666664,4,2,0,0.5,0,37.25,2900,7.9724660159745655,0.2786206896551724,11,14,16,17,19,20,23
2010,12,12_19,ÑEEMBUCU,PASO DE PATRIA,0.6744868035190615,0.7032967032967034,0.6415094339622641,341,230,27,8,5,4,4,8,0.2962962962962963,0.18518518518518517,0.14814814814814814,0.14814814814814814,0.2962962962962963,43.55555555555556,3,1,0,0.3333333333333333,0,35.333333333333336,1269,7.1459844677143876,0.26871552403467297,5,5,6,7,7,7,8
2010,12,12_21,ÑEEMBUCU,SAN JUAN BAUTISTA,0.5357142857142857,0.5746606334841629,0.5,924,495,27,9,5,5,4,9,0.3333333333333333,0.18518518518518517,0.18518518518518517,0.14814814814814814,0.3333333333333333,43.03703703703704,3,0,0,0,0,51,3524,8.16735198705607,0.26220204313280365,4,5,6,6,7,8,9
2010,12,12_23,ÑEEMBUCU,TACUARAS,0.5222222222222223,0.5899581589958159,0.4684385382059801,540,282,36,14,6,7,7,12,0.3888888888888889,0.16666666666666666,0.19444444444444445,0.19444444444444445,0.3333333333333333,42.97222222222222,3,0,0,0,0,54.333333333333336,2071,7.635786861395585,0.2607436021245775,4,6,7,9,12,14,14
2010,12,12_25,ÑEEMBUCU,VILLA FRANCA,0.8629441624365483,0.8775510204081632,0.8484848484848485,197,170,36,12,6,9,3,18,0.3333333333333333,0.16666666666666666,0.25,0.08333333333333333,0.5,46.25,2,1,0,0.5,0,44.5,794,6.677083461247136,0.24811083123425692,6,6,9,11,12,12,12
2010,12,12_27,ÑEEMBUCU,VILLA OLIVA,0.7608695652173914,0.8,0.7282608695652174,506,385,27,10,6,6,4,9,0.37037037037037035,0.2222222222222222,0.2222222222222222,0.14814814814814814,0.3333333333333333,41.407407407407405,3,2,0,0.6666666666666666,0,33.666666666666664,2147,7.671826797878781,0.23567768979972054,6,6,7,8,9,10,10
2010,12,12_29,ÑEEMBUCU,VILLALBIN,0.568019093078759,0.580952380952381,0.5550239234449761,419,238,36,9,6,4,5,14,0.25,0.16666666666666666,0.1111111111111111,0.1388888888888889,0.3888888888888889,44.083333333333336,3,1,0,0.3333333333333333,0,40.333333333333336,1550,7.346010209913293,0.2703225806451613,6,6,7,7,7,9,9
2010,13,13_0,AMAMBAY,PEDRO JUAN CABALLERO,0.4748242140143862,0.5068178336142178,0.43910366062264794,12373,5875,107,37,20,17,20,42,0.34579439252336447,0.18691588785046728,0.1588785046728972,0.18691588785046728,0.3925233644859813,42.242990654205606,3,1,0,0.3333333333333333,0,40.333333333333336,48365,10.786531690616647,0.25582549364209656,16,20,23,27,29,33,37
2010,13,13_1,AMAMBAY,BELLA VISTA,0.6456483126110124,0.676416819012797,0.616580310880829,1126,727,48,21,11,8,13,22,0.4375,0.22916666666666666,0.16666666666666666,0.2708333333333333,0.4583333333333333,40.708333333333336,3,1,2,0.3333333333333333,0.6666666666666666,47.333333333333336,5826,8.67008593751938,0.19327154136628905,9,11,14,16,20,21,21
2010,13,13_3,AMAMBAY,CAPITAN BADO,0.6654255319148936,0.6870229007633588,0.6448598130841121,1880,1251,48,20,11,6,14,17,0.4166666666666667,0.22916666666666666,0.125,0.2916666666666667,0.3541666666666667,38.875,3,0,0,0,0,45.666666666666664,8642,9.064389316491878,0.21754223559361258,10,11,12,13,15,18,20
2010,14,14_0,CANINDEYU,SALTO DEL GUAIRA,0.6919431279620853,0.7061649319455564,0.6800535475234271,2743,1898,59,20,10,3,17,14,0.3389830508474576,0.1694915254237288,0.05084745762711865,0.288135593220339,0.23728813559322035,40.28813559322034,2,1,0,0.5,0,37.5,7890,8.97335141383992,0.3476552598225602,8,10,12,13,14,15,20
2010,14,14_1,CANINDEYU,CORPUS CHRISTI,0.6044340723453909,0.6415770609318996,0.5759450171821305,2571,1554,59,17,12,9,8,19,0.288135593220339,0.2033898305084746,0.15254237288135594,0.13559322033898305,0.3220338983050847,42.79661016949152,4,3,0,0.75,0,37.5,8862,9.089527751759436,0.29011509817197023,10,12,13,14,14,16,17
2010,14,14_3,CANINDEYU,FRANCISCO CABALLERO ALVAREZ,NA,NA,NA,932,NA,35,12,6,4,8,13,0.34285714285714286,0.17142857142857143,0.11428571428571428,0.22857142857142856,0.37142857142857144,43.42857142857143,3,0,0,0,0,51,3430,8.140315540159985,0.2717201166180758,2,6,7,7,10,10,12
2010,14,14_5,CANINDEYU,ITANARA,0.7966101694915254,0.8484848484848485,0.754601226993865,295,235,27,8,7,4,4,10,0.2962962962962963,0.25925925925925924,0.14814814814814814,0.14814814814814814,0.37037037037037035,41.18518518518518,3,2,1,0.6666666666666666,0.3333333333333333,31.333333333333332,918,6.822197390620491,0.3213507625272331,7,7,7,7,7,7,8
2010,14,14_7,CANINDEYU,KATUETE,0.4457935819601041,0.46435845213849286,0.43202416918429004,1153,514,81,40,24,15,25,27,0.49382716049382713,0.2962962962962963,0.18518518518518517,0.30864197530864196,0.3333333333333333,36.65432098765432,4,1,0,0.25,0,38.5,3284,8.096817470572319,0.3510962241169306,16,24,29,32,34,38,40
2010,14,14_9,CANINDEYU,LA PALOMA,0.6894343649946638,0.7046004842615012,0.6774809160305344,937,646,48,21,12,9,12,19,0.4375,0.25,0.1875,0.25,0.3958333333333333,39.75,3,0,1,0,0.3333333333333333,52.333333333333336,3108,8.041734711487537,0.30148005148005147,10,12,13,17,18,19,21
2010,14,14_11,CANINDEYU,NUEVA ESPERANZA,0.716820987654321,0.7411764705882353,0.6961483594864479,1296,929,84,34,21,13,21,26,0.40476190476190477,0.25,0.15476190476190477,0.25,0.30952380952380953,39.023809523809526,7,2,1,0.2857142857142857,0.14285714285714285,43,3851,8.25608813381491,0.33653596468449753,18,21,26,30,34,34,34
2010,14,14_13,CANINDEYU,SAN ISIDRO DEL CURUGUATY,0.3782445355191257,0.4065349544072948,0.3551488833746898,5856,2215,80,29,21,12,17,26,0.3625,0.2625,0.15,0.2125,0.325,41.75,6,3,0,0.5,0,38,19598,9.883182799195763,0.2988060006123074,18,21,22,24,24,29,29
2010,14,14_15,CANINDEYU,VILLA YGATIMI,0.5691514299109236,0.6067039106145251,0.5420032310177706,2133,1214,36,9,5,5,4,9,0.25,0.1388888888888889,0.1388888888888889,0.1111111111111111,0.25,42.166666666666664,4,0,0,0,0,46.5,7092,8.866722667194098,0.30076142131979694,5,5,6,7,7,8,9
2010,14,14_16,CANINDEYU,YASY CAÑY,0.4847161572052402,0.4883720930232558,0.4820809248554913,2977,1443,45,16,9,7,9,17,0.35555555555555557,0.2,0.15555555555555556,0.2,0.37777777777777777,40.977777777777774,4,1,0,0.25,0,42,10463,9.255600503381046,0.2845264264551276,8,9,9,11,13,16,16
2010,14,14_17,CANINDEYU,YPEJHU,0.5854858548585485,0.6233766233766234,0.5514018691588785,813,476,45,20,11,9,11,15,0.4444444444444444,0.24444444444444444,0.2,0.24444444444444444,0.3333333333333333,40.28888888888889,5,2,0,0.4,0,44.6,3440,8.143226750367445,0.23633720930232557,10,11,13,15,16,19,20
2010,15,15_0,PDTE. HAYES,VILLA HAYES,0.5653782894736842,0.6135362434921906,0.514575411913815,4864,2750,204,87,59,45,42,93,0.4264705882352941,0.28921568627450983,0.22058823529411764,0.20588235294117646,0.45588235294117646,39.411764705882355,4,0,1,0,0.25,49.25,21250,9.964112174352563,0.22889411764705883,53,59,64,67,71,81,87
2010,15,15_1,PDTE. HAYES,BENJAMIN ACEVAL,0.6632370399683419,0.7097767513471901,0.6140065146579805,2527,1676,108,47,32,18,29,47,0.4351851851851852,0.2962962962962963,0.16666666666666666,0.26851851851851855,0.4351851851851852,39.52777777777778,5,1,1,0.2,0.2,40.6,9429,9.151545325465678,0.2680029695619896,26,32,37,41,44,46,47
2010,15,15_3,PDTE. HAYES,JOSE FALCON,0.7747163695299838,0.8258064516129032,0.7231270358306189,617,478,60,28,18,15,13,26,0.4666666666666667,0.3,0.25,0.21666666666666667,0.43333333333333335,37.93333333333333,3,1,0,0.3333333333333333,0,41.666666666666664,2394,7.780720886117918,0.2577276524644946,15,18,20,22,26,27,28
2010,15,15_4,PDTE. HAYES,GENERAL JOSE MARIA BRUGUEZ,0.6163522012578616,0.6153846153846154,0.6172839506172839,318,196,36,11,8,4,7,15,0.3055555555555556,0.2222222222222222,0.1111111111111111,0.19444444444444445,0.4166666666666667,42.083333333333336,3,0,0,0,0,58.333333333333336,1250,7.1308988302963465,0.2544,6,8,8,8,9,11,11
2010,15,15_5,PDTE. HAYES,NANAWA,0.7668571428571429,0.7630331753554502,0.7704194260485652,875,671,36,15,6,5,10,15,0.4166666666666667,0.16666666666666666,0.1388888888888889,0.2777777777777778,0.4166666666666667,39.47222222222222,3,0,0,0,0,45.666666666666664,4967,8.51057131510735,0.17616267364606403,3,6,6,8,9,12,15
2010,15,15_7,PDTE. HAYES,PUERTO PINASCO,0.6886792452830188,0.6811594202898551,0.695852534562212,424,292,48,19,12,7,12,15,0.3958333333333333,0.25,0.14583333333333334,0.25,0.3125,40.479166666666664,4,1,0,0.25,0,36.5,1700,7.438383530044307,0.24941176470588236,11,12,13,14,18,19,19
2010,15,15_9,PDTE. HAYES,TENIENTE IRALA FERNANDEZ,0.5063583815028901,0.5497512437810945,0.468682505399568,865,438,54,19,15,8,11,12,0.35185185185185186,0.2777777777777778,0.14814814814814814,0.2037037037037037,0.2222222222222222,39.96296296296296,6,1,0,0.16666666666666666,0,45.833333333333336,6829,8.82893352896109,0.12666569043783862,11,15,15,17,17,18,19
2010,15,15_11,PDTE. HAYES,TENIENTE ESTEBAN MARTINEZ,0.6200873362445415,0.6363636363636364,0.6076923076923076,229,142,27,6,2,3,3,12,0.2222222222222222,0.07407407407407407,0.1111111111111111,0.1111111111111111,0.4444444444444444,45.407407407407405,3,0,0,0,0,53.666666666666664,876,6.775366090936392,0.2614155251141553,1,2,4,4,5,6,6
2010,16,16_0,ALTO PARAGUAY,FUERTE OLIMPO,0.5911413969335605,0.6198630136986302,0.5627118644067797,587,347,36,15,6,3,12,13,0.4166666666666667,0.16666666666666666,0.08333333333333333,0.3333333333333333,0.3611111111111111,40.55555555555556,3,0,0,0,0,41.333333333333336,2545,7.841885928984623,0.2306483300589391,5,6,7,8,10,13,15
2010,16,16_1,ALTO PARAGUAY,PUERTO CASADO,0.7297668038408779,0.7645429362880887,0.6956521739130435,729,532,48,21,14,11,10,20,0.4375,0.2916666666666667,0.22916666666666666,0.20833333333333334,0.4166666666666667,40.833333333333336,4,0,0,0,0,49,2782,7.930925372483388,0.26204169662113586,10,14,14,15,20,21,21
2010,16,16_2,ALTO PARAGUAY,CARMELO PERALTA,0.7529411764705882,0.7941176470588235,0.7149321266968326,425,320,27,16,6,8,8,11,0.5925925925925926,0.2222222222222222,0.2962962962962963,0.2962962962962963,0.4074074074074074,36.55555555555556,3,1,0,0.3333333333333333,0,39.666666666666664,1843,7.519149957669823,0.23060227889310905,5,6,9,11,13,15,16
2010,16,16_3,ALTO PARAGUAY,BAHIA NEGRA,0.6790697674418604,0.74,0.6260869565217392,215,146,27,10,6,4,6,10,0.37037037037037035,0.2222222222222222,0.14814814814814814,0.2222222222222222,0.37037037037037035,41.7037037037037,3,1,0,0.3333333333333333,0,42.666666666666664,1000,6.907755278982137,0.215,5,6,8,8,8,9,10
2010,17,17_0,BOQUERON,FILADELFIA,0.501890359168242,0.5523465703971119,0.44642857142857145,1058,531,48,12,5,6,6,18,0.25,0.10416666666666667,0.125,0.125,0.375,43.104166666666664,4,0,0,0,0,51,5462,8.60557030203365,0.19370194068106922,5,5,8,10,11,12,12
2010,17,17_1,BOQUERON,LOMA PLATA,0.416551724137931,0.4417910447761194,0.39487179487179486,725,302,36,8,4,0,8,5,0.2222222222222222,0.1111111111111111,0,0.2222222222222222,0.1388888888888889,44.638888888888886,2,0,0,0,0,57,6203,8.732788324973118,0.11687892955021764,4,4,5,5,7,7,8
2010,17,17_3,BOQUERON,MARISCAL JOSE FELIX ESTIGARRIBIA,0.5961337513061651,0.6944757609921083,0.5111976630963972,1914,1141,60,22,8,7,15,18,0.36666666666666664,0.13333333333333333,0.11666666666666667,0.25,0.3,40.81666666666667,5,1,0,0.2,0,43.8,8785,9.080801000621198,0.21787137165623222,7,8,10,13,16,20,22
2015,0,0_0,CAPITAL,ASUNCION,0.5059205943812398,0.5052462999779103,0.506667482260827,103368,52296,408,127,68,41,86,174,0.3112745098039216,0.16666666666666666,0.10049019607843138,0.2107843137254902,0.4264705882352941,44.10539215686274,3,0,0,0,0,52.333333333333336,403444,12.90779297143475,0.2562139974816827,62,68,82,90,102,116,127
2015,1,1_0,CONCEPCION,CONCEPCION,0.4278557114228457,0.4751394916305022,0.3796026825256232,15968,6832,84,25,8,11,14,33,0.2976190476190476,0.09523809523809523,0.13095238095238096,0.16666666666666666,0.39285714285714285,43.57142857142857,3,1,1,0.3333333333333333,0.3333333333333333,37.333333333333336,48881,10.797144051901348,0.3266708946216321,8,8,10,14,17,22,25
2015,1,1_1,CONCEPCION,BELEN,0.5325719120135364,0.5918552036199095,0.4805401111993646,2364,1259,27,5,2,2,3,11,0.18518518518518517,0.07407407407407407,0.07407407407407407,0.1111111111111111,0.4074074074074074,44.74074074074074,2,1,0,0.5,0,36,7079,8.86488793377419,0.33394547252436785,2,2,3,3,3,3,5
2015,1,1_2,CONCEPCION,AZOTEY,0.6455773955773956,0.6909547738693468,0.6021634615384616,1628,1051,36,10,5,5,5,9,0.2777777777777778,0.1388888888888889,0.1388888888888889,0.1388888888888889,0.25,44.19444444444444,3,1,0,0.3333333333333333,0,40.666666666666664,4401,8.38958706681109,0.3699159281981368,2,5,7,8,9,10,10
2015,1,1_3,CONCEPCION,HORQUETA,0.4150584397934221,0.44900953778429936,0.3819158460161146,11037,4581,60,22,10,9,13,19,0.36666666666666664,0.16666666666666666,0.15,0.21666666666666667,0.31666666666666665,42.88333333333333,4,0,0,0,0,46,33413,10.416700324794617,0.3303205339239218,7,10,11,16,18,21,22
2015,1,1_4,CONCEPCION,SARGENTO JOSE FELIX LOPEZ,0.6282798833819242,0.6609907120743034,0.5991735537190083,1372,862,27,9,2,4,5,9,0.3333333333333333,0.07407407407407407,0.14814814814814814,0.18518518518518517,0.3333333333333333,41.18518518518518,2,0,1,0,0.5,40.5,3764,8.23323750070527,0.3645058448459086,2,2,4,6,7,8,9
2015,1,1_5,CONCEPCION,LORETO,0.47614053487152597,0.5370268787712562,0.4203917629331994,3814,1816,27,9,3,5,4,12,0.3333333333333333,0.1111111111111111,0.18518518518518517,0.14814814814814814,0.4444444444444444,42.592592592592595,2,0,0,0,0,43,10851,9.292012520620208,0.3514883420882868,2,3,4,4,5,7,9
2015,1,1_6,CONCEPCION,SAN CARLOS DEL APA,0.8242677824267782,0.848,0.7982456140350878,239,197,36,13,9,7,6,15,0.3611111111111111,0.25,0.19444444444444445,0.16666666666666666,0.4166666666666667,41.44444444444444,3,0,0,0,0,45.666666666666664,811,6.698268054115413,0.29469790382244143,7,9,10,11,11,11,13
2015,1,1_7,CONCEPCION,SAN LAZARO,0.6039374638100753,0.6294591484464902,0.578088578088578,1727,1043,45,21,14,9,12,21,0.4666666666666667,0.3111111111111111,0.2,0.26666666666666666,0.4666666666666667,38.955555555555556,3,1,0,0.3333333333333333,0,44.333333333333336,6462,8.773694146384443,0.26725471990095945,12,14,15,17,17,20,21
2015,1,1_8,CONCEPCION,SAN ALFREDO,0.7047619047619048,0.7536945812807881,0.6589861751152074,840,592,27,6,2,1,5,6,0.2222222222222222,0.07407407407407407,0.037037037037037035,0.18518518518518517,0.2222222222222222,43.111111111111114,2,0,0,0,0,50,2691,7.897668150726906,0.31215161649944256,2,2,3,4,4,6,6
2015,1,1_9,CONCEPCION,YBY YAU,0.4546547991339909,0.4895984518626028,0.4200956937799043,4157,1890,48,14,4,9,5,15,0.2916666666666667,0.08333333333333333,0.1875,0.10416666666666667,0.3125,44.708333333333336,2,0,0,0,0,40,13037,9.47554674766278,0.3188617013116515,3,4,5,7,10,11,14
2015,1,1_10,CONCEPCION,PASO BARRETO,0.6817375886524822,0.704225352112676,0.6589285714285714,1128,769,27,11,6,4,7,10,0.4074074074074074,0.2222222222222222,0.14814814814814814,0.25925925925925924,0.37037037037037035,39.888888888888886,2,0,0,0,0,54.5,3168,8.060855752934316,0.3560606060606061,6,6,7,9,9,11,11
2015,2,2_0,SAN PEDRO,SAN PEDRO DEL YCUAMANDIYU,0.5128481304816126,0.5462732919254658,0.4800243976822202,6499,3333,60,9,3,1,8,20,0.15,0.05,0.016666666666666666,0.13333333333333333,0.3333333333333333,47.86666666666667,4,1,1,0.25,0.25,40.25,21655,9.982991653648726,0.30011544677903484,3,3,3,4,5,7,9
2015,2,2_1,SAN PEDRO,25 DE DICIEMBRE,0.5105315947843531,0.5368983957219251,0.48725212464589235,1994,1018,45,17,10,7,10,20,0.37777777777777777,0.2222222222222222,0.15555555555555556,0.2222222222222222,0.4444444444444444,41.08888888888889,4,1,0,0.25,0,50,6672,8.805674944038582,0.2988609112709832,10,10,10,13,14,17,17
2015,2,2_3,SAN PEDRO,ANTEQUERA,0.7577054794520548,0.769927536231884,0.7467532467532467,1168,885,27,8,7,2,6,7,0.2962962962962963,0.25925925925925924,0.07407407407407407,0.2222222222222222,0.25925925925925924,41,2,1,0,0.5,0,34.5,3753,8.23031079913502,0.3112176925126565,6,7,8,8,8,8,8
2015,2,2_5,SAN PEDRO,CAPIIBARY,0.46707582150620125,0.48841646225129465,0.44821772639691715,7821,3653,54,22,12,8,14,11,0.4074074074074074,0.2222222222222222,0.14814814814814814,0.25925925925925924,0.2037037037037037,40.46296296296296,5,2,0,0.4,0,42.6,21628,9.981744050501895,0.3616145737007583,8,12,16,16,17,20,22
2015,2,2_7,SAN PEDRO,CHORE,0.4433662667607622,0.47282013863553446,0.415784079262043,5668,2513,72,24,13,9,15,22,0.3333333333333333,0.18055555555555555,0.125,0.20833333333333334,0.3055555555555556,41.84722222222222,6,1,0,0.16666666666666666,0,45.666666666666664,17020,9.742144402127366,0.3330199764982374,10,13,13,14,16,20,24
2015,2,2_9,SAN PEDRO,GENERAL ELIZARDO AQUINO,0.3570595099183197,0.3625450180072029,0.3518728717366629,3428,1224,60,28,11,8,20,15,0.4666666666666667,0.18333333333333332,0.13333333333333333,0.3333333333333333,0.25,40.516666666666666,4,0,0,0,0,42.75,13616,9.519000850813155,0.2517626321974148,11,11,13,15,20,21,28
2015,2,2_11,SAN PEDRO,GENERAL FRANCISCO ISIDORO RESQUIN,0.42555217060167555,0.4458804523424879,0.4074207492795389,5252,2235,48,18,8,5,13,12,0.375,0.16666666666666666,0.10416666666666667,0.2708333333333333,0.25,41.833333333333336,4,0,0,0,0,56.25,14528,9.583833100841074,0.36150881057268724,8,8,9,11,15,17,18
2015,2,2_13,SAN PEDRO,GUAJAYVI,0.547816265060241,0.5691573926868044,0.5286123032904149,5312,2910,54,10,5,4,6,15,0.18518518518518517,0.09259259259259259,0.07407407407407407,0.1111111111111111,0.2777777777777778,42.833333333333336,4,1,0,0.25,0,37.75,15364,9.639782389465795,0.3457432960166623,4,5,6,7,9,10,10
2015,2,2_15,SAN PEDRO,ITACURUBI DEL ROSARIO,0.4620557156580211,0.4908350305498982,0.43636363636363634,2082,962,27,14,11,6,8,9,0.5185185185185185,0.4074074074074074,0.2222222222222222,0.2962962962962963,0.3333333333333333,35.18518518518518,2,0,0,0,0,46,8131,9.003439196207838,0.2560570655515927,10,11,11,12,14,14,14
2015,2,2_16,SAN PEDRO,LIBERACION,0.6167420814479638,0.6446280991735537,0.5896520963425513,4420,2726,36,6,4,3,3,11,0.16666666666666666,0.1111111111111111,0.08333333333333333,0.08333333333333333,0.3055555555555556,44.25,3,2,1,0.6666666666666666,0.3333333333333333,34,13144,9.483720659717104,0.33627510651247716,4,4,4,5,5,6,6
2015,2,2_17,SAN PEDRO,LIMA,0.4956474428726877,0.5045351473922902,0.4874476987447699,1838,911,45,11,7,4,7,12,0.24444444444444444,0.15555555555555556,0.08888888888888889,0.15555555555555556,0.26666666666666666,43.44444444444444,4,2,2,0.5,0.5,37.5,6223,8.736007384569218,0.2953559376506508,7,7,7,7,9,10,11
2015,2,2_19,SAN PEDRO,NUEVA GERMANIA,0.4540407156076496,0.5114795918367347,0.4002389486260454,1621,736,27,9,5,6,3,12,0.3333333333333333,0.18518518518518517,0.2222222222222222,0.1111111111111111,0.4444444444444444,43.25925925925926,2,0,1,0,0.5,39.5,5040,8.525161361065415,0.32162698412698415,5,5,5,5,9,9,9
2015,2,2_21,SAN PEDRO,SAN ESTANISLAO,0.3294162606286424,0.35517768437141767,0.3036499140072616,10467,3448,72,23,14,16,7,32,0.3194444444444444,0.19444444444444445,0.2222222222222222,0.09722222222222222,0.4444444444444444,43.31944444444444,4,1,0,0.25,0,42.25,29899,10.305580314003434,0.3500785979464196,12,14,14,18,19,22,23
2015,2,2_23,SAN PEDRO,SAN PABLO,0.6397727272727273,0.6622807017543859,0.6155660377358491,880,563,54,18,8,8,10,18,0.3333333333333333,0.14814814814814814,0.14814814814814814,0.18518518518518517,0.3333333333333333,41.574074074074076,6,1,0,0.16666666666666666,0,45.833333333333336,2807,7.939871576361883,0.3135019593872462,7,8,10,12,13,15,18
2015,2,2_24,SAN PEDRO,SANTA ROSA DEL AGUARAY,0.4010809040288241,0.4279325765393877,0.37668021256642703,6106,2449,72,29,14,15,14,26,0.4027777777777778,0.19444444444444445,0.20833333333333334,0.19444444444444445,0.3611111111111111,41.09722222222222,4,1,0,0.25,0,39,16865,9.732995747495751,0.3620515861251112,11,14,16,19,19,24,29
2015,2,2_25,SAN PEDRO,TACUATI,0.5280612244897959,0.578,0.47604166666666664,1960,1035,36,12,7,3,9,9,0.3333333333333333,0.19444444444444445,0.08333333333333333,0.25,0.25,42.44444444444444,3,0,0,0,0,44.666666666666664,5438,8.601166625192416,0.36042662743655757,7,7,7,7,11,12,12
2015,2,2_27,SAN PEDRO,UNION,0.606239460370995,0.6390328151986183,0.5749588138385503,1186,719,36,14,7,4,10,9,0.3888888888888889,0.19444444444444445,0.1111111111111111,0.2777777777777778,0.25,42,4,0,0,0,0,51.25,4093,8.317033476492403,0.28976301001710236,5,7,8,8,10,11,14
2015,2,2_29,SAN PEDRO,VILLA DEL ROSARIO,0.390030607783122,0.4379432624113475,0.34339948231233824,2287,892,45,11,6,5,6,13,0.24444444444444444,0.13333333333333333,0.1111111111111111,0.13333333333333333,0.28888888888888886,43.044444444444444,4,0,0,0,0,50.5,8189,9.010547069270189,0.2792770790084259,5,6,7,8,9,10,11
2015,2,2_31,SAN PEDRO,YATAITY DEL NORTE,0.5691432634198365,0.5651846269781462,0.572678331090175,2813,1601,36,14,8,2,12,7,0.3888888888888889,0.2222222222222222,0.05555555555555555,0.3333333333333333,0.19444444444444445,39,4,0,0,0,0,50.25,8964,9.100971834920818,0.3138107987505578,8,8,8,9,11,11,14
2015,2,2_32,SAN PEDRO,YRYBUCUA,0.6090770404271548,0.6376109765940274,0.5835140997830802,2622,1597,36,14,6,7,7,14,0.3888888888888889,0.16666666666666666,0.19444444444444445,0.19444444444444445,0.3888888888888889,38.833333333333336,3,1,0,0.3333333333333333,0,45.333333333333336,7353,8.902863672196222,0.35658914728682173,5,6,7,8,8,9,14
2015,3,3_0,CORDILLERA,CAACUPE,0.5460787856884712,0.5687420120503925,0.5238776605258451,11068,6044,72,30,17,13,17,31,0.4166666666666667,0.2361111111111111,0.18055555555555555,0.2361111111111111,0.4305555555555556,39.861111111111114,3,1,0,0.3333333333333333,0,48.333333333333336,34144,10.43834215410148,0.32415651358950326,14,17,21,23,25,28,30
2015,3,3_1,CORDILLERA,PRIMERO DE MARZO,0.44041450777202074,0.43636363636363634,0.4440789473684211,1158,510,36,8,8,3,5,9,0.2222222222222222,0.2222222222222222,0.08333333333333333,0.1388888888888889,0.25,45.80555555555556,2,0,0,0,0,61,4738,8.463370384718731,0.24440692275221612,7,8,8,8,8,8,8
2015,3,3_3,CORDILLERA,ALTOS,0.6103522645578721,0.6370967741935484,0.5846262341325811,2782,1698,36,13,6,4,9,16,0.3611111111111111,0.16666666666666666,0.1111111111111111,0.25,0.4444444444444444,41.52777777777778,2,1,0,0.5,0,39.5,8857,9.088963385809583,0.31410184035226374,6,6,8,9,11,12,13
2015,3,3_5,CORDILLERA,ARROYOS Y ESTEROS,0.33678133269184507,0.36482412060301506,0.31102907245039224,4157,1400,36,9,7,2,7,12,0.25,0.19444444444444445,0.05555555555555555,0.19444444444444445,0.3333333333333333,43.138888888888886,3,0,0,0,0,61,14746,9.598727138549595,0.2819069578190696,6,7,8,8,9,9,9
2015,3,3_7,CORDILLERA,ATYRA,0.5957120980091883,0.63,0.5627627627627627,3265,1945,45,14,6,7,7,20,0.3111111111111111,0.13333333333333333,0.15555555555555556,0.15555555555555556,0.4444444444444444,42.044444444444444,2,0,0,0,0,47.5,10977,9.303557453687317,0.29744010203152044,5,6,8,9,10,13,14
2015,3,3_9,CORDILLERA,CARAGUATAY,0.38763830599008015,0.41029900332225916,0.36838390966831336,2621,1016,35,12,5,5,7,13,0.34285714285714286,0.14285714285714285,0.14285714285714285,0.2,0.37142857142857144,46.17142857142857,3,1,1,0.3333333333333333,0.3333333333333333,48.333333333333336,9111,9.117237753713859,0.2876742399297552,4,5,7,8,8,9,12
2015,3,3_11,CORDILLERA,EMBOSCADA,0.6582203889216264,0.6956779159265838,0.6211143695014663,3394,2234,45,24,14,12,12,19,0.5333333333333333,0.3111111111111111,0.26666666666666666,0.26666666666666666,0.4222222222222222,37.86666666666667,4,1,0,0.25,0,46,9913,9.201602306032898,0.34237869464339754,13,14,15,16,18,22,24
2015,3,3_13,CORDILLERA,EUSEBIO AYALA,0.4327784891165173,0.45644235785080856,0.40995975855130784,3905,1690,60,24,12,11,13,23,0.4,0.2,0.18333333333333332,0.21666666666666667,0.38333333333333336,42.81666666666667,4,1,0,0.25,0,41.75,13288,9.49461665129313,0.29387417218543044,10,12,15,20,22,23,24
2015,3,3_15,CORDILLERA,ISLA PUCU,0.5638376383763838,0.5680473372781065,0.5596465390279823,1355,764,36,8,2,4,4,13,0.2222222222222222,0.05555555555555555,0.1111111111111111,0.1111111111111111,0.3611111111111111,45.80555555555556,2,0,0,0,0,41.5,5212,8.558718938244736,0.25997697620874904,2,2,5,5,5,6,8
2015,3,3_17,CORDILLERA,ITACURUBI DE LA CORDILLERA,0.7054466230936819,0.7249334516415262,0.6866438356164384,2295,1619,36,13,10,3,10,10,0.3611111111111111,0.2777777777777778,0.08333333333333333,0.2777777777777778,0.2777777777777778,40.666666666666664,2,1,0,0.5,0,37.5,8043,8.99255742690407,0.28534129056322266,10,10,10,11,11,13,13
2015,3,3_19,CORDILLERA,JUAN DE MENA,0.4755917159763314,0.49849397590361444,0.45348837209302323,1352,643,45,9,7,1,8,7,0.2,0.15555555555555556,0.022222222222222223,0.17777777777777778,0.15555555555555556,44.355555555555554,4,0,0,0,0,50,4371,8.382747094863314,0.30931137039579043,7,7,7,7,8,9,9
2015,3,3_21,CORDILLERA,LOMA GRANDE,0.8126520681265207,0.8051948051948052,0.8192219679633868,822,668,18,4,2,0,4,3,0.2222222222222222,0.1111111111111111,0,0.2222222222222222,0.16666666666666666,43.166666666666664,2,0,0,0,0,47.5,3050,8.022896869601457,0.2695081967213115,1,2,2,2,3,4,4
2015,3,3_23,CORDILLERA,MBOCAYATY DEL YHAGUY,0.5955383123181377,0.6165703275529865,0.57421875,1031,614,18,4,2,1,3,6,0.2222222222222222,0.1111111111111111,0.05555555555555555,0.16666666666666666,0.3333333333333333,44.666666666666664,2,0,0,0,0,48,3523,8.167068178341237,0.2926483110984956,0,2,2,3,3,3,4
2015,3,3_25,CORDILLERA,NUEVA COLOMBIA,0.7065026362038664,0.7435008665511266,0.6684491978609626,1138,804,27,8,4,4,4,9,0.2962962962962963,0.14814814814814814,0.14814814814814814,0.14814814814814814,0.3333333333333333,43.333333333333336,3,2,1,0.6666666666666666,0.3333333333333333,29.333333333333332,3888,8.265650165580329,0.2926954732510288,2,4,4,4,6,6,8
2015,3,3_27,CORDILLERA,PIRIBEBUY,0.4833904109589041,0.5122037495578352,0.45635579156986394,5840,2823,60,18,7,9,9,16,0.3,0.11666666666666667,0.15,0.15,0.26666666666666666,42.6,3,0,0,0,0,43,20503,9.928326495883047,0.28483636540994,7,7,11,14,15,16,18
2015,3,3_29,CORDILLERA,SAN BERNARDINO,0.6655196145905025,0.6840228245363766,0.6482712765957447,2906,1934,72,31,23,16,15,24,0.4305555555555556,0.3194444444444444,0.2222222222222222,0.20833333333333334,0.3333333333333333,39.84722222222222,2,0,1,0,0.5,54.5,9932,9.203517146628057,0.29258960934353606,21,23,25,26,31,31,31
2015,3,3_31,CORDILLERA,SAN JOSE OBRERO,0.5052083333333334,0.4972677595628415,0.5124378109452736,768,388,27,7,4,4,3,9,0.25925925925925924,0.14814814814814814,0.14814814814814814,0.1111111111111111,0.3333333333333333,43.74074074074074,3,0,1,0,0.3333333333333333,46.666666666666664,3199,8.070593539949519,0.2400750234448265,4,4,5,6,7,7,7
2015,3,3_33,CORDILLERA,SANTA ELENA,0.7203525641025641,0.7603305785123967,0.6827371695178849,1248,899,45,13,9,8,5,19,0.28888888888888886,0.2,0.17777777777777778,0.1111111111111111,0.4222222222222222,43,2,1,0,0.5,0,44,4351,8.37816098272068,0.286830613652034,8,9,9,9,10,11,13
2015,3,3_35,CORDILLERA,TOBATI,0.5946441672780631,0.6447172619047619,0.5459479015918958,5452,3242,60,21,10,9,12,20,0.35,0.16666666666666666,0.15,0.2,0.3333333333333333,43.733333333333334,4,3,0,0.75,0,33.5,17229,9.754349289532406,0.31644320622206745,9,10,11,15,18,20,21
2015,3,3_37,CORDILLERA,VALENZUELA,0.6786197564276049,0.6968085106382979,0.6597796143250688,1478,1003,36,9,4,3,6,13,0.25,0.1111111111111111,0.08333333333333333,0.16666666666666666,0.3611111111111111,44.138888888888886,2,0,1,0,0.5,53,5364,8.587465244401569,0.27554064131245337,3,4,5,6,6,7,9
2015,4,4_0,GUAIRA,VILLARRICA,0.5329838357361293,0.5519733988723435,0.513715710723192,13734,7320,72,26,13,7,19,23,0.3611111111111111,0.18055555555555555,0.09722222222222222,0.2638888888888889,0.3194444444444444,43.083333333333336,3,0,0,0,0,46.666666666666664,43385,10.67786903822759,0.31656102339518266,13,13,16,21,22,26,26
2015,4,4_1,GUAIRA,BORJA,0.36398258977149073,0.3972602739726027,0.33367983367983367,1838,669,18,10,4,4,6,6,0.5555555555555556,0.2222222222222222,0.2222222222222222,0.3333333333333333,0.3333333333333333,37.111111111111114,2,0,0,0,0,49.5,6291,8.74687531957003,0.29216340804323637,4,4,4,6,8,10,10
2015,4,4_3,GUAIRA,CAPITAN MAURICIO JOSE TROCHE,0.6063189568706119,0.6137512639029322,0.5990049751243781,1994,1209,54,17,9,9,8,16,0.3148148148148148,0.16666666666666666,0.16666666666666666,0.14814814814814814,0.2962962962962963,41.68518518518518,3,1,1,0.3333333333333333,0.3333333333333333,41.333333333333336,6766,8.819665349340653,0.29470883830919303,9,9,9,13,14,16,17
2015,4,4_5,GUAIRA,CORONEL MARTINEZ,0.7704347826086957,0.7696335078534031,0.7712305025996534,1150,886,36,12,8,4,8,12,0.3333333333333333,0.2222222222222222,0.1111111111111111,0.2222222222222222,0.3333333333333333,42.111111111111114,4,1,0,0.25,0,44.75,3777,8.236685322712457,0.3044744506221869,7,8,9,11,11,12,12
2015,4,4_7,GUAIRA,DOCTOR BOTRELL,0.7301136363636364,0.7777777777777778,0.6894736842105263,352,257,54,19,11,8,11,22,0.35185185185185186,0.2037037037037037,0.14814814814814814,0.2037037037037037,0.4074074074074074,42.925925925925924,3,2,1,0.6666666666666666,0.3333333333333333,39,1206,7.095064377287131,0.29187396351575456,8,11,15,15,17,18,19
2015,4,4_9,GUAIRA,FELIX PEREZ CARDOZO,0.5810699588477366,0.6359060402684564,0.5282714054927302,1215,706,18,6,4,2,4,5,0.3333333333333333,0.2222222222222222,0.1111111111111111,0.2222222222222222,0.2777777777777778,42.05555555555556,2,1,0,0.5,0,38.5,4202,8.343315881404946,0.28914802475011897,3,4,4,5,5,6,6
2015,4,4_11,GUAIRA,GENERAL EUGENIO ALEJANDRINO GARAY,0.49066959385290887,0.5366120218579234,0.44432194046306506,1822,894,27,10,1,2,8,7,0.37037037037037035,0.037037037037037035,0.07407407407407407,0.2962962962962963,0.25925925925925924,42.81481481481482,2,2,0,1,0,34,6055,8.708639655987193,0.3009083402146986,1,1,1,3,5,5,10
2015,4,4_13,GUAIRA,INDEPENDENCIA,0.33604282315622525,0.3628691983122363,0.31226626776364996,5044,1695,72,23,10,11,12,22,0.3194444444444444,0.1388888888888889,0.1527777777777778,0.16666666666666666,0.3055555555555556,43.041666666666664,5,3,0,0.6,0,38.6,15431,9.644133752071205,0.32687447346251053,8,10,11,15,18,21,23
2015,4,4_15,GUAIRA,ITAPE,0.7758478081058726,0.7863247863247863,0.7660256410256411,1209,938,36,10,6,3,7,12,0.2777777777777778,0.16666666666666666,0.08333333333333333,0.19444444444444445,0.3333333333333333,42.916666666666664,2,0,0,0,0,40,4265,8.35819745992578,0.2834701055099648,6,6,6,7,8,10,10
2015,4,4_17,GUAIRA,ITURBE,0.5602471678681772,0.6190476190476191,0.5068762278978389,1942,1088,45,9,6,3,6,14,0.2,0.13333333333333333,0.06666666666666667,0.13333333333333333,0.3111111111111111,47.08888888888889,2,0,0,0,0,48,6992,8.852521917335372,0.27774599542334094,5,6,6,6,7,9,9
2015,4,4_19,GUAIRA,JOSE FASSARDI,0.652931854199683,0.653125,0.6527331189710611,1262,824,54,16,6,7,9,18,0.2962962962962963,0.1111111111111111,0.12962962962962962,0.16666666666666666,0.3333333333333333,43.46296296296296,4,0,0,0,0,48.25,3961,8.284251797621916,0.3186064125220904,5,6,7,9,13,16,16
2015,4,4_21,GUAIRA,MBOCAYATY DEL GUAIRA,0.5193409742120344,0.5614814814814815,0.4798890429958391,1396,725,45,15,9,4,11,15,0.3333333333333333,0.2,0.08888888888888889,0.24444444444444444,0.3333333333333333,42.355555555555554,4,0,2,0,0.5,43.75,5137,8.544224530467268,0.27175394198948805,7,9,11,12,12,13,15
2015,4,4_23,GUAIRA,NATALICIO TALAVERA,0.6455301455301455,0.6941431670281996,0.6007984031936128,962,621,36,13,9,5,8,12,0.3611111111111111,0.25,0.1388888888888889,0.2222222222222222,0.3333333333333333,43.611111111111114,2,0,0,0,0,47.5,3119,8.045267716607803,0.3084321898044245,8,9,9,10,11,12,13
2015,4,4_25,GUAIRA,ÑUMI,0.6247524752475248,0.6465863453815262,0.603515625,1010,631,18,7,2,3,4,5,0.3888888888888889,0.1111111111111111,0.16666666666666666,0.2222222222222222,0.2777777777777778,41.611111111111114,2,0,0,0,0,52,3332,8.111328003286733,0.30312124849939975,2,2,2,4,5,7,7
2015,4,4_27,GUAIRA,PASO YOBAI,0.507854630715123,0.5299270072992701,0.48733031674208144,4265,2166,54,12,6,4,8,16,0.2222222222222222,0.1111111111111111,0.07407407407407407,0.14814814814814814,0.2962962962962963,45.48148148148148,2,1,0,0.5,0,42.5,12825,9.45915167003897,0.33255360623781677,4,6,7,8,11,11,12
2015,4,4_29,GUAIRA,SAN SALVADOR,0.39789196310935443,0.4289544235924933,0.36787564766839376,759,302,27,5,3,5,0,11,0.18518518518518517,0.1111111111111111,0.18518518518518517,0,0.4074074074074074,48.44444444444444,1,1,0,1,0,34,2609,7.866722285136729,0.29091605979302415,2,3,4,4,4,4,5
2015,4,4_30,GUAIRA,TEBICUARY,0.7744360902255639,0.7840909090909091,0.7649253731343284,532,412,45,13,9,5,8,14,0.28888888888888886,0.2,0.1111111111111111,0.17777777777777778,0.3111111111111111,42.577777777777776,3,0,0,0,0,53.333333333333336,1857,7.526717561352706,0.28648357565966615,8,9,10,12,12,13,13
2015,4,4_31,GUAIRA,YATAITY DEL GUAIRA,0.6783625730994152,0.7159090909090909,0.6385542168674698,855,580,45,24,17,14,10,18,0.5333333333333333,0.37777777777777777,0.3111111111111111,0.2222222222222222,0.4,39.77777777777778,4,2,1,0.5,0.25,37.5,3449,8.145839612936841,0.2478979414322992,15,17,17,20,21,23,24
2015,5,5_0,CAAGUAZU,CORONEL OVIEDO,0.42978823529411764,0.4577171027682973,0.402261259577649,21250,9133,60,23,19,12,11,22,0.38333333333333336,0.31666666666666665,0.2,0.18333333333333332,0.36666666666666664,40.06666666666667,3,1,0,0.3333333333333333,0,40,65576,11.090965054332866,0.3240514822496035,18,19,20,22,22,22,23
2015,5,5_1,CAAGUAZU,3 DE FEBRERO,0.6129032258064516,0.6425379803395889,0.5867507886435331,2387,1463,18,6,1,2,4,5,0.3333333333333333,0.05555555555555555,0.1111111111111111,0.2222222222222222,0.2777777777777778,41.72222222222222,2,1,0,0.5,0,41.5,7066,8.86304982791909,0.33781488819699973,1,1,4,4,5,6,6
2015,5,5_3,CAAGUAZU,CAAGUAZU,0.36806900193627884,0.385417595151083,0.3511516731855715,22724,8364,120,42,19,12,30,35,0.35,0.15833333333333333,0.1,0.25,0.2916666666666667,43.50833333333333,4,0,0,0,0,50.5,67114,11.114147945011881,0.33858807402330365,17,19,22,30,34,40,42
2015,5,5_5,CAAGUAZU,CARAYAO,0.5222187204538292,0.5448634590377113,0.5009174311926605,3173,1657,45,19,8,5,14,15,0.4222222222222222,0.17777777777777778,0.1111111111111111,0.3111111111111111,0.3333333333333333,40.266666666666666,3,1,0,0.3333333333333333,0,39,9334,9.141418926509761,0.33994000428540816,4,8,10,13,16,18,19
2015,5,5_7,CAAGUAZU,DOCTOR CECILIO BAEZ,0.5211375864719446,0.54375,0.49924357034795763,1301,678,27,11,6,5,6,9,0.4074074074074074,0.2222222222222222,0.18518518518518517,0.2222222222222222,0.3333333333333333,42.592592592592595,2,0,0,0,0,57,4144,8.329416783939319,0.3139478764478765,5,6,6,8,10,11,11
2015,5,5_9,CAAGUAZU,DOCTOR JOSE EULOGIO ESTIGARRIBIA,0.5526037536346815,0.5584946823016089,0.5470633495768146,7566,4181,72,21,10,7,14,22,0.2916666666666667,0.1388888888888889,0.09722222222222222,0.19444444444444445,0.3055555555555556,44.55555555555556,4,2,0,0.5,0,36.75,18469,9.823848929875911,0.4096594293139856,9,10,12,14,18,19,21
2015,5,5_11,CAAGUAZU,DOCTOR JUAN MANUEL FRUTOS,0.602112676056338,0.6135986733001658,0.5910780669144982,3692,2223,66,24,13,10,14,18,0.36363636363636365,0.19696969696969696,0.15151515151515152,0.21212121212121213,0.2727272727272727,41.95454545454545,2,0,0,0,0,44,12870,9.462654300590172,0.2868686868686869,12,13,15,18,20,22,24
2015,5,5_13,CAAGUAZU,JOSE DOMINGO OCAMPOS,0.5383734249713631,0.5554187192118226,0.5235546038543897,1746,940,36,10,4,5,5,12,0.2777777777777778,0.1111111111111111,0.1388888888888889,0.1388888888888889,0.3333333333333333,43.75,3,1,0,0.3333333333333333,0,40.333333333333336,5628,8.63550941823428,0.31023454157782515,3,4,4,7,9,9,10
2015,5,5_15,CAAGUAZU,LA PASTORA,0.5236593059936908,0.5169491525423728,0.5302713987473904,951,498,18,7,3,3,4,6,0.3888888888888889,0.16666666666666666,0.16666666666666666,0.2222222222222222,0.3333333333333333,39.55555555555556,2,0,1,0,0.5,45,3048,8.022240916806537,0.31200787401574803,3,3,4,5,5,6,7
2015,5,5_17,CAAGUAZU,MARISCAL FRANCISCO SOLANO LOPEZ,0.577962577962578,0.6205250596658711,0.5451197053406999,962,556,27,3,2,0,3,7,0.1111111111111111,0.07407407407407407,0,0.1111111111111111,0.25925925925925924,46.96296296296296,3,0,0,0,0,41,2955,7.991253929840199,0.3255499153976311,2,2,2,3,3,3,3
2015,5,5_19,CAAGUAZU,NUEVA LONDRES,0.8177458033573142,0.8349753694581281,0.8014018691588785,834,682,45,9,5,1,8,11,0.2,0.1111111111111111,0.022222222222222223,0.17777777777777778,0.24444444444444444,46.68888888888889,4,1,0,0.25,0,48.75,3290,8.098642843759418,0.25349544072948327,4,5,7,7,8,8,9
2015,5,5_20,CAAGUAZU,NUEVA TOLEDO,0.6681766704416761,0.6613995485327314,0.675,883,590,27,9,3,1,8,7,0.3333333333333333,0.1111111111111111,0.037037037037037035,0.2962962962962963,0.25925925925925924,41.48148148148148,3,0,0,0,0,49.666666666666664,2553,7.845024417241484,0.34586760673717193,3,3,3,4,5,8,9
2015,5,5_21,CAAGUAZU,RI 3 CORRALES,0.5658424381828637,0.561963190184049,0.5692640692640693,1739,984,18,5,3,2,3,5,0.2777777777777778,0.16666666666666666,0.1111111111111111,0.16666666666666666,0.2777777777777778,43.77777777777778,2,0,0,0,0,49,5165,8.549660381553739,0.3366892545982575,3,3,3,3,5,5,5
2015,5,5_23,CAAGUAZU,RAUL ARSENIO OVIEDO,0.5917667238421955,0.5969447708578144,0.5868596881959911,3498,2070,36,8,6,3,5,9,0.2222222222222222,0.16666666666666666,0.08333333333333333,0.1388888888888889,0.25,44.30555555555556,3,0,0,0,0,41,9406,9.149103062504993,0.3718902827982139,5,6,6,7,7,7,8
2015,5,5_25,CAAGUAZU,REPATRIACION,0.41581437948404826,0.4451733833177132,0.38776119402985076,6551,2724,47,13,8,6,7,13,0.2765957446808511,0.1702127659574468,0.1276595744680851,0.14893617021276595,0.2765957446808511,42.1063829787234,3,1,2,0.3333333333333333,0.6666666666666666,49,19799,9.8933867103567,0.3308752967321582,5,8,8,9,12,13,13
2015,5,5_27,CAAGUAZU,SAN JOAQUIN,0.5253863134657837,0.5369649805447471,0.515003489183531,2718,1428,27,9,5,4,5,12,0.3333333333333333,0.18518518518518517,0.14814814814814814,0.18518518518518517,0.4444444444444444,42.51851851851852,3,2,0,0.6666666666666666,0,35.666666666666664,8651,9.065430200180375,0.3141833314067738,5,5,5,5,6,8,9
2015,5,5_29,CAAGUAZU,SAN JOSE DE LOS ARROYOS,0.42897817146472633,0.4494238156209987,0.4090056285178236,3161,1356,36,12,8,5,7,10,0.3333333333333333,0.2222222222222222,0.1388888888888889,0.19444444444444445,0.2777777777777778,42.666666666666664,3,1,0,0.3333333333333333,0,44,11030,9.308374112247549,0.2865820489573889,4,8,9,11,11,12,12
2015,5,5_31,CAAGUAZU,SANTA ROSA DEL MBUTUY,0.6201298701298701,0.6465116279069767,0.594920634920635,3080,1910,27,4,4,1,3,6,0.14814814814814814,0.14814814814814814,0.037037037037037035,0.1111111111111111,0.2222222222222222,44.48148148148148,2,0,0,0,0,52,9602,9.169726689090886,0.320766506977713,4,4,4,4,4,4,4
2015,5,5_33,CAAGUAZU,SIMON BOLIVAR,0.6446384039900249,0.6584734799482536,0.631768953068592,1604,1034,36,15,8,7,8,16,0.4166666666666667,0.2222222222222222,0.19444444444444445,0.2222222222222222,0.4444444444444444,39.916666666666664,3,0,1,0,0.3333333333333333,46.666666666666664,4882,8.493310250952906,0.328553871364195,7,8,10,10,14,14,15
2015,5,5_34,CAAGUAZU,TEMBIAPORA,0.6614542611415168,0.6904962153069807,0.6362308254200146,2558,1692,45,11,6,1,10,7,0.24444444444444444,0.13333333333333333,0.022222222222222223,0.2222222222222222,0.15555555555555556,42.75555555555555,4,1,0,0.25,0,46.25,6471,8.775085935057266,0.3953021171380003,6,6,6,6,9,9,11
2015,5,5_35,CAAGUAZU,VAQUERIA,0.4879518072289157,0.4868421052631579,0.48900293255131966,2656,1296,36,14,7,4,10,10,0.3888888888888889,0.19444444444444445,0.1111111111111111,0.2777777777777778,0.2777777777777778,41.861111111111114,4,0,0,0,0,51,7728,8.952605375892354,0.34368530020703936,6,7,10,11,12,13,14
2015,5,5_37,CAAGUAZU,YHU,0.4443403298350825,0.4499609069585614,0.43916486681065514,5336,2371,24,6,2,1,5,4,0.25,0.08333333333333333,0.041666666666666664,0.20833333333333334,0.16666666666666666,42.333333333333336,2,1,0,0.5,0,42.5,14986,9.614871710924255,0.35606566128386496,2,2,3,4,4,4,6
2015,6,6_0,CAAZAPA,CAAZAPA,0.43678621518733723,0.46620237607537895,0.40862745098039216,4991,2180,96,24,15,6,18,27,0.25,0.15625,0.0625,0.1875,0.28125,45.114583333333336,3,1,0,0.3333333333333333,0,37,16781,9.728002573001161,0.29741970085215425,14,15,17,18,20,24,24
2015,6,6_1,CAAZAPA,ABAI,0.4476390346274921,0.44515852613538986,0.4500205676676265,4765,2133,72,24,15,5,19,19,0.3333333333333333,0.20833333333333334,0.06944444444444445,0.2638888888888889,0.2638888888888889,41.81944444444444,3,2,0,0.6666666666666666,0,40,13670,9.522958929717996,0.34857351865398684,12,15,16,19,19,22,24
2015,6,6_2,CAAZAPA,3 DE MAYO,0.43225233229675697,0.4468485418626529,0.41919191919191917,2251,973,45,14,4,3,11,9,0.3111111111111111,0.08888888888888889,0.06666666666666667,0.24444444444444444,0.2,41.266666666666666,5,3,0,0.6,0,35.8,8599,9.059401196410896,0.26177462495639026,3,4,7,8,9,13,14
2015,6,6_3,CAAZAPA,BUENA VISTA,0.6653005464480874,0.7002881844380403,0.6337662337662338,1464,974,27,7,4,3,4,9,0.25925925925925924,0.14814814814814814,0.1111111111111111,0.14814814814814814,0.3333333333333333,43.629629629629626,2,1,0,0.5,0,41,4707,8.456806041401142,0.31102613129381773,3,4,4,5,5,6,7
2015,6,6_5,CAAZAPA,DOCTOR SANTIAGO MOISES BERTONI,0.3678332092330603,0.38087774294670845,0.35602836879432626,1343,494,18,4,1,3,1,4,0.2222222222222222,0.05555555555555555,0.16666666666666666,0.05555555555555555,0.2222222222222222,43.611111111111114,2,1,0,0.5,0,34,4057,8.308199063206446,0.33103278284446636,1,1,1,1,1,4,4
2015,6,6_7,CAAZAPA,FULGENCIO YEGROS,0.4588235294117647,0.4959083469721768,0.42857142857142855,1360,624,18,4,2,0,4,5,0.2222222222222222,0.1111111111111111,0,0.2222222222222222,0.2777777777777778,43.611111111111114,2,0,1,0,0.5,44,5093,8.535622326884605,0.26703318279992144,2,2,3,3,3,4,4
2015,6,6_9,CAAZAPA,GENERAL HIGINIO MORINIGO,0.6484018264840182,0.6534351145038167,0.6433990895295902,1314,852,36,18,10,6,12,6,0.5,0.2777777777777778,0.16666666666666666,0.3333333333333333,0.16666666666666666,40.19444444444444,2,0,0,0,0,43.5,4437,8.39773375137891,0.2961460446247465,9,10,11,13,13,17,18
2015,6,6_11,CAAZAPA,MACIEL,0.3617929562433298,0.3590308370044053,0.36438923395445133,937,339,45,11,5,4,7,13,0.24444444444444444,0.1111111111111111,0.08888888888888889,0.15555555555555556,0.28888888888888886,44.55555555555556,1,1,0,1,0,28,3275,8.094073148069352,0.28610687022900766,4,5,6,6,7,11,11
2015,6,6_13,CAAZAPA,SAN JUAN NEPOMUCENO,0.44855031267765777,0.488358384910109,0.41147405984079055,7036,3156,48,16,8,5,11,19,0.3333333333333333,0.16666666666666666,0.10416666666666667,0.22916666666666666,0.3958333333333333,42.125,4,0,0,0,0,49,21472,9.974505039771408,0.32768256333830104,8,8,9,10,12,14,16
2015,6,6_15,CAAZAPA,TAVAI,0.42417661961635905,0.4510268562401264,0.4014696058784235,2763,1172,27,7,4,3,4,8,0.25925925925925924,0.14814814814814814,0.1111111111111111,0.14814814814814814,0.2962962962962963,43.888888888888886,3,1,0,0.3333333333333333,0,42.666666666666664,8302,9.024251728612985,0.33281137075403516,4,4,6,6,6,7,7
2015,6,6_17,CAAZAPA,YUTY,0.41981809478219245,0.4438369781312127,0.3975069252077562,4178,1754,60,14,9,5,9,20,0.23333333333333334,0.15,0.08333333333333333,0.15,0.3333333333333333,44.86666666666667,3,1,0,0.3333333333333333,0,41,14114,9.554922491560776,0.29601813801898824,9,9,10,11,11,13,14
2015,7,7_0,ITAPUA,ENCARNACION,0.4432662192393736,0.4650892857142857,0.42134529147982064,22350,9907,144,34,15,15,19,50,0.2361111111111111,0.10416666666666667,0.10416666666666667,0.13194444444444445,0.3472222222222222,46.05555555555556,4,0,0,0,0,50.75,71450,11.176753183358013,0.31280615815255425,12,15,19,20,27,28,34
2015,7,7_1,ITAPUA,ALTO VERA,0.43451981195433176,0.43973214285714285,0.43023255813953487,2978,1294,36,9,6,2,7,9,0.25,0.16666666666666666,0.05555555555555555,0.19444444444444445,0.25,43.833333333333336,2,2,1,1,0.5,31.5,8304,9.024492605405669,0.3586223506743738,6,6,7,7,7,8,9
2015,7,7_3,ITAPUA,BELLA VISTA,0.5333333333333333,0.5393258426966292,0.5268935236004391,1890,1008,48,17,8,9,8,19,0.3541666666666667,0.16666666666666666,0.1875,0.16666666666666666,0.3958333333333333,42.166666666666664,4,0,1,0,0.25,49.75,6442,8.770594329891145,0.29338714684880474,8,8,10,13,15,17,17
2015,7,7_5,ITAPUA,CAMBYRETA,0.5707653137636663,0.5953585242487355,0.5458383594692401,6677,3811,72,24,8,12,12,28,0.3333333333333333,0.1111111111111111,0.16666666666666666,0.16666666666666666,0.3888888888888889,42.083333333333336,3,0,0,0,0,48,20563,9.931248623321519,0.3247094295579439,8,8,11,14,17,20,24
2015,7,7_7,ITAPUA,CAPITAN MEZA,0.4980967917346384,0.48156182212581344,0.514721919302072,1839,916,36,6,4,1,5,9,0.16666666666666666,0.1111111111111111,0.027777777777777776,0.1388888888888889,0.25,44.69444444444444,2,0,0,0,0,42,6502,8.779865100863852,0.2828360504460166,4,4,4,4,4,6,6
2015,7,7_9,ITAPUA,CAPITAN MIRANDA,0.524,0.5497382198952879,0.5004784688995215,2000,1048,48,15,9,6,9,17,0.3125,0.1875,0.125,0.1875,0.3541666666666667,39.583333333333336,3,1,0,0.3333333333333333,0,42.666666666666664,6739,8.815666824946216,0.2967799376762131,9,9,11,11,12,13,15
2015,7,7_11,ITAPUA,CARLOS ANTONIO LOPEZ,0.5175636480825008,0.5176715176715176,0.5174698795180723,3103,1606,36,10,8,4,6,7,0.2777777777777778,0.2222222222222222,0.1111111111111111,0.16666666666666666,0.19444444444444445,42.388888888888886,2,0,2,0,1,37,9449,9.153664194782626,0.32839453910466715,8,8,9,9,10,10,10
2015,7,7_13,ITAPUA,CARMEN DEL PARANA,0.5456431535269709,0.5966620305980529,0.4951856946354883,1446,789,36,10,6,5,5,10,0.2777777777777778,0.16666666666666666,0.1388888888888889,0.1388888888888889,0.2777777777777778,45.72222222222222,2,1,0,0.5,0,45,5000,8.517193191416238,0.2892,6,6,6,7,9,10,10
2015,7,7_15,ITAPUA,CORONEL BOGADO,0.6452091367546722,0.6699882766705745,0.6198198198198198,3371,2175,72,20,14,8,12,25,0.2777777777777778,0.19444444444444445,0.1111111111111111,0.16666666666666666,0.3472222222222222,46.736111111111114,2,0,0,0,0,49,12955,9.46923709299621,0.26020841373986875,13,14,15,15,18,20,20
2015,7,7_17,ITAPUA,EDELIRA,0.4227693602693603,0.4301121656600518,0.41577649958915364,4752,2009,72,12,7,5,7,24,0.16666666666666666,0.09722222222222222,0.06944444444444445,0.09722222222222222,0.3333333333333333,46.5,3,0,0,0,0,51,14811,9.603125426926972,0.3208426169738708,5,7,8,9,10,11,12
2015,7,7_19,ITAPUA,FRAM,0.7052932761087267,0.6899109792284867,0.7196132596685083,1398,986,72,24,10,9,15,23,0.3333333333333333,0.1388888888888889,0.125,0.20833333333333334,0.3194444444444444,41.65277777777778,4,1,0,0.25,0,45.75,5088,8.534640105019959,0.27476415094339623,9,10,12,14,16,21,24
2015,7,7_21,ITAPUA,GENERAL ARTIGAS,0.48246782068353306,0.5056497175141242,0.4617968094038623,2253,1087,48,14,7,3,11,13,0.2916666666666667,0.14583333333333334,0.0625,0.22916666666666666,0.2708333333333333,43.916666666666664,2,1,0,0.5,0,38.5,8956,9.100078977718645,0.2515631978561858,7,7,7,8,9,9,14
2015,7,7_23,ITAPUA,GENERAL DELGADO,0.5975708502024292,0.6151368760064412,0.5798045602605864,1235,738,45,14,7,6,8,16,0.3111111111111111,0.15555555555555556,0.13333333333333333,0.17777777777777778,0.35555555555555557,43.06666666666667,3,2,1,0.6666666666666666,0.3333333333333333,43.333333333333336,5253,8.566554620953962,0.23510375023795926,6,7,10,11,12,12,14
2015,7,7_25,ITAPUA,HOHENAU,0.5426324503311258,0.5424567188788129,0.542809642560266,2416,1311,60,10,3,0,10,18,0.16666666666666666,0.05,0,0.16666666666666666,0.3,45.2,2,0,0,0,0,57.5,7359,8.903679332926599,0.3283054762875391,3,3,5,6,8,10,10
2015,7,7_27,ITAPUA,ITAPUA POTY,0.5105994152046783,0.5182699478001491,0.5032258064516129,2736,1397,48,19,10,8,11,13,0.3958333333333333,0.20833333333333334,0.16666666666666666,0.22916666666666666,0.2708333333333333,41.708333333333336,3,0,1,0,0.3333333333333333,45,8582,9.05742226555147,0.3188068049405733,6,10,10,12,13,17,19
2015,7,7_29,ITAPUA,JESUS,0.6865552903739062,0.6844741235392321,0.6884498480243161,1257,863,48,14,6,7,7,15,0.2916666666666667,0.125,0.14583333333333334,0.14583333333333334,0.3125,42.770833333333336,3,1,1,0.3333333333333333,0.3333333333333333,45,4369,8.382289428951436,0.287708857862211,5,6,8,9,10,12,14
2015,7,7_31,ITAPUA,JOSE LEANDRO OVIEDO,0.6963414634146341,0.6883435582822086,0.7042424242424242,1640,1142,27,5,2,2,3,7,0.18518518518518517,0.07407407407407407,0.07407407407407407,0.1111111111111111,0.25925925925925924,46.48148148148148,2,0,1,0,0.5,45,5091,8.535229553902337,0.32213710469455903,2,2,2,2,2,3,5
2015,7,7_33,ITAPUA,LA PAZ,0.5949008498583569,0.6017964071856288,0.5887096774193549,706,420,18,5,3,4,1,8,0.2777777777777778,0.16666666666666666,0.2222222222222222,0.05555555555555555,0.4444444444444444,45.333333333333336,2,0,1,0,0.5,45.5,2297,7.739359202689098,0.30735742272529387,3,3,3,3,4,4,5
2015,7,7_35,ITAPUA,MAYOR JULIO DIONISIO OTAÑO,0.5116429495472187,0.5376271186440678,0.48794063079777367,3092,1582,48,13,7,6,7,13,0.2708333333333333,0.14583333333333334,0.125,0.14583333333333334,0.2708333333333333,43.25,3,0,0,0,0,52.666666666666664,9106,9.116688815894728,0.3395563364814408,6,7,9,9,9,13,13
2015,7,7_37,ITAPUA,NATALIO,0.38011695906432746,0.4077568134171908,0.3540740740740741,3933,1495,60,16,10,7,9,17,0.26666666666666666,0.16666666666666666,0.11666666666666667,0.15,0.2833333333333333,43.68333333333333,3,2,0,0.6666666666666666,0,39.333333333333336,12485,9.432283202713874,0.31501802162595116,10,10,11,11,13,14,16
2015,7,7_39,ITAPUA,NUEVA ALBORADA,0.7460024600246002,0.7655086848635235,0.7268292682926829,1626,1213,24,7,5,4,3,8,0.2916666666666667,0.20833333333333334,0.16666666666666666,0.125,0.3333333333333333,40,2,1,0,0.5,0,33.5,4715,8.458504195067558,0.34485683987274657,5,5,6,7,7,7,7
2015,7,7_41,ITAPUA,OBLIGADO,0.53125,0.545144804088586,0.5163934426229508,2272,1207,48,13,8,6,7,17,0.2708333333333333,0.16666666666666666,0.125,0.14583333333333334,0.3541666666666667,44.604166666666664,2,0,0,0,0,49.5,7727,8.952475967933584,0.2940339070790734,7,8,8,10,11,13,13
2015,7,7_43,ITAPUA,PIRAPO,0.5110584518167457,0.5367047308319739,0.4869831546707504,1266,647,48,13,5,3,10,12,0.2708333333333333,0.10416666666666667,0.0625,0.20833333333333334,0.25,42.833333333333336,3,0,0,0,0,50.333333333333336,4236,8.351374706721296,0.2988668555240793,3,5,5,5,7,11,13
2015,7,7_45,ITAPUA,SAN COSME Y DAMIAN,0.60473208072373,0.611716621253406,0.5974395448079659,1437,869,36,13,10,6,7,13,0.3611111111111111,0.2777777777777778,0.16666666666666666,0.19444444444444445,0.3611111111111111,41.083333333333336,3,1,1,0.3333333333333333,0.3333333333333333,51,4908,8.498621805830801,0.2927872860635697,9,10,10,10,12,13,13
2015,7,7_47,ITAPUA,SAN JUAN DEL PARANA,0.6818181818181818,0.7155172413793104,0.648876404494382,2112,1440,60,22,12,11,11,20,0.36666666666666664,0.2,0.18333333333333332,0.18333333333333332,0.3333333333333333,42.43333333333333,3,3,2,1,0.6666666666666666,31.333333333333332,6498,8.779249716229046,0.3250230840258541,11,12,13,15,18,19,22
2015,7,7_49,ITAPUA,SAN PEDRO DEL PARANA,0.40083346195400527,0.41780593531177057,0.38620689655172413,6479,2597,36,7,3,3,4,11,0.19444444444444445,0.08333333333333333,0.08333333333333333,0.1111111111111111,0.3055555555555556,42.47222222222222,4,0,0,0,0,43.75,21421,9.972127028252816,0.3024602026049204,2,3,4,4,6,6,7
2015,7,7_51,ITAPUA,SAN RAFAEL DEL PARANA,0.52321083172147,0.5273010920436817,0.5196565747853592,4136,2164,48,11,6,3,8,13,0.22916666666666666,0.125,0.0625,0.16666666666666666,0.2708333333333333,44.666666666666664,3,1,1,0.3333333333333333,0.3333333333333333,40.333333333333336,12406,9.425935505533063,0.333387070772207,5,6,8,9,10,11,11
2015,7,7_53,ITAPUA,TOMAS ROMERO PEREIRA,0.5243061693477108,0.541018387553041,0.5075998586072817,5657,2966,84,24,18,11,13,32,0.2857142857142857,0.21428571428571427,0.13095238095238096,0.15476190476190477,0.38095238095238093,45.20238095238095,4,1,0,0.25,0,42.5,18497,9.82536383575455,0.30583337838568414,15,18,19,20,20,23,24
2015,7,7_55,ITAPUA,TRINIDAD,0.4388185654008439,0.47549019607843135,0.4033214709371293,1659,728,48,16,11,8,8,20,0.3333333333333333,0.22916666666666666,0.16666666666666666,0.16666666666666666,0.4166666666666667,40.8125,2,0,0,0,0,43,5176,8.551787836180736,0.3205177743431221,10,11,13,13,14,14,16
2015,7,7_57,ITAPUA,YATYTAY,0.48867699642431467,0.5197313182199832,0.46078431372549017,2517,1230,54,18,10,8,10,19,0.3333333333333333,0.18518518518518517,0.14814814814814814,0.18518518518518517,0.35185185185185186,41.333333333333336,2,0,0,0,0,48,8073,8.996280439395015,0.31178000743218137,9,10,11,13,15,17,18
2015,8,8_0,MISIONES,SAN JUAN BAUTISTA,0.6498013798871002,0.6988400994200498,0.5998311523849725,4783,3108,48,18,8,2,16,12,0.375,0.16666666666666666,0.041666666666666664,0.3333333333333333,0.25,41.958333333333336,3,1,0,0.3333333333333333,0,41,14772,9.600488775972455,0.32378824803682643,8,8,11,13,13,17,18
2015,8,8_1,MISIONES,AYOLAS,0.6085141903171953,0.6411667583929554,0.5751266178953293,3594,2187,71,21,14,10,11,24,0.29577464788732394,0.19718309859154928,0.14084507042253522,0.15492957746478872,0.3380281690140845,43.91549295774648,3,1,2,0.3333333333333333,0.6666666666666666,41,11521,9.351926736038054,0.31195208749240516,14,14,15,17,19,21,21
2015,8,8_3,MISIONES,SAN IGNACIO,0.3900768459739392,0.43758256274768825,0.341446923597025,5986,2335,72,30,16,16,14,30,0.4166666666666667,0.2222222222222222,0.2222222222222222,0.19444444444444445,0.4166666666666667,42.763888888888886,4,1,2,0.25,0.5,40.25,19871,9.897016661405816,0.301243017462634,14,16,19,21,23,28,30
2015,8,8_5,MISIONES,SAN MIGUEL,0.5185929648241207,0.547808764940239,0.48884381338742394,995,516,36,14,7,7,7,16,0.3888888888888889,0.19444444444444445,0.19444444444444445,0.19444444444444445,0.4444444444444444,41.30555555555556,2,0,0,0,0,47.5,3652,8.20303024171486,0.27245345016429356,5,7,7,10,13,14,14
2015,8,8_7,MISIONES,SAN PATRICIO,0.7382488479262673,0.7461538461538462,0.7309734513274336,1085,801,18,6,1,2,4,6,0.3333333333333333,0.05555555555555555,0.1111111111111111,0.2222222222222222,0.3333333333333333,41.77777777777778,2,1,0,0.5,0,38,3567,8.17948018535889,0.30417717970283153,1,1,3,4,5,5,6
2015,8,8_9,MISIONES,SANTA MARIA,0.5758620689655173,0.6306620209059234,0.5221843003412969,1740,1002,36,9,5,4,5,12,0.25,0.1388888888888889,0.1111111111111111,0.1388888888888889,0.3333333333333333,42.5,4,1,0,0.25,0,40,5843,8.672999642554437,0.29779223001882593,5,5,6,7,7,8,9
2015,8,8_11,MISIONES,SANTA ROSA,0.5647989734816082,0.5939849624060151,0.5374741200828157,4676,2641,72,22,6,8,14,27,0.3055555555555556,0.08333333333333333,0.1111111111111111,0.19444444444444445,0.375,41.333333333333336,4,2,1,0.5,0.25,35.5,15260,9.632990304838447,0.30642201834862387,5,6,12,16,18,18,22
2015,8,8_13,MISIONES,SANTIAGO,0.666443402545211,0.6885245901639344,0.6452036793692509,1493,995,36,12,8,7,5,17,0.3333333333333333,0.2222222222222222,0.19444444444444445,0.1388888888888889,0.4722222222222222,45.416666666666664,2,0,0,0,0,42.5,5606,8.631592731724734,0.2663217980734927,7,8,8,10,12,12,12
2015,8,8_15,MISIONES,VILLA FLORIDA,0.8654970760233918,0.8729792147806005,0.8578199052132701,855,740,27,8,7,3,5,9,0.2962962962962963,0.25925925925925924,0.1111111111111111,0.18518518518518517,0.3333333333333333,41.81481481481482,2,2,0,1,0,28,2910,7.975908360165538,0.29381443298969073,6,7,7,7,8,8,8
2015,8,8_17,MISIONES,YABEBYRY,0.5100334448160535,0.5341614906832298,0.48188405797101447,598,305,48,12,5,4,8,18,0.25,0.10416666666666667,0.08333333333333333,0.16666666666666666,0.375,46.979166666666664,2,1,0,0.5,0,50,2394,7.780720886117918,0.24979114452798662,4,5,6,6,11,12,12
2015,9,9_0,PARAGUARI,PARAGUARI,0.44612721765469493,0.5126230209670518,0.37811816192560177,4622,2062,60,18,10,9,9,23,0.3,0.16666666666666666,0.15,0.15,0.38333333333333336,46.65,4,0,1,0,0.25,43,15068,9.620328568811932,0.30674276612689144,9,10,12,14,15,16,18
2015,9,9_1,PARAGUARI,ACAHAY,0.5863277826468011,0.5995130858186245,0.5741573033707865,3423,2007,72,26,12,13,13,28,0.3611111111111111,0.16666666666666666,0.18055555555555555,0.18055555555555555,0.3888888888888889,43.763888888888886,4,0,0,0,0,55.5,12170,9.406729185981574,0.28126540673788003,10,12,14,18,23,25,26
2015,9,9_3,PARAGUARI,CAAPUCU,0.5023961661341853,0.5351882160392799,0.4711388455538221,1252,629,48,13,8,8,5,24,0.2708333333333333,0.16666666666666666,0.16666666666666666,0.10416666666666667,0.5,46.458333333333336,2,0,1,0,0.5,57.5,5069,8.53089883847235,0.24699151706450975,5,8,10,10,12,13,13
2015,9,9_5,PARAGUARI,CARAPEGUA,0.45794099183929693,0.49259624876604147,0.42634263426342633,6372,2918,84,29,12,12,17,30,0.34523809523809523,0.14285714285714285,0.14285714285714285,0.20238095238095238,0.35714285714285715,42.333333333333336,2,0,0,0,0,48.5,24722,10.115448814447769,0.25774613704392846,9,12,15,19,25,28,29
2015,9,9_7,PARAGUARI,ESCOBAR,0.371551724137931,0.4197952218430034,0.32229965156794427,1160,431,27,7,5,2,5,5,0.25925925925925924,0.18518518518518517,0.07407407407407407,0.18518518518518517,0.18518518518518517,44.77777777777778,1,0,0,0,0,47,4363,8.38091517312361,0.26587210634884256,4,5,5,5,6,7,7
2015,9,9_9,PARAGUARI,GENERAL BERNARDINO CABALLERO,0.6200317965023847,0.6265822784810127,0.6134185303514377,1258,780,27,7,4,3,4,8,0.25925925925925924,0.14814814814814814,0.1111111111111111,0.14814814814814814,0.2962962962962963,47,2,1,0,0.5,0,36.5,5113,8.53954159508,0.24603950713866615,3,4,4,4,5,6,7
2015,9,9_11,PARAGUARI,LA COLMENA,0.5847033595425304,0.5850144092219021,0.5843971631205673,1399,818,36,10,4,5,5,12,0.2777777777777778,0.1111111111111111,0.1388888888888889,0.1388888888888889,0.3333333333333333,45.361111111111114,2,0,0,0,0,41,4998,8.516793111394898,0.27991196478591435,3,4,6,9,9,9,10
2015,9,9_13,PARAGUARI,MBUYAPEY,0.5248985614164515,0.564179104477612,0.4865061998541211,2711,1423,36,3,1,0,3,12,0.08333333333333333,0.027777777777777776,0,0.08333333333333333,0.3333333333333333,44.888888888888886,2,0,0,0,0,48,8568,9.055789612127585,0.3164098972922502,1,1,1,1,2,2,3
2015,9,9_15,PARAGUARI,PIRAYU,0.5676521739130435,0.6048780487804878,0.5305555555555556,2875,1632,36,12,7,8,4,13,0.3333333333333333,0.19444444444444445,0.2222222222222222,0.1111111111111111,0.3611111111111111,42.583333333333336,4,1,1,0.25,0.25,47,10631,9.271529540288606,0.2704355187658734,5,7,7,8,8,10,12
2015,9,9_17,PARAGUARI,QUIINDY,0.5787061994609164,0.6053067993366501,0.5533929510783798,3710,2147,60,15,6,8,7,24,0.25,0.1,0.13333333333333333,0.11666666666666667,0.4,47.016666666666666,2,0,2,0,1,50.5,13971,9.544739031650487,0.26555006799799585,5,6,6,9,9,12,15
2015,9,9_19,PARAGUARI,QUYQUYHO,0.49398556535685645,0.5094637223974764,0.47797716150081565,1247,616,27,5,3,3,2,10,0.18518518518518517,0.1111111111111111,0.1111111111111111,0.07407407407407407,0.37037037037037035,47.81481481481482,2,1,1,0.5,0.5,34.5,5034,8.523970175695261,0.2477155343663091,2,3,3,4,4,4,5
2015,9,9_21,PARAGUARI,SAN ROQUE GONZALEZ DE SANTACRUZ,0.4711160964666293,0.48177676537585423,0.4607734806629834,1783,840,36,14,10,4,10,13,0.3888888888888889,0.2777777777777778,0.1111111111111111,0.2777777777777778,0.3611111111111111,41.44444444444444,3,1,0,0.3333333333333333,0,35.666666666666664,7107,8.868835492826895,0.25087941466160124,7,10,12,13,13,14,14
2015,9,9_23,PARAGUARI,SAPUCAI,0.5195773772529522,0.5486725663716814,0.49144254278728605,1609,836,36,6,5,3,3,14,0.16666666666666666,0.1388888888888889,0.08333333333333333,0.08333333333333333,0.3888888888888889,48.111111111111114,2,2,1,1,0.5,33,5782,8.662504922576291,0.27827741265997924,4,5,5,5,6,6,6
2015,9,9_25,PARAGUARI,TEBICUARYMI,0.6177215189873417,0.6240208877284595,0.6117936117936118,790,488,36,9,6,5,4,13,0.25,0.16666666666666666,0.1388888888888889,0.1111111111111111,0.3611111111111111,43.05555555555556,2,2,1,1,0.5,29,2987,8.00202481821611,0.2644794107800469,4,6,8,8,9,9,9
2015,9,9_27,PARAGUARI,YAGUARON,0.621034180543383,0.6847554444841129,0.5595730027548209,5705,3543,60,17,7,9,8,21,0.2833333333333333,0.11666666666666667,0.15,0.13333333333333333,0.35,42.96666666666667,2,1,0,0.5,0,38.5,20573,9.93173481547423,0.2773052058523307,6,7,8,9,12,14,17
2015,9,9_29,PARAGUARI,YBYCUI,0.3921957671957672,0.41746724890829695,0.3664292074799644,4536,1779,48,12,5,5,7,18,0.25,0.10416666666666667,0.10416666666666667,0.14583333333333334,0.375,48.416666666666664,2,0,1,0,0.5,46.5,15264,9.633252393688068,0.2971698113207547,5,5,7,7,8,11,12
2015,9,9_31,PARAGUARI,YBYTYMI,0.666168782673637,0.6766091051805337,0.6566951566951567,1339,892,36,12,7,7,5,16,0.3333333333333333,0.19444444444444445,0.19444444444444445,0.1388888888888889,0.4444444444444444,43.25,2,0,0,0,0,52,4795,8.475328987317539,0.27924921793534935,6,7,9,11,11,12,12
2015,10,10_0,ALTO PARANA,CIUDAD DEL ESTE,0.4689172966483891,0.4780127124140615,0.4598130234369928,61642,28905,203,84,57,35,49,63,0.41379310344827586,0.28078817733990147,0.1724137931034483,0.2413793103448276,0.3103448275862069,39.566502463054185,7,0,1,0,0.14285714285714285,53.42857142857143,183811,12.121663334773425,0.3353553378198258,50,57,63,68,73,80,84
2015,10,10_1,ALTO PARANA,DOCTOR JUAN LEON MALLORQUIN,0.6204105232726221,0.6370192307692307,0.6050139275766017,3459,2146,48,15,9,6,9,12,0.3125,0.1875,0.125,0.1875,0.25,42.354166666666664,4,0,0,0,0,46.25,11633,9.361601165816767,0.29734376343161695,7,9,9,12,13,13,15
2015,10,10_2,ALTO PARANA,DOCTOR RAUL PEÑA,0.699918896999189,0.6870503597122302,0.7104874446085672,1233,863,45,14,7,6,8,13,0.3111111111111111,0.15555555555555556,0.13333333333333333,0.17777777777777778,0.28888888888888886,43.333333333333336,2,0,1,0,0.5,43.5,3552,8.17526610411206,0.3471283783783784,6,7,9,11,13,13,14
2015,10,10_3,ALTO PARANA,DOMINGO MARTINEZ DE IRALA,0.7252374491180461,0.7590711175616836,0.6955414012738853,1474,1069,36,6,4,4,2,10,0.16666666666666666,0.1111111111111111,0.1111111111111111,0.05555555555555555,0.2777777777777778,45.22222222222222,3,2,1,0.6666666666666666,0.3333333333333333,38,4625,8.439231649946526,0.3187027027027027,4,4,4,4,5,5,6
2015,10,10_5,ALTO PARANA,HERNANDARIAS,0.5459520932546734,0.5590257023311417,0.534092449505219,14069,7681,284,125,77,47,78,100,0.44014084507042256,0.2711267605633803,0.16549295774647887,0.2746478873239437,0.352112676056338,39.86619718309859,7,1,0,0.14285714285714285,0,46.857142857142854,40301,10.604131561522696,0.34909803726954663,69,77,88,97,106,114,125
2015,10,10_7,ALTO PARANA,IRUÑA,0.6331719128329297,0.6296296296296297,0.6361607142857143,826,523,36,17,10,4,13,9,0.4722222222222222,0.2777777777777778,0.1111111111111111,0.3611111111111111,0.25,38.638888888888886,3,0,0,0,0,57,2809,7.940583827104244,0.29405482378070485,8,10,11,13,13,13,17
2015,10,10_9,ALTO PARANA,ITAKYRY,0.519434628975265,0.539517014270033,0.5023364485981309,3962,2058,95,34,21,13,21,28,0.35789473684210527,0.22105263157894736,0.1368421052631579,0.22105263157894736,0.29473684210526313,42.4,6,2,0,0.3333333333333333,0,43,12293,9.41678527366734,0.3222972423330351,17,21,22,24,30,31,34
2015,10,10_11,ALTO PARANA,JUAN EMILIO O'LEARY,0.4899550933585441,0.5118507312153303,0.4706405693950178,4231,2073,48,11,5,3,8,13,0.22916666666666666,0.10416666666666667,0.0625,0.16666666666666666,0.2708333333333333,43.916666666666664,3,0,0,0,0,47,12483,9.432122997651051,0.33894095970519905,4,5,6,6,8,9,11
2015,10,10_13,ALTO PARANA,LOS CEDRALES,0.6449480642115203,0.6628272251308901,0.6302665520206363,2118,1366,81,35,20,15,20,22,0.43209876543209874,0.24691358024691357,0.18518518518518517,0.24691358024691357,0.2716049382716049,41.25925925925926,2,0,0,0,0,42,5960,8.692825760059396,0.3553691275167785,19,20,22,26,29,31,35
2015,10,10_15,ALTO PARANA,MBARACAYU,0.6837160751565762,0.6659242761692651,0.6994106090373281,958,655,70,25,14,9,16,21,0.35714285714285715,0.2,0.12857142857142856,0.22857142857142856,0.3,41.75714285714286,5,2,1,0.4,0.2,41.2,3437,8.142354276849835,0.27873145184754144,12,14,17,18,22,23,25
2015,10,10_17,ALTO PARANA,MINGA GUAZU,0.42001877663031706,0.43873704052780393,0.40409036225103595,13847,5816,107,32,20,16,16,37,0.29906542056074764,0.18691588785046728,0.14953271028037382,0.14953271028037382,0.34579439252336447,42.205607476635514,7,0,0,0,0,53,39023,10.571906494871117,0.3548420162468288,19,20,21,23,26,28,32
2015,10,10_19,ALTO PARANA,MINGA PORA,0.713125845737483,0.7278617710583153,0.7000638162093171,2956,2108,107,39,24,12,27,36,0.3644859813084112,0.22429906542056074,0.11214953271028037,0.2523364485981308,0.3364485981308411,40.03738317757009,3,1,1,0.3333333333333333,0.3333333333333333,39,7832,8.965973184210347,0.3774259448416752,22,24,25,29,30,35,39
2015,10,10_21,ALTO PARANA,NARANJAL,0.6312292358803987,0.6432532347504621,0.6214177978883861,1204,760,36,12,9,3,9,9,0.3333333333333333,0.25,0.08333333333333333,0.25,0.25,40.80555555555556,3,0,0,0,0,46,3645,8.201111644442758,0.33031550068587107,7,9,9,10,11,11,12
2015,10,10_23,ALTO PARANA,ÑACUNDAY,0.6562272396212673,0.6770491803278689,0.6395806028833552,1373,901,48,19,7,10,9,16,0.3958333333333333,0.14583333333333334,0.20833333333333334,0.1875,0.3333333333333333,39.270833333333336,4,1,1,0.25,0.25,38.75,4336,8.374707543119483,0.31665129151291516,6,7,8,9,13,16,19
2015,10,10_25,ALTO PARANA,PRESIDENTE FRANCO,0.48727675965915723,0.5273587317821529,0.4536082474226804,17134,8349,108,28,16,10,18,36,0.25925925925925924,0.14814814814814814,0.09259259259259259,0.16666666666666666,0.3333333333333333,42.4537037037037,6,4,1,0.6666666666666666,0.16666666666666666,38.833333333333336,46551,10.748303764751594,0.3680694292281584,12,16,19,21,23,25,28
2015,10,10_27,ALTO PARANA,SAN ALBERTO,0.6514486391571555,0.6627565982404692,0.6422310756972112,2278,1484,120,36,22,12,24,34,0.3,0.18333333333333332,0.1,0.2,0.2833333333333333,44.016666666666666,4,1,1,0.25,0.25,45.5,6718,8.812545770172237,0.33908901458767493,17,22,24,26,27,31,36
2015,10,10_29,ALTO PARANA,SAN CRISTOBAL,0.6795061728395062,0.7017726798748697,0.6594746716697936,2025,1376,48,21,10,7,14,13,0.4375,0.20833333333333334,0.14583333333333334,0.2916666666666667,0.2708333333333333,39.4375,2,0,0,0,0,45,5234,8.562931083090092,0.3868933893771494,9,10,11,12,15,17,21
2015,10,10_30,ALTO PARANA,SANTA FE DEL PARANA,0.7995889003083247,0.819047619047619,0.7848101265822784,973,778,47,15,7,8,7,16,0.3191489361702128,0.14893617021276595,0.1702127659574468,0.14893617021276595,0.3404255319148936,41.51063829787234,2,0,1,0,0.5,44,2794,7.935229539816907,0.34824624194702936,6,7,11,14,14,14,15
2015,10,10_31,ALTO PARANA,SANTA RITA,0.5667574931880109,0.5838607594936709,0.5522337924084649,5505,3120,72,32,22,10,22,16,0.4444444444444444,0.3055555555555556,0.1388888888888889,0.3055555555555556,0.2222222222222222,38.05555555555556,3,1,0,0.3333333333333333,0,47.666666666666664,13268,9.493110400066943,0.4149080494422671,21,22,23,28,29,30,32
2015,10,10_33,ALTO PARANA,SANTA ROSA DEL MONDAY,0.6611785095320624,0.6621359223300971,0.6604068857589984,1154,763,36,16,11,6,10,9,0.4444444444444444,0.3055555555555556,0.16666666666666666,0.2777777777777778,0.25,39.22222222222222,3,1,1,0.3333333333333333,0.3333333333333333,46,3511,8.163656176168432,0.3286812873825121,9,11,12,13,14,15,16
2015,10,10_34,ALTO PARANA,TAVAPY,0.7491525423728813,0.7600411946446962,0.7394881170018281,2065,1547,62,23,11,8,15,20,0.3709677419354839,0.1774193548387097,0.12903225806451613,0.24193548387096775,0.3225806451612903,40.016129032258064,5,2,1,0.4,0.2,39.2,5482,8.60922527686273,0.3766873403867202,10,11,12,13,16,21,23
2015,10,10_35,ALTO PARANA,YGUAZU,0.570704744357439,0.5889872173058014,0.5545927209705372,2171,1239,84,31,18,9,22,25,0.36904761904761907,0.21428571428571427,0.10714285714285714,0.2619047619047619,0.2976190476190476,43.20238095238095,3,0,0,0,0,47.333333333333336,6468,8.774622220696997,0.33565244279529993,17,18,23,26,28,30,31
2015,11,11_0,CENTRAL,AREGUA,0.48318739054290716,0.5183803942461375,0.44895491449300395,11420,5518,120,49,22,16,33,41,0.4083333333333333,0.18333333333333332,0.13333333333333333,0.275,0.3416666666666667,41.608333333333334,3,0,0,0,0,49,34760,10.456222579379329,0.3285385500575374,20,22,23,26,34,40,49
2015,11,11_1,CENTRAL,CAPIATA,0.37821707310486374,0.4095595126522962,0.3481206987824246,37029,14005,108,31,17,18,13,38,0.28703703703703703,0.1574074074074074,0.16666666666666666,0.12037037037037036,0.35185185185185186,43.23148148148148,3,1,0,0.3333333333333333,0,37,109686,11.60537701733514,0.33759094141458346,12,17,20,22,27,28,31
2015,11,11_3,CENTRAL,FERNANDO DE LA MORA,0.44253564679608315,0.4523052464228935,0.43368048732560427,29105,12880,84,19,14,10,9,34,0.2261904761904762,0.16666666666666666,0.11904761904761904,0.10714285714285714,0.40476190476190477,45.23809523809524,2,0,0,0,0,51,97975,11.492467623067832,0.2970655779535596,10,14,15,17,18,18,19
2015,11,11_5,CENTRAL,GUARAMBARE,0.47192248403435366,0.5110035211267606,0.43278977523137946,4541,2143,84,35,19,13,22,31,0.4166666666666667,0.2261904761904762,0.15476190476190477,0.2619047619047619,0.36904761904761907,40.32142857142857,2,1,0,0.5,0,40.5,14615,9.589803677545346,0.31070817653096133,14,19,27,28,28,34,35
2015,11,11_7,CENTRAL,ITA,0.5598565783696766,0.5824727058129242,0.5376016260162602,13666,7651,84,33,19,14,19,29,0.39285714285714285,0.2261904761904762,0.16666666666666666,0.2261904761904762,0.34523809523809523,39.785714285714285,3,0,1,0,0.3333333333333333,49.666666666666664,43891,10.689464566656033,0.3113622382720831,16,19,23,26,28,32,33
2015,11,11_9,CENTRAL,ITAUGUA,0.49247833622183707,0.523463687150838,0.4619408121128699,14425,7104,96,27,13,11,16,40,0.28125,0.13541666666666666,0.11458333333333333,0.16666666666666666,0.4166666666666667,45.958333333333336,5,0,1,0,0.2,45.6,45907,10.734372889867487,0.31422223190363124,10,13,18,20,23,24,27
2015,11,11_11,CENTRAL,JULIAN AUGUSTO SALDIVAR,0.3752964223115785,0.4089564850021124,0.343202416918429,9699,3640,96,24,14,6,18,35,0.25,0.14583333333333334,0.0625,0.1875,0.3645833333333333,43.145833333333336,5,2,0,0.4,0,44,29562,10.294245031772018,0.32809011568906027,10,14,17,18,20,20,24
2015,11,11_13,CENTRAL,LAMBARE,0.40993674947291225,0.4366225297757669,0.38727539835009606,32727,13416,168,47,32,20,27,78,0.27976190476190477,0.19047619047619047,0.11904761904761904,0.16071428571428573,0.4642857142857143,44.07142857142857,2,0,0,0,0,51,98912,11.501985844931843,0.3308698641216435,23,32,35,40,44,44,47
2015,11,11_15,CENTRAL,LIMPIO,0.48233272473418537,0.5139576767221972,0.4534812076401725,18622,8982,84,30,18,10,20,26,0.35714285714285715,0.21428571428571427,0.11904761904761904,0.23809523809523808,0.30952380952380953,40.976190476190474,3,0,0,0,0,55,55311,10.9207270827385,0.3366780568060603,16,18,23,23,26,28,30
2015,11,11_17,CENTRAL,LUQUE,0.4142205538945025,0.4357826626484666,0.39330094165197577,45821,18980,143,37,21,17,20,53,0.25874125874125875,0.14685314685314685,0.11888111888111888,0.13986013986013987,0.3706293706293706,44.99300699300699,7,0,1,0,0.14285714285714285,47,136117,11.82127008899495,0.33662951725353923,20,21,25,26,29,34,37
2015,11,11_19,CENTRAL,MARIANO ROQUE ALONSO,0.47137915643829503,0.4952324896998234,0.44988864142538976,17924,8449,132,48,30,16,32,44,0.36363636363636365,0.22727272727272727,0.12121212121212122,0.24242424242424243,0.3333333333333333,42.40151515151515,4,1,2,0.25,0.5,40.5,53144,10.880760489345077,0.3372723167243715,27,30,34,37,43,46,48
2015,11,11_21,CENTRAL,NUEVA ITALIA,0.7383581373019683,0.7564717162032598,0.7201923076923077,2083,1538,36,12,7,6,6,14,0.3333333333333333,0.19444444444444445,0.16666666666666666,0.16666666666666666,0.3888888888888889,42.52777777777778,2,0,0,0,0,65,7259,8.889997357284841,0.2869541259126601,7,7,8,9,10,10,12
2015,11,11_23,CENTRAL,ÑEMBY,0.48655046266408436,0.5039342542402518,0.46969568534373146,23235,11305,167,69,40,25,44,68,0.41317365269461076,0.23952095808383234,0.1497005988023952,0.2634730538922156,0.40718562874251496,41.92814371257485,4,2,1,0.5,0.25,38.5,67451,11.119156687322887,0.3444722835836385,35,40,48,51,57,63,69
2015,11,11_25,CENTRAL,SAN ANTONIO,0.4617008443908323,0.4872644439842618,0.4375854659113108,9948,4593,96,35,15,13,22,37,0.3645833333333333,0.15625,0.13541666666666666,0.22916666666666666,0.3854166666666667,40.625,2,0,0,0,0,55.5,29396,10.288613889648762,0.33841338957681316,10,15,20,25,30,31,35
2015,11,11_27,CENTRAL,SAN LORENZO,0.3568427105449398,0.3751077244069488,0.3394622124390349,45216,16135,144,50,22,19,31,53,0.3472222222222222,0.1527777777777778,0.13194444444444445,0.2152777777777778,0.3680555555555556,42.979166666666664,5,0,0,0,0,60.2,142049,11.863927347482827,0.3183126949151349,21,22,26,31,39,43,50
2015,11,11_29,CENTRAL,VILLA ELISA,0.5143350146004778,0.5396889246446769,0.4894875164257556,15068,7750,120,38,17,20,18,47,0.31666666666666665,0.14166666666666666,0.16666666666666666,0.15,0.39166666666666666,43.875,6,1,0,0.16666666666666666,0,45.666666666666664,45504,10.725555513162913,0.33113572433192684,14,17,20,22,25,32,38
2015,11,11_31,CENTRAL,VILLETA,0.7201699901928735,0.7596594629993452,0.6808093994778068,6118,4406,132,45,25,19,26,56,0.3409090909090909,0.1893939393939394,0.14393939393939395,0.19696969696969696,0.42424242424242425,42.71212121212121,2,0,0,0,0,50.5,20216,9.91422964906803,0.3026315789473684,19,25,29,30,38,39,45
2015,11,11_33,CENTRAL,YPACARAI,0.6337840833518067,0.6731818181818182,0.5962786672436174,4511,2859,60,18,10,7,11,22,0.3,0.16666666666666666,0.11666666666666667,0.18333333333333332,0.36666666666666664,43.483333333333334,2,1,0,0.5,0,39,15515,9.64956257688248,0.29075088623912343,10,10,11,13,16,17,18
2015,11,11_35,CENTRAL,YPANE,0.5194290245836638,0.5611988103408831,0.4784560143626571,8827,4585,108,37,20,15,22,35,0.3425925925925926,0.18518518518518517,0.1388888888888889,0.2037037037037037,0.32407407407407407,41.324074074074076,4,1,0,0.25,0,39.75,26892,10.199584123588927,0.32823888145173286,17,20,22,25,32,37,37
2015,12,12_0,ÑEEMBUCU,PILAR,0.6341805707157336,0.6704165399817573,0.5960307298335468,6413,4067,96,39,21,14,25,31,0.40625,0.21875,0.14583333333333334,0.2604166666666667,0.3229166666666667,40.791666666666664,3,1,0,0.3333333333333333,0,41.333333333333336,23256,10.054318442238712,0.27575679394564845,17,21,23,27,33,35,39
2015,12,12_1,ÑEEMBUCU,ALBERDI,0.49266666666666664,0.5056746532156369,0.4780763790664781,1500,739,27,11,6,4,7,10,0.4074074074074074,0.2222222222222222,0.14814814814814814,0.25925925925925924,0.37037037037037035,41.22222222222222,2,1,0,0.5,0,46,6225,8.736328721332908,0.24096385542168675,3,6,6,6,9,11,11
2015,12,12_3,ÑEEMBUCU,CERRITO,0.5668058455114823,0.5643153526970954,0.569327731092437,958,543,36,9,4,3,6,12,0.25,0.1111111111111111,0.08333333333333333,0.16666666666666666,0.3333333333333333,44.583333333333336,2,0,0,0,0,53,3601,8.188966863648876,0.2660372118855873,3,4,5,5,6,7,9
2015,12,12_5,ÑEEMBUCU,DESMOCHADOS,0.6335403726708074,0.6862745098039216,0.5857988165680473,322,204,18,3,1,2,1,8,0.16666666666666666,0.05555555555555555,0.1111111111111111,0.05555555555555555,0.4444444444444444,44.666666666666664,1,0,0,0,0,48,1415,7.254884810077338,0.2275618374558304,1,1,1,1,2,2,3
2015,12,12_7,ÑEEMBUCU,GENERAL JOSE EDUVIGIS DIAZ,0.5699558173784978,0.6017964071856288,0.5391304347826087,679,387,48,17,8,7,10,13,0.3541666666666667,0.16666666666666666,0.14583333333333334,0.20833333333333334,0.2708333333333333,43.083333333333336,4,0,1,0,0.25,47.75,2969,7.99598047476376,0.2286965308184574,7,8,10,11,12,16,17
2015,12,12_9,ÑEEMBUCU,GUAZU CUA,0.5,0.475,0.5240963855421686,326,163,18,5,3,2,3,6,0.2777777777777778,0.16666666666666666,0.1111111111111111,0.16666666666666666,0.3333333333333333,42.55555555555556,1,0,0,0,0,43,1409,7.25063551189868,0.2313697657913414,3,3,3,3,3,5,5
2015,12,12_11,ÑEEMBUCU,HUMAITA,0.6773584905660377,0.6791044776119403,0.6755725190839694,530,359,24,12,5,5,7,9,0.5,0.20833333333333334,0.20833333333333334,0.2916666666666667,0.375,39.291666666666664,2,0,0,0,0,44.5,2297,7.739359202689098,0.23073574227252938,5,5,8,11,11,11,12
2015,12,12_13,ÑEEMBUCU,ISLA UMBU,0.7759674134419552,0.8008474576271186,0.7529411764705882,491,381,24,12,8,5,7,8,0.5,0.3333333333333333,0.20833333333333334,0.2916666666666667,0.3333333333333333,37.541666666666664,2,1,0,0.5,0,43,2329,7.753194269884341,0.2108200944611421,7,8,9,12,12,12,12
2015,12,12_15,ÑEEMBUCU,LAURELES,0.6848249027237354,0.6532258064516129,0.7142857142857143,514,352,36,12,7,5,7,11,0.3333333333333333,0.19444444444444445,0.1388888888888889,0.19444444444444445,0.3055555555555556,42.083333333333336,4,0,0,0,0,51.25,2514,7.829630389150193,0.20445505171042164,7,7,8,10,10,10,12
2015,12,12_17,ÑEEMBUCU,MAYOR JOSE DEJESUS MARTINEZ,0.5418098510882016,0.5827338129496403,0.5043859649122807,873,473,48,18,11,7,11,16,0.375,0.22916666666666666,0.14583333333333334,0.22916666666666666,0.3333333333333333,38.8125,4,1,0,0.25,0,46.25,3315,8.106212902619962,0.26334841628959277,10,11,11,12,15,16,18
2015,12,12_19,ÑEEMBUCU,PASO DE PATRIA,0.7198879551820728,0.7417582417582418,0.6971428571428572,357,257,27,10,5,5,5,12,0.37037037037037035,0.18518518518518517,0.18518518518518517,0.18518518518518517,0.4444444444444444,42.851851851851855,2,0,0,0,0,53.5,1481,7.300472814267799,0.24105334233625927,2,5,5,6,7,9,10
2015,12,12_21,ÑEEMBUCU,SAN JUAN BAUTISTA,0.5714285714285714,0.5811623246492986,0.5616161616161616,994,568,27,8,5,5,3,9,0.2962962962962963,0.18518518518518517,0.18518518518518517,0.1111111111111111,0.3333333333333333,41.74074074074074,3,0,0,0,0,40.666666666666664,3799,8.242493153187626,0.2616478020531719,5,5,6,6,6,7,8
2015,12,12_23,ÑEEMBUCU,TACUARAS,0.45363408521303256,0.5197889182058048,0.3937947494033413,798,362,36,7,4,4,3,13,0.19444444444444445,0.1111111111111111,0.1111111111111111,0.08333333333333333,0.3611111111111111,45.05555555555556,2,1,1,0.5,0.5,45.5,2676,7.892078421248119,0.2982062780269058,4,4,5,6,6,7,7
2015,12,12_25,ÑEEMBUCU,VILLA FRANCA,0.7466666666666667,0.7567567567567568,0.7368421052631579,225,168,24,8,5,2,6,10,0.3333333333333333,0.20833333333333334,0.08333333333333333,0.25,0.4166666666666667,41.833333333333336,2,1,0,0.5,0,47.5,919,6.823286122355687,0.24483133841131666,5,5,6,6,8,8,8
2015,12,12_27,ÑEEMBUCU,VILLA OLIVA,0.7978560490045942,0.8037974683544303,0.7922848664688428,653,521,27,8,3,3,5,8,0.2962962962962963,0.1111111111111111,0.1111111111111111,0.18518518518518517,0.2962962962962963,43.111111111111114,2,0,1,0,0.5,56,2542,7.8407064517494,0.25688434303697877,2,3,5,6,7,8,8
2015,12,12_29,ÑEEMBUCU,VILLALBIN,0.5629370629370629,0.5652173913043478,0.5608108108108109,572,322,35,11,6,4,7,12,0.3142857142857143,0.17142857142857143,0.11428571428571428,0.2,0.34285714285714286,41.885714285714286,2,0,1,0,0.5,43.5,1951,7.576097340623111,0.29318298308559715,6,6,8,8,9,10,11
2015,13,13_0,AMAMBAY,PEDRO JUAN CABALLERO,0.5609721023871154,0.5948823127258521,0.5282876776805046,20862,11703,108,29,10,7,22,30,0.26851851851851855,0.09259259259259259,0.06481481481481481,0.2037037037037037,0.2777777777777778,44.27777777777778,3,0,0,0,0,52.333333333333336,64209,11.069898666768673,0.3249077232163715,6,10,13,16,19,26,29
2015,13,13_1,AMAMBAY,BELLA VISTA,0.6255144032921811,0.6662870159453302,0.5820170109356014,1701,1064,36,10,4,3,7,11,0.2777777777777778,0.1111111111111111,0.08333333333333333,0.19444444444444445,0.3055555555555556,41.5,2,0,0,0,0,47,7201,8.881975184248867,0.2362171920566588,3,4,4,5,6,10,10
2015,13,13_3,AMAMBAY,CAPITAN BADO,0.6514587212911235,0.6887661141804788,0.613308223477715,3222,2099,48,16,10,5,11,16,0.3333333333333333,0.20833333333333334,0.10416666666666667,0.22916666666666666,0.3333333333333333,40.4375,2,1,0,0.5,0,39,11084,9.31325790598287,0.2906892818477084,8,10,11,12,14,14,16
2015,13,13_4,AMAMBAY,ZANJA PYTA,0.6908284023668639,0.7572156196943973,0.6395806028833552,1352,934,27,3,2,0,3,8,0.1111111111111111,0.07407407407407407,0,0.1111111111111111,0.2962962962962963,46.925925925925924,3,0,0,0,0,54,4419,8.39366870513074,0.30595157275401674,2,2,2,3,3,3,3
2015,13,13_5,AMAMBAY,KARAPAI,0.6884615384615385,0.7309236947791165,0.6494464944649446,520,358,27,6,2,2,4,7,0.2222222222222222,0.07407407407407407,0.07407407407407407,0.14814814814814814,0.25925925925925924,44.25925925925926,3,0,0,0,0,44.333333333333336,1727,7.454141078146678,0.30110017371163866,1,2,3,3,3,4,6
2015,14,14_0,CANINDEYU,SALTO DEL GUAIRA,0.6191383352872216,0.6443594646271511,0.5976668475311991,6824,4225,146,68,38,29,39,47,0.4657534246575342,0.2602739726027397,0.19863013698630136,0.2671232876712329,0.3219178082191781,38.273972602739725,4,1,0,0.25,0,51.25,16105,9.686885061765299,0.42371934181931076,34,38,44,49,56,62,68
2015,14,14_1,CANINDEYU,CORPUS CHRISTI,0.6355022109917877,0.6445366528354081,0.627906976744186,1583,1006,55,27,11,12,15,18,0.4909090909090909,0.2,0.21818181818181817,0.2727272727272727,0.32727272727272727,41.236363636363635,2,0,0,0,0,40.5,4781,8.472405008626103,0.33110227985777035,10,11,14,18,21,24,27
2015,14,14_3,CANINDEYU,FRANCISCO CABALLERO ALVAREZ,0.6636259977194983,0.6906005221932114,0.6427125506072875,1754,1164,58,23,9,8,15,17,0.39655172413793105,0.15517241379310345,0.13793103448275862,0.25862068965517243,0.29310344827586204,41.672413793103445,2,1,0,0.5,0,48,5303,8.57602797713713,0.3307561757495757,9,9,15,16,18,19,23
2015,14,14_5,CANINDEYU,ITANARA,0.7929515418502202,0.8235294117647058,0.7639484978540773,454,360,27,6,2,2,4,12,0.2222222222222222,0.07407407407407407,0.07407407407407407,0.14814814814814814,0.4444444444444444,45.370370370370374,2,1,0,0.5,0,33.5,1280,7.154615356913663,0.3546875,1,2,3,4,5,6,6
2015,14,14_7,CANINDEYU,KATUETE,0.7255113024757804,0.75,0.7058252427184466,1858,1348,108,58,24,24,34,42,0.5370370370370371,0.2222222222222222,0.2222222222222222,0.3148148148148148,0.3888888888888889,36.398148148148145,3,1,1,0.3333333333333333,0.3333333333333333,41.666666666666664,5165,8.549660381553739,0.35972894482090995,20,24,29,35,40,47,58
2015,14,14_9,CANINDEYU,LA PALOMA,0.6295060080106809,0.6496350364963503,0.6125461254612546,1498,943,36,18,8,4,14,8,0.5,0.2222222222222222,0.1111111111111111,0.3888888888888889,0.2222222222222222,41.416666666666664,2,0,0,0,0,51,4569,8.427049641563272,0.32786167651564896,6,8,10,13,14,16,18
2015,14,14_11,CANINDEYU,NUEVA ESPERANZA,0.6104833647206529,0.6351706036745407,0.5878459687123947,3186,1945,118,51,28,19,32,38,0.4322033898305085,0.23728813559322035,0.16101694915254236,0.2711864406779661,0.3220338983050847,38.99152542372882,4,0,0,0,0,57.5,7829,8.965590066907914,0.40694852471580023,22,28,31,36,41,44,51
2015,14,14_13,CANINDEYU,SAN ISIDRO DEL CURUGUATY,0.4301938515762679,0.45977011494252873,0.4022835394862036,10214,4394,82,14,6,5,9,30,0.17073170731707318,0.07317073170731707,0.06097560975609756,0.10975609756097561,0.36585365853658536,44.75609756097561,3,1,0,0.3333333333333333,0,47,26760,10.194663514242166,0.38168908819133035,5,6,6,8,9,12,14
2015,14,14_15,CANINDEYU,VILLA YGATIMI,0.5486595666544253,0.563732928679818,0.5345195729537366,2723,1494,45,13,5,6,7,15,0.28888888888888886,0.1111111111111111,0.13333333333333333,0.15555555555555556,0.3333333333333333,42.62222222222222,4,0,0,0,0,43,7615,8.937875265329263,0.3575837163493106,4,5,6,7,10,11,13
2015,14,14_16,CANINDEYU,YASY CAÑY,0.46599872095502026,0.48614266242616994,0.44819277108433736,4691,2186,44,18,9,3,15,8,0.4090909090909091,0.20454545454545456,0.06818181818181818,0.3409090909090909,0.18181818181818182,40.93181818181818,3,2,0,0.6666666666666666,0,37,13657,9.522007489678424,0.34348685655707695,8,9,13,14,15,15,18
2015,14,14_17,CANINDEYU,YPEJHU,0.5621848739495798,0.6098807495741057,0.5157545605306799,1190,669,36,13,10,8,5,15,0.3611111111111111,0.2777777777777778,0.2222222222222222,0.1388888888888889,0.4166666666666667,40.30555555555556,3,1,0,0.3333333333333333,0,38.666666666666664,4455,8.40178233990491,0.2671156004489338,7,10,10,10,10,11,13
2015,14,14_18,CANINDEYU,YBYRAROVANA,0.5028604118993135,0.5330243337195828,0.47344632768361583,1748,879,45,11,6,4,7,12,0.24444444444444444,0.13333333333333333,0.08888888888888889,0.15555555555555556,0.26666666666666666,44.86666666666667,4,1,0,0.25,0,41.25,5283,8.572249397164315,0.33087261025932235,6,6,8,8,8,11,11
2015,14,14_19,CANINDEYU,YBYPYTA,0.6320551486428264,0.6568807339449542,0.6100731112916328,2321,1467,60,24,11,11,13,23,0.4,0.18333333333333332,0.18333333333333332,0.21666666666666667,0.38333333333333336,39.1,5,1,0,0.2,0,44.4,6324,8.752107198329362,0.3670145477545857,10,11,16,16,20,23,24
2015,15,15_0,PDTE. HAYES,VILLA HAYES,0.517472682029644,0.5547572392771609,0.4806451612903226,9243,4783,288,110,60,55,55,128,0.3819444444444444,0.20833333333333334,0.1909722222222222,0.1909722222222222,0.4444444444444444,40.270833333333336,9,1,0,0.1111111111111111,0,50.77777777777778,29575,10.294684688846587,0.31252747252747254,52,60,73,80,91,101,110
2015,15,15_1,PDTE. HAYES,BENJAMIN ACEVAL,0.5439714504205965,0.6209386281588448,0.46875,3923,2134,216,85,35,42,43,100,0.39351851851851855,0.16203703703703703,0.19444444444444445,0.19907407407407407,0.46296296296296297,40.74074074074074,5,1,0,0.2,0,51.6,12115,9.402199633250627,0.3238134543953776,31,35,45,53,65,72,85
2015,15,15_3,PDTE. HAYES,JOSE FALCON,0.788586251621271,0.8010204081632653,0.7757255936675461,771,608,48,16,10,9,7,20,0.3333333333333333,0.20833333333333334,0.1875,0.14583333333333334,0.4166666666666667,41.666666666666664,2,1,1,0.5,0.5,33,2898,7.971776122880628,0.2660455486542443,7,10,10,11,15,15,16
2015,15,15_4,PDTE. HAYES,GENERAL JOSE MARIA BRUGUEZ,0.5111111111111111,0.5352697095435685,0.4881889763779528,495,253,27,8,4,5,3,13,0.2962962962962963,0.14814814814814814,0.18518518518518517,0.1111111111111111,0.48148148148148145,40.666666666666664,2,0,0,0,0,49.5,1676,7.424165281042028,0.29534606205250596,4,4,5,6,7,7,8
2015,15,15_5,PDTE. HAYES,NANAWA,0.6669316375198728,0.687603305785124,0.6477794793261868,1258,839,45,17,9,7,10,13,0.37777777777777777,0.2,0.15555555555555556,0.2222222222222222,0.28888888888888886,42.28888888888889,3,2,0,0.6666666666666666,0,34.333333333333336,6247,8.73985662749357,0.20137666079718264,6,9,9,10,11,13,17
2015,15,15_7,PDTE. HAYES,PUERTO PINASCO,0.6448362720403022,0.6478149100257069,0.6419753086419753,794,512,36,10,4,4,6,12,0.2777777777777778,0.1111111111111111,0.1111111111111111,0.16666666666666666,0.3333333333333333,42.916666666666664,3,1,0,0.3333333333333333,0,44.333333333333336,2495,7.822044008185619,0.3182364729458918,3,4,5,7,8,9,10
2015,15,15_9,PDTE. HAYES,TENIENTE IRALA FERNANDEZ,0.35276532137518685,0.40589765828274066,0.31254103742613265,2676,944,60,17,7,10,7,22,0.2833333333333333,0.11666666666666667,0.16666666666666666,0.11666666666666667,0.36666666666666664,43.31666666666667,4,1,1,0.25,0.25,39.75,10418,9.251290358305138,0.2568631215204454,5,7,8,9,13,15,17
2015,15,15_11,PDTE. HAYES,TENIENTE ESTEBAN MARTINEZ,0.7439024390243902,0.7741935483870968,0.7131147540983607,246,183,27,7,5,3,4,12,0.25925925925925924,0.18518518518518517,0.1111111111111111,0.14814814814814814,0.4444444444444444,44.55555555555556,2,0,0,0,0,53.5,976,6.883462586413092,0.2520491803278688,4,5,5,6,7,7,7
2015,16,16_0,ALTO PARAGUAY,FUERTE OLIMPO,0.6059479553903345,0.6217228464419475,0.5904059040590406,1076,652,36,12,6,5,7,14,0.3333333333333333,0.16666666666666666,0.1388888888888889,0.19444444444444445,0.3888888888888889,39.75,2,0,0,0,0,43.5,3483,8.155649270366002,0.30892908412288256,4,6,8,10,10,10,12
2015,16,16_1,ALTO PARAGUAY,PUERTO CASADO,0.6422689844464776,0.6585365853658537,0.6267857142857143,1093,702,96,45,28,21,24,40,0.46875,0.2916666666666667,0.21875,0.25,0.4166666666666667,40.020833333333336,3,1,2,0.3333333333333333,0.6666666666666666,42,3603,8.189522110748094,0.30335831251734663,23,28,32,34,39,41,45
2015,16,16_2,ALTO PARAGUAY,CARMELO PERALTA,0.71898355754858,0.7079646017699115,0.7303030303030303,669,481,36,17,10,6,11,10,0.4722222222222222,0.2777777777777778,0.16666666666666666,0.3055555555555556,0.2777777777777778,37.5,2,0,1,0,0.5,44.5,2492,7.820840879907344,0.26845906902086675,10,10,11,12,13,15,17
2015,16,16_3,ALTO PARAGUAY,BAHIA NEGRA,0.625,0.6541666666666667,0.59765625,496,310,18,7,3,2,5,5,0.3888888888888889,0.16666666666666666,0.1111111111111111,0.2777777777777778,0.2777777777777778,39.55555555555556,2,1,0,0.5,0,37,1587,7.369600720526409,0.3125393824826717,1,3,4,4,4,5,7
2015,17,17_0,BOQUERON,FILADELFIA,0.3600389231268245,0.3949635520212061,0.32655654383735705,3083,1110,35,8,4,2,6,11,0.22857142857142856,0.11428571428571428,0.05714285714285714,0.17142857142857143,0.3142857142857143,41.6,2,0,1,0,0.5,41.5,9201,9.127067452782361,0.33507227475274426,4,4,5,5,6,7,8
2015,17,17_1,BOQUERON,LOMA PLATA,0.4547233091112353,0.49755501222493886,0.41864057672502575,3578,1627,84,29,20,13,16,24,0.34523809523809523,0.23809523809523808,0.15476190476190477,0.19047619047619047,0.2857142857142857,40.785714285714285,3,0,0,0,0,54.333333333333336,11181,9.321971188147367,0.3200071549950809,17,20,21,25,28,28,29
2015,17,17_3,BOQUERON,MARISCAL JOSE FELIX ESTIGARRIBIA,0.41788669637173775,0.4652061855670103,0.37169811320754714,3142,1313,36,7,6,1,6,8,0.19444444444444445,0.16666666666666666,0.027777777777777776,0.16666666666666666,0.2222222222222222,41.888888888888886,2,0,0,0,0,40,11410,9.342245442856122,0.27537248028045574,6,6,6,7,7,7,7
2021,0,0_0,CAPITAL,ASUNCION,0.5660187518364512,0.5759412112980183,0.5556365359036496,112309,63569,552,147,81,53,94,208,0.266304347826087,0.14673913043478262,0.09601449275362318,0.17028985507246377,0.37681159420289856,45.77173913043478,7,3,1,0.42857142857142855,0.14285714285714285,39.285714285714285,431876,12.975893788986195,0.260049180783373,68,81,95,117,124,135,147
2021,1,1_0,CONCEPCION,CONCEPCION,0.47486131386861313,0.5236541598694943,0.4258457216434508,17125,8132,156,51,28,15,36,50,0.3269230769230769,0.1794871794871795,0.09615384615384616,0.23076923076923078,0.32051282051282054,42.07692307692308,6,1,1,0.16666666666666666,0.16666666666666666,46.833333333333336,51900,10.85707406915398,0.32996146435452794,24,28,33,38,43,49,51
2021,1,1_1,CONCEPCION,BELEN,0.6681017612524461,0.7088906372934697,0.6277258566978193,2555,1707,44,12,9,7,5,16,0.2727272727272727,0.20454545454545456,0.1590909090909091,0.11363636363636363,0.36363636363636365,41.72727272727273,2,1,1,0.5,0.5,35.5,8347,9.029657471850737,0.30609799928117887,8,9,9,10,10,10,12
2021,1,1_2,CONCEPCION,AZOTEY,0.6374935266701192,0.6793032786885246,0.5947643979057592,1931,1231,27,6,1,5,1,11,0.2222222222222222,0.037037037037037035,0.18518518518518517,0.037037037037037035,0.4074074074074074,48.7037037037037,2,0,0,0,0,41.5,5552,8.62191350218664,0.34780259365994237,1,1,3,5,6,6,6
2021,1,1_3,CONCEPCION,HORQUETA,0.4489541354826329,0.49712313003452246,0.40072964669738864,10422,4679,72,23,10,9,14,25,0.3194444444444444,0.1388888888888889,0.125,0.19444444444444445,0.3472222222222222,40.458333333333336,3,0,0,0,0,41.333333333333336,30976,10.340967990076303,0.3364540289256198,8,10,11,14,18,23,23
2021,1,1_4,CONCEPCION,SARGENTO JOSE FELIX LOPEZ,0.6152046783625731,0.6735941320293398,0.5616591928251121,1710,1052,18,4,3,3,1,9,0.2222222222222222,0.16666666666666666,0.16666666666666666,0.05555555555555555,0.5,43,2,0,1,0,0.5,46.5,4796,8.475537516147405,0.3565471226021685,2,3,3,4,4,4,4
2021,1,1_5,CONCEPCION,LORETO,0.44150513112884837,0.4992974238875878,0.38666666666666666,4385,1936,18,2,1,2,0,5,0.1111111111111111,0.05555555555555555,0.1111111111111111,0,0.2777777777777778,43.44444444444444,2,0,0,0,0,48.5,12368,9.422867770827203,0.3545439844760673,1,1,1,1,2,2,2
2021,1,1_6,CONCEPCION,SAN CARLOS DEL APA,0.68561872909699,0.7055214723926381,0.6617647058823529,299,205,27,8,5,5,3,13,0.2962962962962963,0.18518518518518517,0.18518518518518517,0.1111111111111111,0.48148148148148145,42.111111111111114,3,2,1,0.6666666666666666,0.3333333333333333,37.666666666666664,963,6.870053411798126,0.31048805815160957,5,5,5,6,7,7,8
2021,1,1_7,CONCEPCION,SAN LAZARO,0.6776586974443528,0.730185497470489,0.6274193548387097,2426,1644,48,15,8,5,10,12,0.3125,0.16666666666666666,0.10416666666666667,0.20833333333333334,0.25,44.8125,3,0,2,0,0.6666666666666666,51.666666666666664,7939,8.979542601725113,0.3055800478649704,5,8,9,9,10,11,15
2021,1,1_8,CONCEPCION,SAN ALFREDO,0.6941687344913151,0.7352537722908093,0.6602491506228766,1612,1119,27,11,7,5,6,9,0.4074074074074074,0.25925925925925924,0.18518518518518517,0.2222222222222222,0.3333333333333333,38.333333333333336,2,0,1,0,0.5,42.5,4717,8.458928283284262,0.3417426330294679,5,7,7,7,8,10,11
2021,1,1_9,CONCEPCION,YBY YAU,0.5033333333333333,0.5466300940438872,0.4599686028257457,5100,2567,60,22,13,7,15,12,0.36666666666666664,0.21666666666666667,0.11666666666666667,0.25,0.2,41.85,2,0,0,0,0,48,15506,9.648982324778904,0.3289049400232168,10,13,15,17,19,22,22
2021,1,1_10,CONCEPCION,PASO BARRETO,0.6310541310541311,0.6813793103448276,0.5773195876288659,1404,886,27,9,5,6,3,13,0.3333333333333333,0.18518518518518517,0.2222222222222222,0.1111111111111111,0.48148148148148145,43.22222222222222,2,1,0,0.5,0,33.5,3979,8.288785810426928,0.35285247549635584,5,5,5,6,6,8,9
2021,1,1_11,CONCEPCION,ARROYITO,0.49005278116118556,0.5331715210355987,0.44661776691116545,2463,1207,63,37,21,16,21,23,0.5873015873015873,0.3333333333333333,0.25396825396825395,0.3333333333333333,0.36507936507936506,36.142857142857146,4,2,1,0.5,0.25,36.75,8274,9.020873347021357,0.2976794778825236,17,21,22,27,30,34,37
2021,1,1_12,CONCEPCION,PASO HORQUETA,0.5223033252230332,0.6027397260273972,0.4305555555555556,1233,644,27,9,4,4,5,8,0.3333333333333333,0.14814814814814814,0.14814814814814814,0.18518518518518517,0.2962962962962963,40.03703703703704,3,1,1,0.3333333333333333,0.3333333333333333,50.666666666666664,4461,8.403128235128264,0.27639542703429726,4,4,4,5,7,7,9
2021,2,2_0,SAN PEDRO,SAN PEDRO DEL YCUAMANDIYU,0.464823432794963,0.48734717088427637,0.44391660068619687,7306,3396,132,46,29,17,29,38,0.3484848484848485,0.2196969696969697,0.12878787878787878,0.2196969696969697,0.2878787878787879,43.02272727272727,8,1,1,0.125,0.125,48.5,24362,10.100779820259904,0.29989327641408753,23,29,31,35,42,45,46
2021,2,2_1,SAN PEDRO,25 DE DICIEMBRE,0.6279527559055118,0.6787117046347211,0.5769534333070244,2540,1595,36,9,5,3,6,13,0.25,0.1388888888888889,0.08333333333333333,0.16666666666666666,0.3611111111111111,45.638888888888886,3,0,0,0,0,39.666666666666664,8445,9.041329829241901,0.30076968620485495,4,5,5,5,5,6,9
2021,2,2_3,SAN PEDRO,ANTEQUERA,0.6851851851851852,0.7436305732484076,0.6343490304709142,1350,925,18,5,1,1,4,6,0.2777777777777778,0.05555555555555555,0.05555555555555555,0.2222222222222222,0.3333333333333333,46.77777777777778,2,1,0,0.5,0,46.5,4377,8.384118837190895,0.30843043180260454,1,1,3,3,3,3,5
2021,2,2_5,SAN PEDRO,CAPIIBARY,0.5495182612592426,0.5709382151029748,0.528972783143108,8926,4905,84,23,11,10,13,22,0.27380952380952384,0.13095238095238096,0.11904761904761904,0.15476190476190477,0.2619047619047619,42.285714285714285,4,3,1,0.75,0.25,38.25,25689,10.153818163694302,0.34746389505235703,10,11,12,15,18,21,23
2021,2,2_7,SAN PEDRO,CHORE,0.38889648571037877,0.40160531414337114,0.37648648648648647,7313,2844,36,12,5,4,8,6,0.3333333333333333,0.1388888888888889,0.1111111111111111,0.2222222222222222,0.16666666666666666,41.666666666666664,3,0,1,0,0.3333333333333333,56.666666666666664,19967,9.901836189786897,0.3662543196273852,4,5,6,6,7,10,12
2021,2,2_9,SAN PEDRO,GENERAL ELIZARDO AQUINO,0.37361601884570084,0.3900913900913901,0.35780240073868885,4245,1586,45,8,4,4,4,11,0.17777777777777778,0.08888888888888889,0.08888888888888889,0.08888888888888889,0.24444444444444444,45.266666666666666,3,0,0,0,0,49.666666666666664,15086,9.621522440413576,0.2813867161606788,3,4,4,6,7,7,8
2021,2,2_11,SAN PEDRO,GENERAL FRANCISCO ISIDORO RESQUIN,0.5355774493705528,0.5450372920252439,0.5269492412349556,3654,1957,45,11,6,3,8,9,0.24444444444444444,0.13333333333333333,0.06666666666666667,0.17777777777777778,0.2,44.22222222222222,4,1,1,0.25,0.25,42.75,9138,9.120196822123217,0.39986868023637556,6,6,8,9,9,10,11
2021,2,2_13,SAN PEDRO,GUAJAYVI,0.5513098856563902,0.5706281332940135,0.5326890278567368,6909,3809,63,22,14,7,15,22,0.3492063492063492,0.2222222222222222,0.1111111111111111,0.23809523809523808,0.3492063492063492,40.87301587301587,2,1,0,0.5,0,37.5,20448,9.925640357177262,0.33788145539906106,13,14,14,15,18,20,22
2021,2,2_15,SAN PEDRO,ITACURUBI DEL ROSARIO,0.48720066061106526,0.5199660152931181,0.4562248995983936,2422,1180,18,7,3,2,5,6,0.3888888888888889,0.16666666666666666,0.1111111111111111,0.2777777777777778,0.3333333333333333,43.611111111111114,2,0,0,0,0,57.5,9013,9.10642325855641,0.26872295573061133,3,3,3,4,5,5,7
2021,2,2_16,SAN PEDRO,LIBERACION,0.6131371736427683,0.6318219983207388,0.5949263502454992,4826,2959,45,12,6,3,9,11,0.26666666666666666,0.13333333333333333,0.06666666666666667,0.2,0.24444444444444444,42.4,3,0,0,0,0,40.333333333333336,15412,9.642901705746048,0.31313262392940566,5,6,6,7,7,10,12
2021,2,2_17,SAN PEDRO,LIMA,0.5614718614718615,0.576544315129812,0.5473595976529757,2310,1297,54,16,9,8,8,19,0.2962962962962963,0.16666666666666666,0.14814814814814814,0.14814814814814814,0.35185185185185186,43.629629629629626,2,0,0,0,0,45,7430,8.913281137711804,0.31090174966352624,7,9,10,11,14,15,16
2021,2,2_19,SAN PEDRO,NUEVA GERMANIA,0.5264227642276422,0.5930359085963003,0.4680648236415634,1968,1036,54,23,15,11,12,21,0.42592592592592593,0.2777777777777778,0.2037037037037037,0.2222222222222222,0.3888888888888889,41.111111111111114,3,0,1,0,0.3333333333333333,47.666666666666664,6072,8.711443319075466,0.3241106719367589,13,15,16,18,19,21,23
2021,2,2_21,SAN PEDRO,SAN ESTANISLAO,0.45101955888472745,0.4802843120663395,0.42269898460530625,12015,5419,120,45,28,18,27,43,0.375,0.23333333333333334,0.15,0.225,0.35833333333333334,39.675,3,0,0,0,0,45.333333333333336,34059,10.435849593832643,0.35277019290055495,27,28,33,35,38,41,45
2021,2,2_22,SAN PEDRO,SAN VICENTE PANCHOLO,0.6246427437281676,0.6452217364147408,0.603359173126615,3149,1967,54,21,9,7,14,14,0.3888888888888889,0.16666666666666666,0.12962962962962962,0.25925925925925924,0.25925925925925924,40.5,4,3,1,0.75,0.25,33.5,9203,9.127284796838858,0.342171031185483,7,9,10,16,18,19,21
2021,2,2_23,SAN PEDRO,SAN PABLO,0.6754478398314014,0.7023060796645703,0.6483050847457628,949,641,54,18,10,6,12,13,0.3333333333333333,0.18518518518518517,0.1111111111111111,0.2222222222222222,0.24074074074074073,42.166666666666664,3,0,1,0,0.3333333333333333,45.666666666666664,3396,8.130353547431238,0.2794464075382803,10,10,10,11,14,15,18
2021,2,2_24,SAN PEDRO,SANTA ROSA DEL AGUARAY,0.4623958699988267,0.48755284170972285,0.4372801875732708,8523,3941,72,23,13,12,11,22,0.3194444444444444,0.18055555555555555,0.16666666666666666,0.1527777777777778,0.3055555555555556,41.263888888888886,5,1,1,0.2,0.2,45,21773,9.988425949052319,0.39144812382308364,11,13,15,16,19,22,23
2021,2,2_25,SAN PEDRO,TACUATI,0.5378151260504201,0.5900537634408602,0.4855413584398117,2975,1600,27,7,3,2,5,8,0.25925925925925924,0.1111111111111111,0.07407407407407407,0.18518518518518517,0.2962962962962963,44.592592592592595,2,0,0,0,0,57,7790,8.960596138864794,0.38189987163029526,2,3,4,6,6,7,7
2021,2,2_27,SAN PEDRO,UNION,0.4988610478359909,0.5241157556270096,0.4762589928057554,1317,657,27,7,2,3,4,9,0.25925925925925924,0.07407407407407407,0.1111111111111111,0.14814814814814814,0.3333333333333333,44.74074074074074,2,0,0,0,0,48.5,4539,8.420462002456466,0.29015201586252476,2,2,2,2,3,6,7
2021,2,2_29,SAN PEDRO,VILLA DEL ROSARIO,0.4937332139659803,0.5401262398557258,0.448,2234,1103,54,14,7,5,9,13,0.25925925925925924,0.12962962962962962,0.09259259259259259,0.16666666666666666,0.24074074074074073,44.333333333333336,3,0,0,0,0,54,7563,8.93102321585603,0.29538542906254134,5,7,8,11,13,14,14
2021,2,2_31,SAN PEDRO,YATAITY DEL NORTE,0.6272609819121447,0.6521456436931079,0.6026957637997432,3096,1942,27,7,6,4,3,9,0.25925925925925924,0.2222222222222222,0.14814814814814814,0.1111111111111111,0.3333333333333333,39.81481481481482,2,2,0,1,0,34,10271,9.237079669165805,0.30143121409794565,5,6,6,7,7,7,7
2021,2,2_32,SAN PEDRO,YRYBUCUA,0.5491751269035533,0.5635026737967914,0.5362318840579711,3152,1731,48,15,9,4,11,15,0.3125,0.1875,0.08333333333333333,0.22916666666666666,0.3125,40.708333333333336,3,1,0,0.3333333333333333,0,39,8905,9.094368195723762,0.3539584503088153,8,9,12,12,13,15,15
2021,2,2_33,SAN PEDRO,SAN JOSE DEL ROSARIO,0.4424131627056673,0.48148148148148145,0.4043321299638989,547,242,36,5,4,2,3,8,0.1388888888888889,0.1111111111111111,0.05555555555555555,0.08333333333333333,0.2222222222222222,47.861111111111114,3,0,0,0,0,56.666666666666664,1870,7.533693709848633,0.29251336898395724,4,4,4,4,5,5,5
2021,3,3_0,CORDILLERA,CAACUPE,0.6432271826908426,0.66774144019653,0.6190836231664902,13126,8443,96,40,29,12,28,35,0.4166666666666667,0.3020833333333333,0.125,0.2916666666666667,0.3645833333333333,39.28125,3,0,0,0,0,53,39835,10.592501201814466,0.3295092255554161,27,29,32,33,37,39,40
2021,3,3_1,CORDILLERA,PRIMERO DE MARZO,0.5727272727272728,0.5862646566164154,0.5595432300163132,1210,693,27,5,3,4,1,7,0.18518518518518517,0.1111111111111111,0.14814814814814814,0.037037037037037035,0.25925925925925924,46.148148148148145,3,2,0,0.6666666666666666,0,44.666666666666664,5048,8.52674740422105,0.23969889064976227,3,3,4,4,5,5,5
2021,3,3_3,CORDILLERA,ALTOS,0.6499343832020997,0.675981370592149,0.6245954692556634,3048,1981,27,7,4,2,5,9,0.25925925925925924,0.14814814814814814,0.07407407407407407,0.18518518518518517,0.3333333333333333,41.666666666666664,3,2,0,0.6666666666666666,0,39,9918,9.202106567049078,0.3073200241984271,4,4,4,5,5,5,7
2021,3,3_5,CORDILLERA,ARROYOS Y ESTEROS,0.5864378401004604,0.6380912162162162,0.5356846473029045,4778,2802,60,16,9,7,9,18,0.26666666666666666,0.15,0.11666666666666667,0.15,0.3,44.53333333333333,4,0,1,0,0.25,53.25,16864,9.73293645134109,0.28332542694497154,7,9,10,10,11,14,16
2021,3,3_7,CORDILLERA,ATYRA,0.7126567844925884,0.7431350114416476,0.6823863636363636,3508,2500,27,5,4,2,3,6,0.18518518518518517,0.14814814814814814,0.07407407407407407,0.1111111111111111,0.2222222222222222,44.25925925925926,2,1,1,0.5,0.5,45.5,12314,9.418492105471156,0.2848789995127497,3,4,4,4,5,5,5
2021,3,3_9,CORDILLERA,CARAGUATAY,0.520463600144875,0.5287443267776096,0.512856150104239,2761,1437,48,15,8,5,10,16,0.3125,0.16666666666666666,0.10416666666666667,0.20833333333333334,0.3333333333333333,43.104166666666664,3,0,0,0,0,50.333333333333336,9979,9.208238163884312,0.276681030163343,7,8,8,10,12,13,15
2021,3,3_11,CORDILLERA,EMBOSCADA,0.7116077865897621,0.7468958930276982,0.675858732462506,4161,2961,36,13,6,8,5,11,0.3611111111111111,0.16666666666666666,0.2222222222222222,0.1388888888888889,0.3055555555555556,43.44444444444444,3,1,1,0.3333333333333333,0.3333333333333333,43,12324,9.419303859716559,0.3376338851022395,3,6,8,9,9,12,13
2021,3,3_13,CORDILLERA,EUSEBIO AYALA,0.6377480387632672,0.6493087557603686,0.6261552680221811,4334,2764,72,38,24,11,27,17,0.5277777777777778,0.3333333333333333,0.1527777777777778,0.375,0.2361111111111111,38.27777777777778,3,0,1,0,0.3333333333333333,42,14893,9.608646582885868,0.291009198952528,20,24,26,27,31,34,38
2021,3,3_15,CORDILLERA,ISLA PUCU,0.5944103612815269,0.5869565217391305,0.6019151846785226,1467,872,27,8,4,2,6,9,0.2962962962962963,0.14814814814814814,0.07407407407407407,0.2222222222222222,0.3333333333333333,45.96296296296296,3,0,1,0,0.3333333333333333,43.333333333333336,5793,8.664405571096625,0.2532366649404454,3,4,4,5,5,5,8
2021,3,3_17,CORDILLERA,ITACURUBI DE LA CORDILLERA,0.686167989970748,0.7134251290877797,0.6604386677497969,2393,1642,36,9,5,3,6,12,0.25,0.1388888888888889,0.08333333333333333,0.16666666666666666,0.3333333333333333,42.80555555555556,3,1,1,0.3333333333333333,0.3333333333333333,43,8850,9.088172738001974,0.2703954802259887,5,5,6,7,7,7,9
2021,3,3_19,CORDILLERA,JUAN DE MENA,0.6468039003250271,0.6799140708915145,0.6131147540983607,1846,1194,36,12,7,4,8,9,0.3333333333333333,0.19444444444444445,0.1111111111111111,0.2222222222222222,0.25,43.52777777777778,4,1,0,0.25,0,42.25,5619,8.633908991112198,0.3285282078661684,5,7,9,9,10,10,12
2021,3,3_21,CORDILLERA,LOMA GRANDE,0.8185907046476761,0.823076923076923,0.814327485380117,1334,1092,27,13,9,5,8,7,0.48148148148148145,0.3333333333333333,0.18518518518518517,0.2962962962962963,0.25925925925925924,39.111111111111114,3,0,0,0,0,54.666666666666664,4449,8.400434630806041,0.299842661272196,8,9,10,10,10,11,13
2021,3,3_23,CORDILLERA,MBOCAYATY DEL YHAGUY,0.6755793226381461,0.671559633027523,0.6793760831889082,1122,758,18,3,2,1,2,6,0.16666666666666666,0.1111111111111111,0.05555555555555555,0.1111111111111111,0.3333333333333333,45.388888888888886,2,0,0,0,0,53.5,4103,8.319473692442186,0.2734584450402145,2,2,2,2,2,2,3
2021,3,3_25,CORDILLERA,NUEVA COLOMBIA,0.7802491103202847,0.8011152416356877,0.7610921501706485,1124,877,27,8,6,4,4,10,0.2962962962962963,0.2222222222222222,0.14814814814814814,0.14814814814814814,0.37037037037037035,43.592592592592595,3,2,1,0.6666666666666666,0.3333333333333333,40.333333333333336,4357,8.379539026117442,0.25797567133348637,5,6,7,8,8,8,8
2021,3,3_27,CORDILLERA,PIRIBEBUY,0.6383601756954612,0.6674449633088726,0.6106700539853922,6147,3924,132,50,28,22,28,46,0.3787878787878788,0.21212121212121213,0.16666666666666666,0.21212121212121213,0.3484848484848485,42.083333333333336,4,0,0,0,0,45.5,23003,10.043379921188018,0.26722601399817414,25,28,37,40,42,48,50
2021,3,3_29,CORDILLERA,SAN BERNARDINO,0.7612481857764877,0.782258064516129,0.7406609195402298,2756,2098,108,41,20,15,26,33,0.37962962962962965,0.18518518518518517,0.1388888888888889,0.24074074074074073,0.3055555555555556,41.629629629629626,5,1,1,0.2,0.2,45.6,10800,9.287301413112312,0.2551851851851852,16,20,23,29,33,36,41
2021,3,3_31,CORDILLERA,SAN JOSE OBRERO,0.5246853823814134,0.539651837524178,0.5096899224806202,1033,542,27,10,6,2,8,7,0.37037037037037035,0.2222222222222222,0.07407407407407407,0.2962962962962963,0.25925925925925924,41.925925925925924,2,1,0,0.5,0,50,3891,8.266421472984554,0.26548445129786685,6,6,6,7,7,7,10
2021,3,3_33,CORDILLERA,SANTA ELENA,0.6577586206896552,0.6672535211267606,0.6486486486486487,1160,763,27,11,7,3,8,7,0.4074074074074074,0.25925925925925924,0.1111111111111111,0.2962962962962963,0.25925925925925924,41.407407407407405,2,0,0,0,0,39.5,4607,8.435332164935916,0.2517907532016497,6,7,8,8,9,9,11
2021,3,3_35,CORDILLERA,TOBATI,0.6112188813449725,0.648772504091653,0.5745768125199616,6186,3781,96,35,15,19,16,36,0.3645833333333333,0.15625,0.19791666666666666,0.16666666666666666,0.375,42.666666666666664,2,0,0,0,0,50.5,19734,9.890098315417111,0.31346913955609607,12,15,19,24,29,30,35
2021,3,3_37,CORDILLERA,VALENZUELA,0.6826863832409119,0.7103960396039604,0.6552147239263804,1623,1108,27,10,6,2,8,8,0.37037037037037035,0.2222222222222222,0.07407407407407407,0.2962962962962963,0.2962962962962963,42.111111111111114,2,0,1,0,0.5,51,6429,8.768574284141687,0.25244983667755483,6,6,8,9,9,9,10
2021,4,4_0,GUAIRA,VILLARRICA,0.5664046889569735,0.5893951505462297,0.5434203516249334,15014,8504,108,32,20,14,18,43,0.2962962962962963,0.18518518518518517,0.12962962962962962,0.16666666666666666,0.39814814814814814,43.120370370370374,4,2,0,0.5,0,42.5,48770,10.794870648704098,0.3078531884355136,17,20,23,27,30,31,32
2021,4,4_1,GUAIRA,BORJA,0.5109100585417775,0.5561555075593952,0.4669464847848898,1879,960,36,9,1,1,8,12,0.25,0.027777777777777776,0.027777777777777776,0.2222222222222222,0.3333333333333333,43.833333333333336,3,1,1,0.3333333333333333,0.3333333333333333,35.666666666666664,6673,8.805824812903607,0.2815824966282032,1,1,2,4,5,7,9
2021,4,4_3,GUAIRA,CAPITAN MAURICIO JOSE TROCHE,0.6777777777777778,0.691006233303651,0.6645962732919255,2250,1525,63,17,5,8,9,21,0.2698412698412698,0.07936507936507936,0.12698412698412698,0.14285714285714285,0.3333333333333333,43.17460317460318,4,1,0,0.25,0,46.25,8298,9.023769800892813,0.27114967462039047,4,5,6,9,12,13,17
2021,4,4_5,GUAIRA,CORONEL MARTINEZ,0.7375256322624744,0.745125348189415,0.7302013422818792,1463,1079,36,11,6,6,5,14,0.3055555555555556,0.16666666666666666,0.16666666666666666,0.1388888888888889,0.3888888888888889,43.80555555555556,3,1,1,0.3333333333333333,0.3333333333333333,43,4953,8.507748732588238,0.29537653947102765,6,6,6,8,9,11,11
2021,4,4_7,GUAIRA,DOCTOR BOTRELL,0.75,0.7861635220125787,0.7182320441988951,340,255,27,9,4,5,4,9,0.3333333333333333,0.14814814814814814,0.18518518518518517,0.14814814814814814,0.3333333333333333,39.888888888888886,2,0,0,0,0,43.5,1355,7.2115567333138015,0.25092250922509224,3,4,5,6,9,9,9
2021,4,4_9,GUAIRA,FELIX PEREZ CARDOZO,0.76269621421976,0.8156424581005587,0.7106227106227107,1083,826,27,8,5,6,2,12,0.2962962962962963,0.18518518518518517,0.2222222222222222,0.07407407407407407,0.4444444444444444,43.333333333333336,2,1,0,0.5,0,48,4635,8.441391477999955,0.2336569579288026,5,5,6,7,7,7,8
2021,4,4_11,GUAIRA,GENERAL EUGENIO ALEJANDRINO GARAY,0.5019673974142776,0.5251716247139588,0.47955801104972373,1779,893,18,3,1,2,1,6,0.16666666666666666,0.05555555555555555,0.1111111111111111,0.05555555555555555,0.3333333333333333,44.611111111111114,2,0,1,0,0.5,47.5,6819,8.827468112520654,0.2608886933567972,1,1,1,2,2,3,3
2021,4,4_13,GUAIRA,INDEPENDENCIA,0.4486932117172426,0.45030281439258996,0.44713199723566,5701,2558,36,14,10,2,12,10,0.3888888888888889,0.2777777777777778,0.05555555555555555,0.3333333333333333,0.2777777777777778,40.5,4,1,2,0.25,0.5,42.75,17710,9.781884730776879,0.32190852625635236,9,10,12,12,14,14,14
2021,4,4_15,GUAIRA,ITAPE,0.8049344641480339,0.8214876033057851,0.7904624277456648,1297,1044,27,9,3,3,6,8,0.3333333333333333,0.1111111111111111,0.1111111111111111,0.2222222222222222,0.2962962962962963,42.18518518518518,2,1,1,0.5,0.5,40,4791,8.474494436883122,0.2707159256940096,3,3,4,4,6,7,9
2021,4,4_17,GUAIRA,ITURBE,0.5622529644268774,0.59375,0.5319767441860465,2024,1138,27,8,3,5,3,10,0.2962962962962963,0.1111111111111111,0.18518518518518517,0.1111111111111111,0.37037037037037035,42,2,0,0,0,0,49,7568,8.931684110731714,0.26744186046511625,3,3,4,6,6,7,8
2021,4,4_19,GUAIRA,JOSE FASSARDI,0.629154078549849,0.634703196347032,0.623688155922039,1324,833,54,15,9,5,10,16,0.2777777777777778,0.16666666666666666,0.09259259259259259,0.18518518518518517,0.2962962962962963,42.81481481481482,4,0,0,0,0,41.5,4502,8.412277021466677,0.29409151488227453,9,9,11,13,14,14,15
2021,4,4_21,GUAIRA,MBOCAYATY DEL GUAIRA,0.6867305061559508,0.7034965034965035,0.6706827309236948,1462,1004,45,14,11,4,10,11,0.3111111111111111,0.24444444444444444,0.08888888888888889,0.2222222222222222,0.24444444444444444,41.08888888888889,3,0,2,0,0.6666666666666666,43.333333333333336,5851,8.674367865788236,0.24987181678345582,10,11,12,12,13,13,14
2021,4,4_23,GUAIRA,NATALICIO TALAVERA,0.7171189979123174,0.73875802997858675,0.6965376782077393,958,687,18,5,4,1,4,5,0.2777777777777778,0.2222222222222222,0.05555555555555555,0.2222222222222222,0.2777777777777778,41.77777777777778,2,0,0,0,0,53.5,3430,8.140315540159985,0.2793002915451895,3,4,4,4,4,5,5
2021,4,4_25,GUAIRA,ÑUMI,0.6549019607843137,0.6781376518218624,0.6330798479087453,1020,668,36,15,9,2,13,5,0.4166666666666667,0.25,0.05555555555555555,0.3611111111111111,0.1388888888888889,41.083333333333336,3,1,0,0.3333333333333333,0,39,3809,8.245121966478605,0.2677868206878446,6,9,10,12,12,15,15
2021,4,4_27,GUAIRA,PASO YOBAI,0.5044499822000712,0.5178189593727727,0.49110953058321477,5618,2834,45,20,14,8,12,11,0.4444444444444444,0.3111111111111111,0.17777777777777778,0.26666666666666666,0.24444444444444444,39.37777777777778,3,1,1,0.3333333333333333,0.3333333333333333,54.333333333333336,16843,9.731690419198387,0.33355103010152587,12,14,16,16,17,19,20
2021,4,4_29,GUAIRA,SAN SALVADOR,0.6529351184346035,0.6772908366533864,0.6268656716417911,971,634,18,5,3,2,3,5,0.2777777777777778,0.16666666666666666,0.1111111111111111,0.16666666666666666,0.2777777777777778,39.888888888888886,2,0,1,0,0.5,38.5,3490,8.157657015196472,0.2782234957020057,2,3,3,3,3,4,5
2021,4,4_30,GUAIRA,TEBICUARY,0.8072916666666666,0.8,0.8138957816377171,768,620,36,11,6,4,7,8,0.3055555555555556,0.16666666666666666,0.1111111111111111,0.19444444444444445,0.2222222222222222,43.80555555555556,3,0,0,0,0,44.333333333333336,2524,7.8336002236611035,0.30427892234548337,4,6,8,9,10,10,11
2021,4,4_31,GUAIRA,YATAITY DEL GUAIRA,0.7323420074349443,0.76,0.7051597051597052,807,591,36,7,2,2,5,10,0.19444444444444445,0.05555555555555555,0.05555555555555555,0.1388888888888889,0.2777777777777778,44.083333333333336,3,0,1,0,0.3333333333333333,43.666666666666664,3651,8.202756381655638,0.22103533278553822,2,2,3,3,6,7,7
2021,5,5_0,CAAGUAZU,CORONEL OVIEDO,0.5614419680915844,0.584108402822322,0.5381958720499959,24633,13830,120,43,28,14,29,35,0.35833333333333334,0.23333333333333334,0.11666666666666667,0.24166666666666667,0.2916666666666667,40.791666666666664,5,2,1,0.4,0.2,39.4,76479,11.244771472325993,0.3220884164280391,25,28,29,33,39,42,43
2021,5,5_1,CAAGUAZU,3 DE FEBRERO,0.5894276629570747,0.6108887109687751,0.5682715074980268,2516,1483,18,3,0,0,3,3,0.16666666666666666,0,0,0.16666666666666666,0.16666666666666666,43.77777777777778,2,0,1,0,0.5,51,8184,9.009936307631463,0.3074291300097752,0,0,0,0,2,2,3
2021,5,5_3,CAAGUAZU,CAAGUAZU,0.429877516837073,0.443774537296691,0.41610505106649065,28657,12319,84,24,12,9,15,26,0.2857142857142857,0.14285714285714285,0.10714285714285714,0.17857142857142858,0.30952380952380953,44.01190476190476,4,1,1,0.25,0.25,43.25,80180,11.292029386196498,0.35740833125467697,11,12,14,17,21,23,24
2021,5,5_5,CAAGUAZU,CARAYAO,0.5786945464820571,0.6066240557815223,0.5522552255225522,3539,2048,36,8,6,5,3,12,0.2222222222222222,0.16666666666666666,0.1388888888888889,0.08333333333333333,0.3333333333333333,43.5,2,1,0,0.5,0,39.5,10953,9.301368670323747,0.3231078243403634,5,6,7,8,8,8,8
2021,5,5_7,CAAGUAZU,DOCTOR CECILIO BAEZ,0.5665181413112667,0.5883084577114428,0.5436766623207301,1571,890,27,9,4,3,6,7,0.3333333333333333,0.14814814814814814,0.1111111111111111,0.2222222222222222,0.25925925925925924,43.148148148148145,2,0,0,0,0,41,4885,8.493924564476883,0.321596724667349,3,4,8,8,8,9,9
2021,5,5_9,CAAGUAZU,DOCTOR JOSE EULOGIO ESTIGARRIBIA,0.5162255681286824,0.5291977790541834,0.5038391224862888,10693,5520,72,26,14,10,16,22,0.3611111111111111,0.19444444444444445,0.1388888888888889,0.2222222222222222,0.3055555555555556,40.416666666666664,5,2,3,0.4,0.6,40.8,25279,10.13772929051637,0.4229993275050437,11,14,15,17,19,22,26
2021,5,5_11,CAAGUAZU,DOCTOR JUAN MANUEL FRUTOS,0.6308598351001178,0.6466729147141518,0.6148744670772146,4245,2678,96,35,16,13,22,29,0.3645833333333333,0.16666666666666666,0.13541666666666666,0.22916666666666666,0.3020833333333333,40.822916666666664,4,1,0,0.25,0,49.25,14955,9.612800971064049,0.283851554663992,13,16,20,25,27,33,35
2021,5,5_13,CAAGUAZU,JOSE DOMINGO OCAMPOS,0.6028931404573028,0.6251171508903468,0.5808550185873605,2143,1292,36,12,11,5,7,9,0.3333333333333333,0.3055555555555556,0.1388888888888889,0.19444444444444445,0.25,39.80555555555556,3,1,0,0.3333333333333333,0,44.666666666666664,6704,8.810459642161918,0.3196599045346062,11,11,11,11,11,12,12
2021,5,5_15,CAAGUAZU,LA PASTORA,0.6612318840579711,0.6860902255639098,0.6381118881118881,1104,730,18,3,1,0,3,3,0.16666666666666666,0.05555555555555555,0,0.16666666666666666,0.16666666666666666,45.166666666666664,2,1,0,0.5,0,33,3572,8.18088094199639,0.3090705487122061,1,1,1,1,2,3,3
2021,5,5_17,CAAGUAZU,MARISCAL FRANCISCO SOLANO LOPEZ,0.6502976190476191,0.6697819314641744,0.6324786324786325,1344,874,36,9,7,2,7,11,0.25,0.19444444444444445,0.05555555555555555,0.19444444444444445,0.3055555555555556,42.75,2,0,0,0,0,45,4072,8.311889558230359,0.3300589390962672,5,7,7,7,7,8,9
2021,5,5_19,CAAGUAZU,NUEVA LONDRES,0.8272311212814645,0.8473804100227791,0.8068965517241379,874,723,27,12,8,2,10,8,0.4444444444444444,0.2962962962962963,0.07407407407407407,0.37037037037037035,0.2962962962962963,38.851851851851855,3,2,1,0.6666666666666666,0.3333333333333333,34,3776,8.236420527265391,0.23146186440677965,7,8,9,9,10,10,12
2021,5,5_20,CAAGUAZU,NUEVA TOLEDO,0.7619047619047619,0.7758985200845666,0.7472283813747228,924,704,45,14,8,2,12,11,0.3111111111111111,0.17777777777777778,0.044444444444444446,0.26666666666666666,0.24444444444444444,41.111111111111114,2,0,1,0,0.5,51.5,3008,8.00903068506973,0.3071808510638298,6,8,11,12,14,14,14
2021,5,5_21,CAAGUAZU,RI 3 CORRALES,0.6184505150022391,0.62147406733394,0.6155202821869489,2233,1381,27,9,3,4,5,6,0.3333333333333333,0.1111111111111111,0.14814814814814814,0.18518518518518517,0.2222222222222222,41.925925925925924,2,0,0,0,0,44,6555,8.7879833961978,0.3406559877955759,2,3,4,5,6,8,9
2021,5,5_23,CAAGUAZU,RAUL ARSENIO OVIEDO,0.5530621785881253,0.5600191296030608,0.5464106081390032,4278,2366,27,10,4,1,9,6,0.37037037037037035,0.14814814814814814,0.037037037037037035,0.3333333333333333,0.2222222222222222,42.03703703703704,3,1,0,0.3333333333333333,0,46,11479,9.348274558065496,0.3726805470859831,4,4,7,7,7,9,10
2021,5,5_25,CAAGUAZU,REPATRIACION,0.37069801260300533,0.40358298084100525,0.33947554925584694,8252,3059,48,16,10,4,12,9,0.3333333333333333,0.20833333333333334,0.08333333333333333,0.25,0.1875,40.708333333333336,4,0,0,0,0,53.25,23818,10.078196876327942,0.3464606600050382,10,10,11,12,14,16,16
2021,5,5_27,CAAGUAZU,SAN JOAQUIN,0.4956896551724138,0.5056716417910447,0.48642659279778394,3480,1725,45,9,6,2,7,15,0.2,0.13333333333333333,0.044444444444444446,0.15555555555555556,0.3333333333333333,43.68888888888889,4,1,0,0.25,0,41.25,10371,9.246768728589734,0.3355510558287533,5,6,7,8,9,9,9
2021,5,5_29,CAAGUAZU,SAN JOSE DE LOS ARROYOS,0.6433266647613604,0.6681922196796338,0.6185037121644774,3499,2251,36,10,4,3,7,10,0.2777777777777778,0.1111111111111111,0.08333333333333333,0.19444444444444445,0.2777777777777778,43.80555555555556,3,1,0,0.3333333333333333,0,39.666666666666664,12341,9.420682331453184,0.28352645652702374,3,4,6,9,10,10,10
2021,5,5_31,CAAGUAZU,SANTA ROSA DEL MBUTUY,0.55791569863923,0.5490981963927856,0.566622691292876,3013,1681,18,8,4,3,5,5,0.4444444444444444,0.2222222222222222,0.16666666666666666,0.2777777777777778,0.2777777777777778,37.27777777777778,2,0,0,0,0,51.5,10055,9.215825302206753,0.29965191447041273,4,4,4,5,6,6,8
2021,5,5_33,CAAGUAZU,SIMON BOLIVAR,0.6252252252252253,0.6532663316582915,0.5995397008055235,1665,1041,36,7,3,3,4,14,0.19444444444444445,0.08333333333333333,0.08333333333333333,0.1111111111111111,0.3888888888888889,44.44444444444444,3,0,1,0,0.3333333333333333,41.666666666666664,5406,8.595264726836392,0.30799112097669257,3,3,3,5,6,7,7
2021,5,5_34,CAAGUAZU,TEMBIAPORA,0.650853889943074,0.676056338028169,0.62625,3162,2058,60,18,9,8,10,14,0.3,0.15,0.13333333333333333,0.16666666666666666,0.23333333333333334,43.266666666666666,4,0,0,0,0,53.75,8338,9.028578658440741,0.37922763252578556,8,9,9,11,14,17,18
2021,5,5_35,CAAGUAZU,VAQUERIA,0.5042937518507551,0.5184534270650264,0.48982035928143713,3377,1703,18,8,6,2,6,3,0.4444444444444444,0.3333333333333333,0.1111111111111111,0.3333333333333333,0.16666666666666666,37.666666666666664,2,0,0,0,0,55.5,9252,9.13259502335133,0.3650021616947687,5,6,6,6,7,8,8
2021,5,5_37,CAAGUAZU,YHU,0.4025305895439377,0.4192997438087105,0.38651807556401196,7192,2895,84,22,11,5,17,20,0.2619047619047619,0.13095238095238096,0.05952380952380952,0.20238095238095238,0.23809523809523808,43.964285714285715,4,1,1,0.25,0.25,37.25,18726,9.837668211498835,0.38406493645199186,8,11,13,15,17,17,22
2021,6,6_0,CAAZAPA,CAAZAPA,0.4689723647195102,0.5102383350117489,0.42885117493472585,6043,2834,84,25,15,11,14,26,0.2976190476190476,0.17857142857142858,0.13095238095238096,0.16666666666666666,0.30952380952380953,44.166666666666664,2,0,0,0,0,46.5,19535,9.87996300748917,0.3093422062963911,13,15,16,17,17,22,25
2021,6,6_1,CAAZAPA,ABAI,0.5151779483600838,0.5168895144264603,0.5134948096885813,5732,2953,96,30,19,10,20,28,0.3125,0.19791666666666666,0.10416666666666667,0.20833333333333334,0.2916666666666667,41.552083333333336,5,1,0,0.2,0,41.6,16367,9.703022391505884,0.35021689985947335,15,19,20,22,26,26,30
2021,6,6_2,CAAZAPA,3 DE MAYO,0.46759085799925065,0.467175572519084,0.46799116997792495,2669,1248,45,9,6,3,6,11,0.2,0.13333333333333333,0.06666666666666667,0.13333333333333333,0.24444444444444444,42.6,4,0,0,0,0,43.25,10226,9.232688775639945,0.2610013690592607,4,6,6,9,9,9,9
2021,6,6_3,CAAZAPA,BUENA VISTA,0.6438267614738203,0.694406548431105,0.5982800982800983,1547,996,45,12,6,5,7,13,0.26666666666666666,0.13333333333333333,0.1111111111111111,0.15555555555555556,0.28888888888888886,44.86666666666667,2,0,0,0,0,45,5293,8.574140471857987,0.29227281314944265,5,6,8,10,12,12,12
2021,6,6_5,CAAZAPA,DOCTOR SANTIAGO MOISES BERTONI,0.4563380281690141,0.4842105263157895,0.43178807947019865,1420,648,27,12,12,5,7,9,0.4444444444444444,0.4444444444444444,0.18518518518518517,0.25925925925925924,0.3333333333333333,38.77777777777778,3,2,0,0.6666666666666666,0,37.333333333333336,4755,8.46695197497949,0.29863301787592006,12,12,12,12,12,12,12
2021,6,6_7,CAAZAPA,FULGENCIO YEGROS,0.5418994413407822,0.5632530120481928,0.5234375,1432,776,18,8,6,5,3,8,0.4444444444444444,0.3333333333333333,0.2777777777777778,0.16666666666666666,0.4444444444444444,40.166666666666664,2,0,1,0,0.5,48,5622,8.634442751466477,0.25471362504446815,4,6,6,6,8,8,8
2021,6,6_9,CAAZAPA,GENERAL HIGINIO MORINIGO,0.550210970464135,0.5761821366024519,0.5260586319218241,1185,652,36,9,7,1,8,5,0.25,0.19444444444444445,0.027777777777777776,0.2222222222222222,0.1388888888888889,41.55555555555556,3,0,0,0,0,43.333333333333336,4583,8.430109084509125,0.2585642592188523,7,7,7,7,7,7,9
2021,6,6_11,CAAZAPA,MACIEL,0.5535714285714286,0.5314814814814814,0.5763358778625954,1064,589,27,9,5,4,5,8,0.3333333333333333,0.18518518518518517,0.14814814814814814,0.18518518518518517,0.2962962962962963,42.888888888888886,3,2,0,0.6666666666666666,0,43,3838,8.252706676567644,0.27722772277227725,5,5,5,7,8,8,9
2021,6,6_13,CAAZAPA,SAN JUAN NEPOMUCENO,0.45011037527593817,0.46469146803296946,0.4357908553926931,9060,4078,84,34,17,12,22,26,0.40476190476190477,0.20238095238095238,0.14285714285714285,0.2619047619047619,0.30952380952380953,40.083333333333336,4,0,1,0,0.25,48.75,26219,10.174239617765064,0.34555093634387274,13,17,18,22,26,32,34
2021,6,6_15,CAAZAPA,TAVAI,0.48989751098096634,0.507255139056832,0.4735945485519591,3415,1673,54,15,10,4,11,11,0.2777777777777778,0.18518518518518517,0.07407407407407407,0.2037037037037037,0.2037037037037037,41.77777777777778,4,1,1,0.25,0.25,39.75,10468,9.256078263650036,0.32623232709209016,10,10,11,11,13,14,15
2021,6,6_17,CAAZAPA,YUTY,0.41863227558119803,0.4255983350676379,0.4119601328903654,5893,2467,60,11,6,5,6,21,0.18333333333333332,0.1,0.08333333333333333,0.1,0.35,45.88333333333333,3,0,0,0,0,47,16716,9.724121623567806,0.35253649198372816,5,6,6,6,6,9,11
2021,7,7_0,ITAPUA,ENCARNACION,0.5086191053772926,0.5357890017931859,0.48231208854807206,27207,13838,144,42,25,16,26,47,0.2916666666666667,0.1736111111111111,0.1111111111111111,0.18055555555555555,0.3263888888888889,42.75694444444444,2,0,0,0,0,55,82470,11.3201898698274,0.3299017824663514,23,25,27,30,33,36,42
2021,7,7_1,ITAPUA,ALTO VERA,0.37631887456037516,0.3876938469234617,0.3662842012356575,4265,1605,60,14,9,7,7,19,0.23333333333333334,0.15,0.11666666666666667,0.11666666666666667,0.31666666666666665,43.55,4,2,1,0.5,0.25,37.5,10632,9.271623600393081,0.4011474793077502,8,9,11,11,11,12,14
2021,7,7_3,ITAPUA,BELLA VISTA,0.4821958456973294,0.48044132397191575,0.48390243902439023,2022,975,36,9,6,3,6,10,0.25,0.16666666666666666,0.08333333333333333,0.16666666666666666,0.2777777777777778,46.19444444444444,1,0,0,0,0,52,7068,8.863332833439587,0.2860780984719864,4,6,7,7,7,9,9
2021,7,7_5,ITAPUA,CAMBYRETA,0.5965133375341315,0.6257880821639211,0.5652551574375678,9522,5680,60,16,8,4,12,18,0.26666666666666666,0.13333333333333333,0.06666666666666667,0.2,0.3,43.15,3,0,1,0,0.3333333333333333,44,28501,10.25769445336048,0.3340935405775236,8,8,8,10,13,15,16
2021,7,7_7,ITAPUA,CAPITAN MEZA,0.5712166172106825,0.5749506903353058,0.5674603174603174,2022,1155,36,12,4,3,9,6,0.3333333333333333,0.1111111111111111,0.08333333333333333,0.25,0.16666666666666666,42.97222222222222,3,0,0,0,0,46.333333333333336,7458,8.917042560738766,0.2711182622687047,4,4,5,6,7,8,12
2021,7,7_9,ITAPUA,CAPITAN MIRANDA,0.5598779557589626,0.5746031746031746,0.5462555066079295,2622,1468,48,12,5,4,8,15,0.25,0.10416666666666667,0.08333333333333333,0.16666666666666666,0.3125,42.895833333333336,4,0,0,0,0,56.75,8418,9.038127549330516,0.3114754098360656,5,5,6,10,10,11,12
2021,7,7_11,ITAPUA,CARLOS ANTONIO LOPEZ,0.49424657534246574,0.5062006764374295,0.48294243070362475,3650,1804,48,12,6,5,7,13,0.25,0.125,0.10416666666666667,0.14583333333333334,0.2708333333333333,44.645833333333336,3,1,1,0.3333333333333333,0.3333333333333333,42.666666666666664,11498,9.349928386183237,0.31744651243694555,6,6,7,9,9,11,12
2021,7,7_13,ITAPUA,CARMEN DEL PARANA,0.6387665198237885,0.6465295629820051,0.6313193588162762,1589,1015,36,18,12,5,13,6,0.5,0.3333333333333333,0.1388888888888889,0.3611111111111111,0.16666666666666666,37.5,3,0,0,0,0,47,5562,8.62371303479391,0.28568860122258183,10,12,13,15,16,16,18
2021,7,7_15,ITAPUA,CORONEL BOGADO,0.6214594335093615,0.6391158097068717,0.6038369304556355,4166,2589,72,19,7,7,12,21,0.2638888888888889,0.09722222222222222,0.09722222222222222,0.16666666666666666,0.2916666666666667,45.541666666666664,4,0,2,0,0.5,46.75,14919,9.610390847382849,0.27924123600777534,5,7,9,12,14,17,19
2021,7,7_17,ITAPUA,EDELIRA,0.3958333333333333,0.40170068027210887,0.39028314028314026,6048,2394,120,47,24,16,31,36,0.39166666666666666,0.2,0.13333333333333333,0.25833333333333336,0.3,41.44166666666667,5,0,1,0,0.2,52.8,17361,9.761981590241948,0.3483670295489891,21,24,29,32,34,39,47
2021,7,7_19,ITAPUA,FRAM,0.7204491725768322,0.7217391304347827,0.7192784667418264,1692,1219,36,12,4,5,7,12,0.3333333333333333,0.1111111111111111,0.1388888888888889,0.19444444444444445,0.3333333333333333,41,2,0,0,0,0,50.5,5937,8.688959234270676,0.2849924204143507,3,4,6,9,10,10,12
2021,7,7_21,ITAPUA,GENERAL ARTIGAS,0.5195374800637959,0.5433715220949263,0.4968895800933126,2508,1303,24,6,3,3,3,7,0.25,0.125,0.125,0.125,0.2916666666666667,45.083333333333336,2,0,0,0,0,44.5,9862,9.196444266784072,0.2543094706955993,3,3,3,5,6,6,6
2021,7,7_23,ITAPUA,GENERAL DELGADO,0.6618156618156619,0.682825484764543,0.6407766990291263,1443,955,45,12,5,3,9,16,0.26666666666666666,0.1111111111111111,0.06666666666666667,0.2,0.35555555555555557,44.68888888888889,3,1,0,0.3333333333333333,0,38.666666666666664,6005,8.700347734514084,0.24029975020815986,4,5,6,7,8,10,12
2021,7,7_25,ITAPUA,HOHENAU,0.47021158129175944,0.47586598523566154,0.4647733478973239,3592,1689,72,24,14,7,17,24,0.3333333333333333,0.19444444444444445,0.09722222222222222,0.2361111111111111,0.3333333333333333,41.111111111111114,3,0,0,0,0,62.666666666666664,9383,9.146654820290049,0.38281999360545665,14,14,14,16,18,20,24
2021,7,7_27,ITAPUA,ITAPUA POTY,0.5070821529745042,0.5333333333333333,0.48175633889919606,3177,1611,60,15,10,10,5,21,0.25,0.16666666666666666,0.16666666666666666,0.08333333333333333,0.35,44.45,2,0,0,0,0,44.5,10212,9.231318778361375,0.3111045828437133,9,10,13,13,14,14,15
2021,7,7_29,ITAPUA,JESUS,0.6180505415162455,0.638109305760709,0.5988700564971752,1385,856,63,22,13,12,10,20,0.3492063492063492,0.20634920634920634,0.19047619047619047,0.15873015873015872,0.31746031746031744,39.73015873015873,5,0,1,0,0.2,50.8,5005,8.518192691749322,0.27672327672327673,12,13,16,16,17,20,22
2021,7,7_31,ITAPUA,JOSE LEANDRO OVIEDO,0.5482093663911846,0.5659655831739961,0.5318021201413428,1089,597,24,5,3,3,2,13,0.20833333333333334,0.125,0.125,0.08333333333333333,0.5416666666666666,44.125,2,1,1,0.5,0.5,40.5,4493,8.41027590907016,0.24237703093701313,3,3,4,4,4,5,5
2021,7,7_33,ITAPUA,LA PAZ,0.5559360730593608,0.5683962264150944,0.5442477876106194,876,487,18,3,3,1,2,7,0.16666666666666666,0.16666666666666666,0.05555555555555555,0.1111111111111111,0.3888888888888889,46.27777777777778,1,0,1,0,1,44,2709,7.904334842085095,0.3233665559246955,2,3,3,3,3,3,3
2021,7,7_35,ITAPUA,MAYOR JULIO DIONISIO OTAÑO,0.6083969465648855,0.6330472103004292,0.5861568247821878,3930,2391,60,16,8,7,9,17,0.26666666666666666,0.13333333333333333,0.11666666666666667,0.15,0.2833333333333333,43.7,2,0,0,0,0,43.5,11481,9.348448774093812,0.34230467729291875,6,8,10,11,12,13,16
2021,7,7_37,ITAPUA,NATALIO,0.4284926470588235,0.4491620111731844,0.40834845735027225,5440,2331,84,23,7,7,16,27,0.27380952380952384,0.08333333333333333,0.08333333333333333,0.19047619047619047,0.32142857142857145,43.714285714285715,6,2,1,0.3333333333333333,0.16666666666666666,46.666666666666664,15352,9.639001037687535,0.3543512245961438,5,7,10,15,16,20,23
2021,7,7_39,ITAPUA,NUEVA ALBORADA,0.6478092068774265,0.6826815642458101,0.6134361233480177,1803,1168,36,15,9,8,7,14,0.4166666666666667,0.25,0.2222222222222222,0.19444444444444445,0.3888888888888889,40.361111111111114,3,1,0,0.3333333333333333,0,40.666666666666664,5556,8.622633703874234,0.32451403887688984,7,9,10,11,12,14,15
2021,7,7_41,ITAPUA,OBLIGADO,0.5577635567531155,0.5880794701986755,0.5263879369431117,2969,1656,36,8,5,3,5,10,0.2222222222222222,0.1388888888888889,0.08333333333333333,0.1388888888888889,0.2777777777777778,47.02777777777778,2,0,0,0,0,54.5,9713,9.18122047340233,0.30567280963656956,5,5,5,6,7,7,8
2021,7,7_43,ITAPUA,PIRAPO,0.48543046357615893,0.4827109266943292,0.48792884371029227,1510,733,36,9,4,2,7,6,0.25,0.1111111111111111,0.05555555555555555,0.19444444444444445,0.16666666666666666,43.55555555555556,2,0,0,0,0,53,4867,8.490233009833455,0.31025272241627283,3,4,4,4,6,7,9
2021,7,7_45,ITAPUA,SAN COSME Y DAMIAN,0.6202600216684724,0.6207276736493936,0.6198083067092651,1846,1145,48,21,10,9,12,16,0.4375,0.20833333333333334,0.1875,0.25,0.3333333333333333,38.5,4,0,0,0,0,44.75,6117,8.718827059242566,0.30178191924145825,8,10,14,16,18,18,21
2021,7,7_47,ITAPUA,SAN JUAN DEL PARANA,0.6919847328244275,0.6996779388083736,0.6850507982583455,2620,1813,36,11,7,6,5,10,0.3055555555555556,0.19444444444444445,0.16666666666666666,0.1388888888888889,0.2777777777777778,40,2,0,1,0,0.5,44,8385,9.034199674257309,0.3124627310673822,5,7,9,10,10,10,11
2021,7,7_49,ITAPUA,SAN PEDRO DEL PARANA,0.37655950095969287,0.3922924901185771,0.3617070895522388,8336,3139,60,17,9,6,11,15,0.2833333333333333,0.15,0.1,0.18333333333333332,0.25,42.5,5,1,1,0.2,0.2,47.2,25661,10.152727608571611,0.32485094111686996,7,9,11,12,12,14,17
2021,7,7_51,ITAPUA,SAN RAFAEL DEL PARANA,0.5031162690737159,0.5148601398601399,0.4917547568710359,4653,2341,60,16,6,3,13,15,0.26666666666666666,0.1,0.05,0.21666666666666667,0.25,44.21666666666667,4,1,1,0.25,0.25,45.25,14528,9.583833100841074,0.32027808370044053,4,6,8,9,13,14,16
2021,7,7_53,ITAPUA,TOMAS ROMERO PEREIRA,0.4395670475045099,0.45701357466063347,0.4222355409050045,6652,2924,96,34,15,5,29,23,0.3541666666666667,0.15625,0.052083333333333336,0.3020833333333333,0.23958333333333334,42.927083333333336,4,0,0,0,0,55,21779,9.988701481750608,0.30543183800909135,13,15,21,26,27,31,34
2021,7,7_55,ITAPUA,TRINIDAD,0.5573521980798383,0.5923236514522822,0.5241379310344828,1979,1103,48,16,9,5,11,16,0.3333333333333333,0.1875,0.10416666666666667,0.22916666666666666,0.3333333333333333,41.3125,4,1,1,0.25,0.25,50.25,6475,8.775703886567738,0.30563706563706566,8,9,11,13,14,16,16
2021,7,7_57,ITAPUA,YATYTAY,0.4788434414668547,0.49214285714285716,0.4658774373259053,2836,1358,48,11,8,4,7,15,0.22916666666666666,0.16666666666666666,0.08333333333333333,0.14583333333333334,0.3125,43.333333333333336,4,0,1,0,0.25,44.75,9430,9.151651375627504,0.3007423117709438,7,8,8,9,11,11,11
2021,8,8_0,MISIONES,SAN JUAN BAUTISTA,0.7145895363675032,0.7638062871707731,0.6652470187393527,4702,3360,49,21,10,10,11,13,0.42857142857142855,0.20408163265306123,0.20408163265306123,0.22448979591836735,0.2653061224489796,41.755102040816325,3,2,0,0.6666666666666666,0,35.666666666666664,16389,9.704365657063827,0.2868997498322045,7,10,12,14,14,18,21
2021,8,8_1,MISIONES,AYOLAS,0.6655086848635235,0.6822429906542056,0.6484727090635954,4030,2682,36,6,4,0,6,7,0.16666666666666666,0.1111111111111111,0,0.16666666666666666,0.19444444444444445,48.52777777777778,2,0,0,0,0,38,13295,9.49514330367712,0.3031214742384355,4,4,4,5,6,6,6
2021,8,8_3,MISIONES,SAN IGNACIO,0.5595956759792222,0.5740381954054802,0.5447293447293448,7123,3986,84,38,17,18,20,37,0.4523809523809524,0.20238095238095238,0.21428571428571427,0.23809523809523808,0.44047619047619047,40.13095238095238,4,0,1,0,0.25,46.75,23149,10.049706862037105,0.30770227655622273,14,17,20,25,29,30,38
2021,8,8_5,MISIONES,SAN MIGUEL,0.6569872958257713,0.6739130434782609,0.64,1102,724,36,15,9,8,7,13,0.4166666666666667,0.25,0.2222222222222222,0.19444444444444445,0.3611111111111111,37.083333333333336,2,0,1,0,0.5,53,4371,8.382747094863314,0.25211622054449784,8,9,10,13,13,13,15
2021,8,8_7,MISIONES,SAN PATRICIO,0.7427248677248677,0.779891304347826,0.7074742268041238,1512,1123,27,3,1,0,3,8,0.1111111111111111,0.037037037037037035,0,0.1111111111111111,0.2962962962962963,48.25925925925926,2,2,0,1,0,32.5,4794,8.475120414994329,0.31539424280350437,1,1,2,3,3,3,3
2021,8,8_9,MISIONES,SANTA MARIA,0.6715686274509803,0.7247502774694784,0.6203208556149733,1836,1233,60,23,19,12,11,28,0.38333333333333336,0.31666666666666665,0.2,0.18333333333333332,0.4666666666666667,40.06666666666667,2,0,0,0,0,52,6744,8.81640849968169,0.2722419928825623,17,19,20,21,23,23,23
2021,8,8_11,MISIONES,SANTA ROSA,0.5997794928335171,0.6200539568345323,0.5802682821289485,4535,2720,48,19,8,8,11,15,0.3958333333333333,0.16666666666666666,0.16666666666666666,0.22916666666666666,0.3125,40,3,1,1,0.3333333333333333,0.3333333333333333,43.666666666666664,16611,9.717820405491077,0.2730118596111011,7,8,10,11,14,17,19
2021,8,8_13,MISIONES,SANTIAGO,0.7237428389560789,0.7529107373868047,0.6954887218045113,1571,1137,36,9,6,2,7,13,0.25,0.16666666666666666,0.05555555555555555,0.19444444444444445,0.3611111111111111,45.19444444444444,3,1,1,0.3333333333333333,0.3333333333333333,43.666666666666664,6115,8.718500048121273,0.25690923957481604,6,6,6,6,9,9,9
2021,8,8_15,MISIONES,VILLA FLORIDA,0.7609427609427609,0.7825112107623319,0.7393258426966293,891,678,18,4,3,1,3,6,0.2222222222222222,0.16666666666666666,0.05555555555555555,0.16666666666666666,0.3333333333333333,42.05555555555556,2,1,0,0.5,0,33,3431,8.14060704285845,0.2596910521713786,1,3,3,4,4,4,4
2021,8,8_17,MISIONES,YABEBYRY,0.6606145251396648,0.6761658031088082,0.6424242424242425,716,473,48,16,10,8,8,18,0.3333333333333333,0.20833333333333334,0.16666666666666666,0.16666666666666666,0.375,43.333333333333336,2,1,0,0.5,0,33,2770,7.926602599181384,0.2584837545126354,9,10,11,13,13,14,16
2021,9,9_0,PARAGUARI,PARAGUARI,0.42723977213878817,0.4737024221453287,0.380985187736824,5793,2475,84,25,12,14,11,29,0.2976190476190476,0.14285714285714285,0.16666666666666666,0.13095238095238096,0.34523809523809523,43.80952380952381,3,1,0,0.3333333333333333,0,40.333333333333336,17741,9.783633624060649,0.3265317625838453,10,12,14,15,15,19,25
2021,9,9_1,PARAGUARI,ACAHAY,0.6265026558568633,0.638335287221571,0.615713522180652,3577,2241,72,12,8,7,5,25,0.16666666666666666,0.1111111111111111,0.09722222222222222,0.06944444444444445,0.3472222222222222,45.94444444444444,6,0,0,0,0,56,13144,9.483720659717104,0.2721393791844188,5,8,10,11,12,12,12
2021,9,9_3,PARAGUARI,CAAPUCU,0.692090395480226,0.7279411764705882,0.6589673913043478,1416,980,36,13,7,3,10,12,0.3611111111111111,0.19444444444444445,0.08333333333333333,0.2777777777777778,0.3333333333333333,43.27777777777778,2,1,1,0.5,0.5,36.5,5638,8.637284671674058,0.25115289109613337,5,7,9,9,11,13,13
2021,9,9_5,PARAGUARI,CARAPEGUA,0.5599014921048819,0.5880750605326877,0.5340372325646012,6903,3865,84,36,25,10,26,27,0.42857142857142855,0.2976190476190476,0.11904761904761904,0.30952380952380953,0.32142857142857145,40.73809523809524,3,1,0,0.3333333333333333,0,43.666666666666664,27021,10.204369620451853,0.25546796935716665,22,25,29,29,32,35,36
2021,9,9_7,PARAGUARI,ESCOBAR,0.5912596401028277,0.6237288135593221,0.5580589254766031,1167,690,18,3,2,1,2,6,0.16666666666666666,0.1111111111111111,0.05555555555555555,0.1111111111111111,0.3333333333333333,49.111111111111114,1,0,1,0,1,47,4924,8.501876487304344,0.23700243704305443,1,2,2,2,3,3,3
2021,9,9_9,PARAGUARI,GENERAL BERNARDINO CABALLERO,0.5498676081200353,0.549645390070922,0.5500878734622144,1133,623,27,6,4,3,3,11,0.2222222222222222,0.14814814814814814,0.1111111111111111,0.1111111111111111,0.4074074074074074,43.666666666666664,3,1,0,0.3333333333333333,0,48.666666666666664,5262,8.568266461600238,0.2153173698213607,3,4,4,6,6,6,6
2021,9,9_11,PARAGUARI,LA COLMENA,0.6215165262475697,0.6099110546378653,0.6335978835978836,1543,959,27,5,2,3,2,11,0.18518518518518517,0.07407407407407407,0.1111111111111111,0.07407407407407407,0.4074074074074074,43.77777777777778,2,0,0,0,0,40.5,5702,8.648572269472618,0.2706068046299544,2,2,3,4,4,5,5
2021,9,9_12,PARAGUARI,MARIA ANTONIA,0.7168141592920354,0.7591743119266054,0.6773504273504274,904,648,27,8,5,6,2,9,0.2962962962962963,0.18518518518518517,0.2222222222222222,0.07407407407407407,0.3333333333333333,43.407407407407405,2,1,0,0.5,0,40.5,3246,8.085178748074537,0.2784966112138016,5,5,5,5,7,8,8
2021,9,9_13,PARAGUARI,MBUYAPEY,0.5728119180633147,0.5998452012383901,0.5477386934673367,2685,1538,18,3,1,1,2,7,0.16666666666666666,0.05555555555555555,0.05555555555555555,0.1111111111111111,0.3888888888888889,41.5,2,0,0,0,0,51.5,7734,8.953381472167242,0.34716834755624515,0,1,1,2,3,3,3
2021,9,9_15,PARAGUARI,PIRAYU,0.6480446927374302,0.6941457586618877,0.603358425014476,3401,2204,36,9,2,3,6,9,0.25,0.05555555555555555,0.08333333333333333,0.16666666666666666,0.25,44.388888888888886,4,0,0,0,0,55,12071,9.398561160701128,0.2817496479164941,2,2,3,5,6,8,9
2021,9,9_17,PARAGUARI,QUIINDY,0.5770315303768264,0.6218487394957983,0.5343014521782674,3901,2251,48,12,7,3,9,17,0.25,0.14583333333333334,0.0625,0.1875,0.3541666666666667,44.4375,3,0,2,0,0.6666666666666666,56.666666666666664,15258,9.632859234650175,0.25566915716345523,6,7,7,10,11,12,12
2021,9,9_19,PARAGUARI,QUYQUYHO,0.576,0.6083707025411061,0.5453257790368272,1375,792,27,5,2,4,1,8,0.18518518518518517,0.07407407407407407,0.14814814814814814,0.037037037037037035,0.2962962962962963,47.888888888888886,2,1,2,0.5,1,33,5819,8.66888370465667,0.23629489603024575,2,2,3,3,3,5,5
2021,9,9_21,PARAGUARI,SAN ROQUE GONZALEZ DE SANTACRUZ,0.6328871892925431,0.6637512147716229,0.6030103480714958,2092,1324,54,22,21,7,15,20,0.4074074074074074,0.3888888888888889,0.12962962962962962,0.2777777777777778,0.37037037037037035,37.870370370370374,3,1,0,0.3333333333333333,0,41.333333333333336,8263,9.019542996701185,0.2531768122957764,18,21,21,21,22,22,22
2021,9,9_23,PARAGUARI,SAPUCAI,0.6304062909567497,0.6608108108108108,0.6017811704834606,1526,962,27,10,5,2,8,8,0.37037037037037035,0.18518518518518517,0.07407407407407407,0.2962962962962963,0.2962962962962963,42,3,0,1,0,0.3333333333333333,41,6172,8.72777821348305,0.2472456254050551,5,5,5,5,6,6,10
2021,9,9_25,PARAGUARI,TEBICUARYMI,0.7315217391304348,0.7477678571428571,0.7161016949152542,920,673,36,8,3,5,3,12,0.2222222222222222,0.08333333333333333,0.1388888888888889,0.08333333333333333,0.3333333333333333,43.111111111111114,3,0,0,0,0,49.333333333333336,3484,8.155936337972394,0.26406429391504016,3,3,3,4,5,7,8
2021,9,9_27,PARAGUARI,YAGUARON,0.6265598521029118,0.6876349059512796,0.5655788177339901,6491,4067,60,19,9,11,8,19,0.31666666666666665,0.15,0.18333333333333332,0.13333333333333333,0.31666666666666665,43.96666666666667,3,0,0,0,0,46.333333333333336,23323,10.057195277130344,0.2783089653989624,7,9,12,15,17,19,19
2021,9,9_29,PARAGUARI,YBYCUI,0.5036176277132208,0.5344677137870855,0.4724548259144998,4561,2297,60,18,11,6,12,21,0.3,0.18333333333333332,0.1,0.2,0.35,40.833333333333336,3,1,1,0.3333333333333333,0.3333333333333333,42,16539,9.713476507257793,0.275772416712014,10,11,14,15,16,17,18
2021,9,9_31,PARAGUARI,YBYTYMI,0.7205169628432956,0.7178631051752922,0.7230046948356808,1238,892,27,12,11,5,7,10,0.4444444444444444,0.4074074074074074,0.18518518518518517,0.25925925925925924,0.37037037037037035,39.592592592592595,2,0,0,0,0,54.5,5057,8.528528701079983,0.24480917540043504,10,11,11,11,11,11,12
2021,10,10_0,ALTO PARANA,CIUDAD DEL ESTE,0.5491572842960166,0.5697020494241064,0.5284213398826579,73631,40435,336,93,52,28,65,97,0.2767857142857143,0.15476190476190477,0.08333333333333333,0.19345238095238096,0.28869047619047616,42.88095238095238,13,4,2,0.3076923076923077,0.15384615384615385,44.07692307692308,219475,12.29899360979441,0.3354869575122451,44,52,57,70,78,87,93
2021,10,10_1,ALTO PARANA,DOCTOR JUAN LEON MALLORQUIN,0.6557650990689902,0.6727005870841487,0.6396270396270396,4189,2747,60,18,10,8,10,15,0.3,0.16666666666666666,0.13333333333333333,0.16666666666666666,0.25,44.13333333333333,3,0,0,0,0,46,13284,9.494315582496638,0.3153417645287564,6,10,11,12,12,13,18
2021,10,10_2,ALTO PARANA,DOCTOR RAUL PEÑA,0.6904761904761905,0.6955177743431221,0.6857962697274032,1344,928,45,18,12,7,11,12,0.4,0.26666666666666666,0.15555555555555556,0.24444444444444444,0.26666666666666666,43.48888888888889,2,0,0,0,0,52,4442,8.398860004454372,0.3025664115263395,10,12,13,14,16,17,18
2021,10,10_3,ALTO PARANA,DOMINGO MARTINEZ DE IRALA,0.6775850995504175,0.6949602122015915,0.6612702366127023,1557,1055,27,5,3,3,2,8,0.18518518518518517,0.1111111111111111,0.1111111111111111,0.07407407407407407,0.2962962962962963,44.370370370370374,2,0,0,0,0,45,5293,8.574140471857987,0.29416210088796524,3,3,3,3,3,4,5
2021,10,10_5,ALTO PARANA,HERNANDARIAS,0.6522991885216982,0.6737416616130989,0.6321196210478256,17006,11093,264,97,63,45,52,83,0.36742424242424243,0.23863636363636365,0.17045454545454544,0.19696969696969696,0.3143939393939394,40.553030303030305,9,2,1,0.2222222222222222,0.1111111111111111,46.333333333333336,49480,10.809323826506423,0.3436944219886823,53,63,72,77,84,88,97
2021,10,10_7,ALTO PARANA,IRUÑA,0.7323943661971831,0.7369565217391304,0.7278617710583153,923,676,36,9,4,4,5,10,0.25,0.1111111111111111,0.1111111111111111,0.1388888888888889,0.2777777777777778,42.916666666666664,4,1,0,0.25,0,52,3290,8.098642843759418,0.2805471124620061,4,4,6,7,7,8,9
2021,10,10_9,ALTO PARANA,ITAKYRY,0.6178019364701886,0.6472027972027972,0.590023125206475,5887,3637,84,31,13,12,19,23,0.36904761904761907,0.15476190476190477,0.14285714285714285,0.2261904761904762,0.27380952380952384,40.654761904761905,3,2,0,0.6666666666666666,0,40,17001,9.741027444837728,0.34627374860302335,12,13,14,18,20,27,31
2021,10,10_11,ALTO PARANA,JUAN EMILIO O'LEARY,0.5443953394937726,0.5512073272273106,0.5380434782608695,4978,2710,60,21,9,9,12,20,0.35,0.15,0.15,0.2,0.3333333333333333,43.18333333333333,3,0,0,0,0,50.333333333333336,14859,9.6063610212563475,0.33501581533077596,7,9,12,16,17,17,21
2021,10,10_13,ALTO PARANA,LOS CEDRALES,0.6616853466168535,0.6710182767624021,0.6531746031746032,2409,1594,96,49,34,18,31,28,0.5104166666666666,0.3541666666666667,0.1875,0.3229166666666667,0.2916666666666667,38.75,2,0,0,0,0,46.5,7342,8.90136656405678,0.3281122309997276,31,34,39,43,45,45,49
2021,10,10_15,ALTO PARANA,MBARACAYU,0.7173447537473233,0.723935389133627,0.7111111111111111,1401,1005,60,23,10,7,16,14,0.38333333333333336,0.16666666666666666,0.11666666666666667,0.26666666666666666,0.23333333333333334,39.666666666666664,2,0,1,0,0.5,42.5,4739,8.463581421967588,0.29563198987128086,9,10,12,13,16,20,23
2021,10,10_17,ALTO PARANA,MINGA GUAZU,0.5556921701223942,0.5794435502414348,0.5332245785753127,17893,9943,168,49,32,20,29,58,0.2916666666666667,0.19047619047619047,0.11904761904761904,0.17261904761904762,0.34523809523809523,43.07142857142857,6,0,1,0,0.16666666666666666,48.833333333333336,50908,10.837775361111937,0.3514771745108824,27,32,36,42,43,45,49
2021,10,10_19,ALTO PARANA,MINGA PORA,0.6850937808489634,0.6978516978516979,0.6735588972431078,3039,2082,83,33,22,9,24,23,0.39759036144578314,0.26506024096385544,0.10843373493975904,0.2891566265060241,0.27710843373493976,38.65060240963855,4,1,0,0.25,0,41,9103,9.116359308505288,0.3338459848401626,20,22,25,26,29,30,33
2021,10,10_21,ALTO PARANA,NARANJAL,0.6461932181701855,0.6558441558441559,0.6368221941992434,1563,1010,36,15,6,5,10,10,0.4166666666666667,0.16666666666666666,0.1388888888888889,0.2777777777777778,0.2777777777777778,40.916666666666664,2,0,0,0,0,56.5,4894,8.495765244002618,0.3193706579485084,4,6,7,11,13,15,15
2021,10,10_23,ALTO PARANA,ÑACUNDAY,0.6415929203539823,0.6591211717709721,0.6257521058965102,1582,1015,72,24,16,11,13,23,0.3333333333333333,0.2222222222222222,0.1527777777777778,0.18055555555555555,0.3194444444444444,40.97222222222222,4,2,0,0.5,0,37.5,5008,8.518791912779934,0.31589456869009586,13,16,18,21,21,23,24
2021,10,10_25,ALTO PARANA,PRESIDENTE FRANCO,0.5612149788913866,0.5902833086813062,0.5341798941798942,18239,10236,204,82,42,36,46,74,0.4019607843137255,0.20588235294117646,0.17647058823529413,0.22549019607843138,0.3627450980392157,40.5735294117647,7,1,0,0.14285714285714285,0,47.42857142857143,54421,10.904505387765616,0.33514635894232003,33,42,51,57,67,75,82
2021,10,10_27,ALTO PARANA,SAN ALBERTO,0.675089179548157,0.6889952153110048,0.6613475177304965,3364,2271,60,12,7,4,8,16,0.2,0.11666666666666667,0.06666666666666667,0.13333333333333333,0.26666666666666666,46.15,3,0,0,0,0,43,10101,9.220389707829185,0.333036333036333,6,7,8,8,9,10,12
2021,10,10_29,ALTO PARANA,SAN CRISTOBAL,0.711781206171108,0.7223411848679515,0.7015851137146796,2852,2030,84,34,21,10,24,17,0.40476190476190477,0.25,0.11904761904761904,0.2857142857142857,0.20238095238095238,38.976190476190474,3,0,0,0,0,40.333333333333336,7861,8.969669103793757,0.3628037145401348,17,21,25,28,30,34,34
2021,10,10_30,ALTO PARANA,SANTA FE DEL PARANA,0.7185430463576159,0.7360406091370558,0.7017828200972447,1208,868,72,22,14,11,11,22,0.3055555555555556,0.19444444444444445,0.1527777777777778,0.1527777777777778,0.3055555555555556,42.791666666666664,1,0,1,0,1,46,3928,8.275885669474356,0.3075356415478615,13,14,17,18,19,19,22
2021,10,10_31,ALTO PARANA,SANTA RITA,0.604450300102474,0.6283367556468172,0.5806545879602572,6831,4129,72,31,17,14,17,20,0.4305555555555556,0.2361111111111111,0.19444444444444445,0.2361111111111111,0.2777777777777778,39.47222222222222,3,0,0,0,0,51.333333333333336,17828,9.788525534066446,0.38316131927305364,17,17,21,25,28,31,31
2021,10,10_33,ALTO PARANA,SANTA ROSA DEL MONDAY,0.6693548387096774,0.6708074534161491,0.6680555555555555,1364,913,36,12,6,4,8,13,0.3333333333333333,0.16666666666666666,0.1111111111111111,0.2222222222222222,0.3611111111111111,41.5,2,0,1,0,0.5,60.5,4595,8.432724034789787,0.2968443960826986,4,6,6,7,8,9,12
2021,10,10_34,ALTO PARANA,TAVAPY,0.7214038128249567,0.7594339622641509,0.6891025641025641,2308,1665,27,7,2,2,5,9,0.25925925925925924,0.07407407407407407,0.07407407407407407,0.18518518518518517,0.3333333333333333,42.888888888888886,2,0,0,0,0,39,7028,8.857657449306988,0.3284006829823563,2,2,2,3,4,5,7
2021,10,10_35,ALTO PARANA,YGUAZU,0.6475111290975314,0.6845093268450932,0.6106623586429726,2471,1600,60,22,11,2,20,13,0.36666666666666664,0.18333333333333332,0.03333333333333333,0.3333333333333333,0.21666666666666667,44.88333333333333,4,0,1,0,0.25,45.75,8042,8.992433087457218,0.30726187515543396,7,11,12,17,20,20,22
2021,11,11_0,CENTRAL,AREGUA,0.5122170692877414,0.5509343824645215,0.47462482946794,14447,7400,96,29,22,13,16,37,0.3020833333333333,0.22916666666666666,0.13541666666666666,0.16666666666666666,0.3854166666666667,42.645833333333336,5,1,1,0.2,0.2,42.4,43868,10.6889404038801,0.3293288957782438,17,22,25,25,25,26,29
2021,11,11_1,CENTRAL,CAPIATA,0.4052600744863372,0.43436945687980405,0.37667938298225245,47794,19369,96,23,12,13,10,33,0.23958333333333334,0.125,0.13541666666666666,0.10416666666666667,0.34375,42.84375,4,1,1,0.25,0.25,47.25,136818,11.826406854462205,0.3493253811632972,12,12,12,17,21,22,23
2021,11,11_3,CENTRAL,FERNANDO DE LA MORA,0.5296634437219958,0.5417334913883272,0.5183809151349238,29683,15722,108,30,14,11,19,39,0.2777777777777778,0.12962962962962962,0.10185185185185185,0.17592592592592593,0.3611111111111111,45.44444444444444,3,0,0,0,0,55.333333333333336,105462,11.566105977440953,0.2814568280518101,11,14,15,20,24,26,30
2021,11,11_5,CENTRAL,GUARAMBARE,0.6658139959802668,0.6940622737146995,0.6370343046846182,5473,3644,60,21,9,3,18,14,0.35,0.15,0.05,0.3,0.23333333333333334,44.03333333333333,3,0,0,0,0,50.666666666666664,17566,9.773720494477063,0.31156780143458956,6,9,11,14,16,19,21
2021,11,11_7,CENTRAL,ITA,0.5964051203820389,0.622097678142514,0.5710141105103521,15077,8992,96,41,21,15,26,32,0.4270833333333333,0.21875,0.15625,0.2708333333333333,0.3333333333333333,41.052083333333336,3,1,0,0.3333333333333333,0,43.666666666666664,50250,10.824765825921322,0.30003980099502486,18,21,26,28,31,35,41
2021,11,11_9,CENTRAL,ITAUGUA,0.6350735446447069,0.6532452553213799,0.6173370177054549,19308,12262,84,30,16,11,19,29,0.35714285714285715,0.19047619047619047,0.13095238095238096,0.2261904761904762,0.34523809523809523,42.61904761904762,2,1,0,0.5,0,40,58317,10.973648925030222,0.3310869900715057,15,16,18,20,26,29,30
2021,11,11_11,CENTRAL,JULIAN AUGUSTO SALDIVAR,0.5212238379423384,0.5524815560026828,0.4898027979099949,11897,6201,60,25,12,5,20,12,0.4166666666666667,0.2,0.08333333333333333,0.3333333333333333,0.2,40.65,4,1,0,0.25,0,39.5,37485,10.531696131937162,0.31738028544751234,11,12,15,16,20,21,25
2021,11,11_13,CENTRAL,LAMBARE,0.518801009051788,0.5424602426299578,0.4976385921511301,33695,17481,132,38,16,10,28,45,0.2878787878787879,0.12121212121212122,0.07575757575757576,0.21212121212121213,0.3409090909090909,44.015151515151516,6,1,0,0.16666666666666666,0,42,109583,11.60443753197628,0.30748382504585564,13,16,21,26,31,35,38
2021,11,11_15,CENTRAL,LIMPIO,0.5176314306416553,0.5428900402993667,0.4934163841362454,24842,12859,144,38,18,14,24,46,0.2638888888888889,0.125,0.09722222222222222,0.16666666666666666,0.3194444444444444,43.75694444444444,8,0,0,0,0,51.125,71262,11.174118505002296,0.34860093738598413,14,18,22,25,30,33,38
2021,11,11_17,CENTRAL,LUQUE,0.4832701595058973,0.5119005745104936,0.45550670810278177,51973,25117,168,62,36,23,39,53,0.36904761904761907,0.21428571428571427,0.13690476190476192,0.23214285714285715,0.31547619047619047,41.541666666666664,6,0,1,0,0.16666666666666666,48.5,157280,11.965782935380993,0.33044888097660224,32,36,41,49,55,58,62
2021,11,11_19,CENTRAL,MARIANO ROQUE ALONSO,0.5755672898530041,0.5997247616239064,0.5529129793510325,21021,12099,144,52,23,15,37,42,0.3611111111111111,0.1597222222222222,0.10416666666666667,0.2569444444444444,0.2916666666666667,41.71527777777778,8,1,1,0.125,0.125,45.25,64495,11.074342980399237,0.3259322428095201,21,23,28,34,37,40,52
2021,11,11_21,CENTRAL,NUEVA ITALIA,0.715547703180212,0.74622892635315,0.6851363236587511,2264,1620,36,8,4,4,4,12,0.2222222222222222,0.1111111111111111,0.1111111111111111,0.1111111111111111,0.3333333333333333,47.97222222222222,2,0,0,0,0,53,8238,9.016512874996026,0.2748239864044671,3,4,5,7,7,7,8
2021,11,11_23,CENTRAL,ÑEMBY,0.5244256570483367,0.5369887506518662,0.5121898127993034,27205,14267,144,39,20,16,23,60,0.2708333333333333,0.1388888888888889,0.1111111111111111,0.1597222222222222,0.4166666666666667,42.576388888888886,7,1,3,0.14285714285714285,0.42857142857142855,43.142857142857146,79722,11.286300861819363,0.34124833797446125,18,20,26,29,31,34,39
2021,11,11_25,CENTRAL,SAN ANTONIO,0.5986868768744428,0.6269659239842726,0.5709931012353602,12337,7386,144,35,20,11,24,50,0.24305555555555555,0.1388888888888889,0.0763888888888889,0.16666666666666666,0.3472222222222222,43.708333333333336,3,0,0,0,0,51.666666666666664,36745,10.511757440962972,0.3357463600489863,17,20,24,25,30,31,35
2021,11,11_27,CENTRAL,SAN LORENZO,0.4540105174672062,0.4752506638132604,0.43333333333333335,51153,23224,168,42,17,14,28,55,0.25,0.10119047619047619,0.08333333333333333,0.16666666666666666,0.3273809523809524,45.42857142857143,8,2,0,0.25,0,44.25,160840,11.98816536101121,0.3180365580701318,16,17,19,27,32,37,42
2021,11,11_29,CENTRAL,VILLA ELISA,0.5765636232925953,0.6042793900639449,0.5502336448598131,16692,9624,108,33,15,11,22,31,0.3055555555555556,0.1388888888888889,0.10185185185185185,0.2037037037037037,0.28703703703703703,42.925925925925924,6,2,0,0.3333333333333333,0,47,53246,10.88267796337933,0.3134883371520865,14,15,22,23,26,29,33
2021,11,11_31,CENTRAL,VILLETA,0.7465346534653465,0.7871064467766117,0.7046439628482972,6565,4901,108,39,22,12,27,38,0.3611111111111111,0.2037037037037037,0.1111111111111111,0.25,0.35185185185185186,43.7962962962963,3,0,1,0,0.3333333333333333,52,22853,10.036837678732885,0.2872708178357327,17,22,27,29,31,37,39
2021,11,11_33,CENTRAL,YPACARAI,0.6365925304238355,0.6606239460370995,0.6127819548872181,4766,3034,60,18,11,4,14,21,0.3,0.18333333333333332,0.06666666666666667,0.23333333333333334,0.35,42.35,3,0,0,0,0,55,17013,9.741733036682138,0.2801387174513607,8,11,14,15,17,17,18
2021,11,11_35,CENTRAL,YPANE,0.5130937629078893,0.5467685662070111,0.47978968123562277,12105,6211,84,23,13,7,16,25,0.27380952380952384,0.15476190476190477,0.08333333333333333,0.19047619047619047,0.2976190476190476,42.20238095238095,5,0,0,0,0,49,36683,10.510068711466475,0.32998936837227055,12,13,15,16,17,20,23
2021,12,12_0,ÑEEMBUCU,PILAR,0.6970870777812209,0.7259395050412466,0.6674001886199309,6454,4499,108,36,23,16,20,40,0.3333333333333333,0.21296296296296297,0.14814814814814814,0.18518518518518517,0.37037037037037035,42.425925925925924,2,1,0,0.5,0,36,25051,10.128669025875903,0.2576344257714263,22,23,25,29,34,35,36
2021,12,12_1,ÑEEMBUCU,ALBERDI,0.6791044776119403,0.6931447225244831,0.6656217345872518,1876,1274,27,11,5,4,7,9,0.4074074074074074,0.18518518518518517,0.14814814814814814,0.25925925925925924,0.3333333333333333,41.81481481481482,3,1,0,0.3333333333333333,0,40.666666666666664,7555,8.92996487470684,0.2483123759099934,3,5,7,9,9,10,11
2021,12,12_3,ÑEEMBUCU,CERRITO,0.5258126195028681,0.5470941883767535,0.506398537477148,1046,550,48,10,5,4,6,17,0.20833333333333334,0.10416666666666667,0.08333333333333333,0.125,0.3541666666666667,43.083333333333336,2,0,0,0,0,46,4042,8.304494897963567,0.2587827808015834,4,5,6,7,9,10,10
2021,12,12_5,ÑEEMBUCU,DESMOCHADOS,0.5767790262172284,0.6015037593984962,0.5522388059701493,267,154,18,3,2,1,2,3,0.16666666666666666,0.1111111111111111,0.05555555555555555,0.1111111111111111,0.16666666666666666,47.27777777777778,2,0,0,0,0,54.5,1423,7.260522598089852,0.1876317638791286,1,2,2,2,2,3,3
2021,12,12_7,ÑEEMBUCU,GENERAL JOSE EDUVIGIS DIAZ,0.5964497041420118,0.6446078431372549,0.551487414187643,845,504,48,20,11,7,13,13,0.4166666666666667,0.22916666666666666,0.14583333333333334,0.2708333333333333,0.2708333333333333,39.958333333333336,3,1,0,0.3333333333333333,0,46.666666666666664,3536,8.170751423757535,0.23897058823529413,10,11,13,14,17,19,20
2021,12,12_9,ÑEEMBUCU,GUAZU CUA,0.7773279352226721,0.7909090909090909,0.7664233576642335,494,384,18,5,4,1,4,6,0.2777777777777778,0.2222222222222222,0.05555555555555555,0.2222222222222222,0.3333333333333333,44.27777777777778,2,0,0,0,0,61.5,2095,7.647308832356238,0.23579952267303103,4,4,4,4,4,5,5
2021,12,12_11,ÑEEMBUCU,HUMAITA,0.6986817325800376,0.7481203007518797,0.6490566037735849,531,371,36,14,10,5,9,14,0.3888888888888889,0.2777777777777778,0.1388888888888889,0.25,0.3888888888888889,39.44444444444444,3,0,0,0,0,46,2503,7.8252452914317745,0.2121454254894127,7,10,11,11,11,13,14
2021,12,12_13,ÑEEMBUCU,ISLA UMBU,0.7891440501043842,0.8319327731092437,0.7468879668049793,479,378,18,10,4,3,7,6,0.5555555555555556,0.2222222222222222,0.16666666666666666,0.3888888888888889,0.3333333333333333,37.666666666666664,2,0,0,0,0,39,2580,7.855544677915663,0.18565891472868218,3,4,4,4,6,9,10
2021,12,12_15,ÑEEMBUCU,LAURELES,0.6730158730158731,0.6633986928104575,0.6820987654320988,630,424,18,6,3,3,3,7,0.3333333333333333,0.16666666666666666,0.16666666666666666,0.16666666666666666,0.3888888888888889,41.333333333333336,2,0,0,0,0,49.5,2798,7.936660155225426,0.22516082916368835,3,3,4,4,6,6,6
2021,12,12_17,ÑEEMBUCU,MAYOR JOSE DEJESUS MARTINEZ,0.5912408759124088,0.6268656716417911,0.5571428571428572,822,486,36,12,9,4,8,9,0.3333333333333333,0.25,0.1111111111111111,0.2222222222222222,0.25,41.30555555555556,2,0,0,0,0,42.5,3585,8.184513753033722,0.2292887029288703,8,9,10,10,11,11,12
2021,12,12_19,ÑEEMBUCU,PASO DE PATRIA,0.7413249211356467,0.7558139534883721,0.7241379310344828,317,235,27,7,4,3,4,10,0.25925925925925924,0.14814814814814814,0.1111111111111111,0.14814814814814814,0.37037037037037035,43.03703703703704,3,0,0,0,0,49.333333333333336,1632,7.397561535524052,0.19424019607843138,2,4,4,4,5,6,7
2021,12,12_21,ÑEEMBUCU,SAN JUAN BAUTISTA,0.5803921568627451,0.6286266924564797,0.5308151093439364,1020,592,18,3,3,2,1,5,0.16666666666666666,0.16666666666666666,0.1111111111111111,0.05555555555555555,0.2777777777777778,47.05555555555556,2,1,0,0.5,0,44.5,4092,8.316789127071518,0.24926686217008798,2,3,3,3,3,3,3
2021,12,12_23,ÑEEMBUCU,TACUARAS,0.5644955300127714,0.566579634464752,0.5625,783,442,27,8,3,3,5,11,0.2962962962962963,0.1111111111111111,0.1111111111111111,0.18518518518518517,0.4074074074074074,43.48148148148148,3,0,0,0,0,48.666666666666664,2823,7.945555428253489,0.2773645058448459,3,3,4,6,7,7,8
2021,12,12_25,ÑEEMBUCU,VILLA FRANCA,0.8127340823970037,0.856,0.7746478873239436,267,217,18,8,5,2,6,6,0.4444444444444444,0.2777777777777778,0.1111111111111111,0.3333333333333333,0.3333333333333333,42.05555555555556,1,0,0,0,0,37,1194,7.085064293952548,0.2236180904522613,3,5,5,5,6,6,8
2021,12,12_27,ÑEEMBUCU,VILLA OLIVA,0.7524154589371981,0.7839805825242718,0.7211538461538461,828,623,27,6,5,4,2,8,0.2222222222222222,0.18518518518518517,0.14814814814814814,0.07407407407407407,0.2962962962962963,46.18518518518518,2,0,2,0,1,59.5,3227,8.079308192051961,0.2565850635264952,5,5,5,5,5,5,6
2021,12,12_29,ÑEEMBUCU,VILLALBIN,0.6648745519713262,0.677536231884058,0.6524822695035462,558,371,24,14,9,6,8,9,0.5833333333333334,0.375,0.25,0.3333333333333333,0.375,37.708333333333336,2,0,0,0,0,49,2199,7.695757990554761,0.25375170532060026,7,9,9,9,12,13,14
2021,13,13_0,AMAMBAY,PEDRO JUAN CABALLERO,0.5466968284012742,0.6001863932898416,0.4941908334095691,21661,11842,191,52,26,19,33,60,0.27225130890052357,0.13612565445026178,0.09947643979057591,0.17277486910994763,0.31413612565445026,43.973821989528794,4,1,0,0.25,0,41.75,71667,11.179785669593665,0.30224510583671704,18,26,34,38,45,50,52
2021,13,13_1,AMAMBAY,BELLA VISTA,0.5367722165474974,0.5997983870967742,0.4720496894409938,1958,1051,60,16,10,6,10,17,0.26666666666666666,0.16666666666666666,0.1,0.16666666666666666,0.2833333333333333,42.31666666666667,3,1,0,0.3333333333333333,0,44,8085,8.997765772011208,0.24217687074829933,6,10,12,14,16,16,16
2021,13,13_3,AMAMBAY,CAPITAN BADO,0.6249064137758922,0.6826826826826827,0.5674464907914385,4007,2504,72,31,13,13,18,25,0.4305555555555556,0.18055555555555555,0.18055555555555555,0.25,0.3472222222222222,39.34722222222222,4,0,1,0,0.25,47.75,13141,9.483492392643639,0.3049235218019938,10,13,17,20,24,27,31
2021,13,13_4,AMAMBAY,ZANJA PYTA,0.5777537796976242,0.6615553121577218,0.49627263045793396,1852,1070,18,4,3,1,3,6,0.2222222222222222,0.16666666666666666,0.05555555555555555,0.16666666666666666,0.3333333333333333,43.77777777777778,2,0,0,0,0,57,6379,8.760766624241956,0.2903276375607462,3,3,3,3,3,4,4
2021,13,13_5,AMAMBAY,KARAPAI,0.6605058365758755,0.7093023255813954,0.611328125,1028,679,18,10,6,5,5,6,0.5555555555555556,0.3333333333333333,0.2777777777777778,0.2777777777777778,0.3333333333333333,37.94444444444444,2,0,0,0,0,38.5,3069,8.029107054619736,0.3349625285109156,5,6,7,7,7,8,10
2021,13,13_6,AMAMBAY,CERRO CORA,0.563654518222666,0.626095423563778,0.4979508196721312,2003,1129,36,13,5,3,10,10,0.3611111111111111,0.1388888888888889,0.08333333333333333,0.2777777777777778,0.2777777777777778,39.888888888888886,3,1,0,0.3333333333333333,0,34.666666666666664,6145,8.723394022000136,0.3259560618388934,5,5,5,6,8,10,13
2021,14,14_0,CANINDEYU,SALTO DEL GUAIRA,0.6080984404063529,0.6402055968018275,0.5758531689131058,6989,4250,264,137,72,54,83,84,0.5189393939393939,0.2727272727272727,0.20454545454545456,0.3143939393939394,0.3181818181818182,37.77272727272727,6,1,1,0.16666666666666666,0.16666666666666666,47.333333333333336,20011,9.904037401341563,0.3492579081505172,62,72,83,100,112,124,137
2021,14,14_1,CANINDEYU,CORPUS CHRISTI,0.5593306288032455,0.5869074492099323,0.5368324125230203,1972,1103,48,19,10,5,14,14,0.3958333333333333,0.20833333333333334,0.10416666666666667,0.2916666666666667,0.2916666666666667,41.25,2,0,0,0,0,41.5,6083,8.713253274320705,0.3241821469669571,7,10,14,14,16,16,19
2021,14,14_3,CANINDEYU,FRANCISCO CABALLERO ALVAREZ,0.731585518102372,0.7577388963660835,0.7089639115250291,1602,1172,60,23,17,9,14,19,0.38333333333333336,0.2833333333333333,0.15,0.23333333333333334,0.31666666666666665,40.416666666666664,4,0,0,0,0,45.75,5679,8.644530439877432,0.2820919175911252,12,17,20,20,22,22,23
2021,14,14_5,CANINDEYU,ITANARA,0.7595870206489675,0.786144578313253,0.7341040462427746,678,515,23,8,4,3,5,10,0.34782608695652173,0.17391304347826086,0.13043478260869565,0.21739130434782608,0.43478260869565216,41.08695652173913,2,1,0,0.5,0,39.5,1894,7.546446273746024,0.3579725448785639,3,4,4,4,5,5,8
2021,14,14_7,CANINDEYU,KATUETE,0.7108374384236453,0.7312820512820513,0.6919431279620853,2030,1443,60,15,8,5,10,20,0.25,0.13333333333333333,0.08333333333333333,0.16666666666666666,0.3333333333333333,41.56666666666667,3,0,0,0,0,49,6557,8.788288460263619,0.3095928015860912,8,8,11,12,14,14,15
2021,14,14_9,CANINDEYU,LA PALOMA,0.657397107897664,0.6673819742489271,0.6466512702078522,1798,1182,36,12,4,4,8,12,0.3333333333333333,0.1111111111111111,0.1111111111111111,0.2222222222222222,0.3333333333333333,44.166666666666664,2,0,0,0,0,56.5,5897,8.682199026000504,0.3049007970154316,4,4,6,6,7,9,12
2021,14,14_11,CANINDEYU,NUEVA ESPERANZA,0.611748818365969,0.6258411843876177,0.5975609756097561,2962,1812,72,17,10,5,12,17,0.2361111111111111,0.1388888888888889,0.06944444444444445,0.16666666666666666,0.2361111111111111,43.19444444444444,3,2,0,0.6666666666666666,0,35,8250,9.017968479328726,0.35903030303030303,8,10,10,10,13,15,17
2021,14,14_12,CANINDEYU,MARACANA,0.5280781304499477,0.5594059405940595,0.4975911906400551,2867,1514,36,8,2,5,3,8,0.2222222222222222,0.05555555555555555,0.1388888888888889,0.08333333333333333,0.2222222222222222,40.138888888888886,2,1,0,0.5,0,40.5,8107,9.000483164987708,0.35364499814974715,2,2,4,7,7,8,8
2021,14,14_13,CANINDEYU,SAN ISIDRO DEL CURUGUATY,0.3941567983403924,0.4224792817679558,0.36576077548900815,11569,4560,60,20,11,4,16,15,0.3333333333333333,0.18333333333333332,0.06666666666666667,0.26666666666666666,0.25,41.75,3,0,1,0,0.3333333333333333,48.333333333333336,27364,10.21698355988089,0.4227817570530624,10,11,12,15,16,20,20
2021,14,14_14,CANINDEYU,PUERTO ADELA,0.6476578411405295,0.672645739910314,0.6268656716417911,491,318,18,5,3,2,3,5,0.2777777777777778,0.16666666666666666,0.1111111111111111,0.16666666666666666,0.2777777777777778,45.666666666666664,2,0,0,0,0,60.5,1480,7.299797366758161,0.33175675675675675,3,3,3,4,5,5,5
2021,14,14_15,CANINDEYU,VILLA YGATIMI,0.6269592476489029,0.6336260978670013,0.6203007518796992,3190,2000,60,24,15,9,15,15,0.4,0.25,0.15,0.25,0.25,40.766666666666666,2,0,0,0,0,47.5,8883,9.0918946167697,0.3591129123044017,10,15,16,17,18,22,24
2021,14,14_16,CANINDEYU,YASY CAÑY,0.4829259525521208,0.5098859315589354,0.45875937286980234,5564,2687,48,12,8,3,9,13,0.25,0.16666666666666666,0.0625,0.1875,0.2708333333333333,44.395833333333336,2,1,1,0.5,0.5,37,16365,9.702900186935281,0.3399938893981057,7,8,10,10,11,11,12
2021,14,14_17,CANINDEYU,YPEJHU,0.6030267753201397,0.6472684085510689,0.5605022831050228,1718,1036,36,10,4,5,5,10,0.2777777777777778,0.1111111111111111,0.1388888888888889,0.1388888888888889,0.2777777777777778,44.361111111111114,2,0,0,0,0,51,5942,8.689801056022553,0.2891282396499495,4,4,5,6,8,10,10
2021,14,14_18,CANINDEYU,YBYRAROVANA,0.561965811965812,0.6023131672597865,0.524671052631579,2340,1315,27,8,4,2,6,8,0.2962962962962963,0.14814814814814814,0.07407407407407407,0.2222222222222222,0.2962962962962963,41.666666666666664,2,1,1,0.5,0.5,42,7341,8.901230352110781,0.31875766244380876,4,4,4,4,7,7,8
2021,14,14_19,CANINDEYU,YBYPYTA,0.6064130776485382,0.642620780939775,0.5736526946107784,3181,1929,27,7,4,3,4,6,0.25925925925925924,0.14814814814814814,0.1111111111111111,0.14814814814814814,0.2222222222222222,44.77777777777778,2,1,0,0.5,0,37.5,8978,9.102532419341877,0.3543105368678993,4,4,4,5,6,6,7
2021,14,14_20,CANINDEYU,LAUREL,0.7829861111111112,0.7773972602739726,0.7887323943661971,576,451,27,7,4,2,5,10,0.25925925925925924,0.14814814814814814,0.07407407407407407,0.18518518518518517,0.37037037037037035,40.51851851851852,3,0,0,0,0,52,1599,7.377133712833954,0.3602251407129456,4,4,4,4,5,6,7
2021,15,15_0,PDTE. HAYES,VILLA HAYES,0.5415992506173891,0.5845569182933149,0.4998320456835741,11743,6360,252,84,52,46,38,109,0.3333333333333333,0.20634920634920634,0.18253968253968253,0.15079365079365079,0.43253968253968256,41.47222222222222,7,1,1,0.14285714285714285,0.14285714285714285,45.57142857142857,36243,10.498001538187674,0.3240073945313578,49,52,57,62,70,75,84
2021,15,15_1,PDTE. HAYES,BENJAMIN ACEVAL,0.655393235941565,0.7072486984381258,0.6036,4997,3275,180,69,39,36,33,83,0.38333333333333336,0.21666666666666667,0.2,0.18333333333333332,0.46111111111111114,39.71666666666667,4,0,1,0,0.25,47.75,14483,9.580730826800856,0.3450252019609197,34,39,43,47,55,62,69
2021,15,15_2,PDTE. HAYES,CAMPO ACEVAL,0.4958382877526754,0.5443645083932853,0.4481132075471698,841,417,54,10,6,2,8,15,0.18518518518518517,0.1111111111111111,0.037037037037037035,0.14814814814814814,0.2777777777777778,44.407407407407405,4,0,0,0,0,49.75,2771,7.9269635448629785,0.3035005413208228,5,6,6,8,8,10,10
2021,15,15_3,PDTE. HAYES,JOSE FALCON,0.786046511627907,0.8087431693989071,0.7623574144486692,1075,845,48,12,6,6,6,19,0.25,0.125,0.125,0.125,0.3958333333333333,44.583333333333336,2,0,1,0,0.5,47,3829,8.250358951477294,0.28075215460955866,5,6,7,8,9,11,12
2021,15,15_4,PDTE. HAYES,GENERAL JOSE MARIA BRUGUEZ,0.5015822784810127,0.5392156862745098,0.4662576687116564,632,317,24,3,1,2,1,8,0.125,0.041666666666666664,0.08333333333333333,0.041666666666666664,0.3333333333333333,46.208333333333336,1,0,0,0,0,60,2292,7.73718007783463,0.2757417102966841,1,1,1,1,2,3,3
2021,15,15_5,PDTE. HAYES,NANAWA,0.6911764705882353,0.720353982300885,0.6632825719120136,1156,799,48,22,13,8,14,13,0.4583333333333333,0.2708333333333333,0.16666666666666666,0.2916666666666667,0.2708333333333333,39.895833333333336,2,1,0,0.5,0,39,6843,8.830981510952498,0.1689317550781821,10,13,14,16,19,21,22
2021,15,15_7,PDTE. HAYES,PUERTO PINASCO,0.6054913294797688,0.6377245508982036,0.5754189944134078,1384,838,24,1,0,0,1,9,0.041666666666666664,0,0,0.041666666666666664,0.375,47.208333333333336,2,0,0,0,0,43,3783,8.23827262463303,0.3658472112080359,0,0,0,0,0,0,1
2021,15,15_9,PDTE. HAYES,TENIENTE IRALA FERNANDEZ,0.3672354948805461,0.39854545454545454,0.33954983922829585,2930,1076,48,15,8,9,6,17,0.3125,0.16666666666666666,0.1875,0.125,0.3541666666666667,43.958333333333336,3,0,1,0,0.3333333333333333,43.333333333333336,10206,9.230731061623917,0.28708602782676856,8,8,9,9,9,10,15
2021,15,15_11,PDTE. HAYES,TENIENTE ESTEBAN MARTINEZ,0.6690391459074733,0.7013888888888888,0.635036496350365,281,188,36,5,4,3,2,13,0.1388888888888889,0.1111111111111111,0.08333333333333333,0.05555555555555555,0.3611111111111111,49.666666666666664,2,1,0,0.5,0,44.5,1182,7.074963197966044,0.2377326565143824,4,4,4,4,4,5,5
2021,16,16_0,ALTO PARAGUAY,FUERTE OLIMPO,0.6558345642540621,0.6808510638297872,0.632183908045977,1354,888,48,13,10,3,10,13,0.2708333333333333,0.20833333333333334,0.0625,0.20833333333333334,0.2708333333333333,43,2,0,0,0,0,45,4305,8.367532416861831,0.31451800232288035,10,10,11,11,11,13,13
2021,16,16_1,ALTO PARAGUAY,PUERTO CASADO,0.6567055393586005,0.6897081413210445,0.6269070735090153,1372,901,48,17,6,9,8,22,0.3541666666666667,0.125,0.1875,0.16666666666666666,0.4583333333333333,41.875,2,0,0,0,0,42,4467,8.404472321352118,0.30714125811506604,6,6,6,8,11,17,17
2021,16,16_2,ALTO PARAGUAY,CARMELO PERALTA,0.6467505241090147,0.6971544715447154,0.5930735930735931,954,617,27,7,4,2,5,9,0.25925925925925924,0.14814814814814814,0.07407407407407407,0.18518518518518517,0.3333333333333333,42.2962962962963,2,0,0,0,0,44.5,3445,8.144679183447758,0.27692307692307694,2,4,4,6,7,7,7
2021,16,16_3,ALTO PARAGUAY,BAHIA NEGRA,0.6560509554140127,0.6973684210526315,0.6172839506172839,628,412,48,21,11,6,15,14,0.4375,0.22916666666666666,0.125,0.3125,0.2916666666666667,38.916666666666664,4,1,0,0.25,0,39.5,1938,7.569411792450712,0.3240454076367389,10,11,14,14,15,17,21
2021,17,17_0,BOQUERON,FILADELFIA,0.4912324649298597,0.537683358624178,0.4456575682382134,3992,1961,48,14,4,7,7,19,0.2916666666666667,0.08333333333333333,0.14583333333333334,0.14583333333333334,0.3958333333333333,41.708333333333336,3,0,0,0,0,46.666666666666664,11400,9.341368634382587,0.35017543859649125,4,4,6,6,10,12,14
2021,17,17_1,BOQUERON,LOMA PLATA,0.37572254335260113,0.4192903548225887,0.33519293351929336,4152,1560,60,11,5,6,5,16,0.18333333333333332,0.08333333333333333,0.1,0.08333333333333333,0.26666666666666666,45.516666666666666,5,1,0,0.2,0,54.6,13287,9.494541392591309,0.3124858884624069,4,5,7,9,11,11,11
2021,17,17_3,BOQUERON,MARISCAL JOSE FELIX ESTIGARRIBIA,0.5250437828371278,0.6086051353226926,0.43988684582743987,2855,1499,48,15,7,5,10,14,0.3125,0.14583333333333334,0.10416666666666667,0.20833333333333334,0.2916666666666667,41.0625,3,0,0,0,0,46.666666666666664,8180,9.009447429596793,0.34902200488997553,5,7,11,12,12,13,15
2021,17,17_4,BOQUERON,BOQUERON,0.5268498942917548,0.5742154368108566,0.4797639123102867,2365,1246,45,14,5,6,8,13,0.3111111111111111,0.1111111111111111,0.13333333333333333,0.17777777777777778,0.28888888888888886,41.13333333333333,3,0,0,0,0,49,8125,9.002701007197938,0.29107692307692307,4,5,5,6,9,10,14
