unit,district,department,year,n_young,n_candidates,young_18to29_participation,young_18to29_register,total_electors,n_young_mayor,n_candidates_mayor,n_le29,n_le30,n_le31,n_le32,n_le33,n_le34,n_le35,youth_cand_share,youth_turnout_18to29,youth_share,log_total_electors,post,youth_cand_share_mayor,youth_cand_share_le29,youth_cand_share_le30,youth_cand_share_le31,youth_cand_share_le32,youth_cand_share_le33,youth_cand_share_le34,youth_cand_share_le35
0_0,ASUNCION,CAPITAL,2006,82,336,43397,100876,358528,0,7,44,49,54,63,72,77,82,0.24404761904761904,0.43020143542567113,0.2813615672973938,12.789762039179726,0,0,0.13095238095238096,0.14583333333333334,0.16071428571428573,0.1875,0.21428571428571427,0.22916666666666666,0.24404761904761904
0_0,ASUNCION,CAPITAL,2010,96,336,44746,82998,359995,0,6,35,46,59,65,77,92,96,0.2857142857142857,0.5391214246126412,0.23055320212780733,12.793845421446953,1,0,0.10416666666666667,0.13690476190476192,0.17559523809523808,0.19345238095238096,0.22916666666666666,0.27380952380952384,0.2857142857142857
10_0,CIUDAD DEL ESTE,ALTO PARANA,2006,52,168,15703,36120,119309,1,4,33,36,40,42,45,50,52,0.30952380952380953,0.4347452934662237,0.3027432968175075,11.689472045307607,0,0.25,0.19642857142857142,0.21428571428571427,0.23809523809523808,0.25,0.26785714285714285,0.2976190476190476,0.30952380952380953
10_0,CIUDAD DEL ESTE,ALTO PARANA,2010,37,129,18374,36312,134659,1,4,26,26,32,34,35,36,37,0.2868217054263566,0.5060035250055078,0.2696589162254287,11.810500935961494,1,0.25,0.20155038759689922,0.20155038759689922,0.24806201550387597,0.26356589147286824,0.2713178294573643,0.27906976744186046,0.2868217054263566
10_1,DOCTOR JUAN LEON MALLORQUIN,ALTO PARANA,2006,9,18,1377,2672,8741,1,2,3,4,5,6,7,8,9,0.5,0.5153443113772455,0.30568584830110973,9.075779878580487,0,0.5,0.16666666666666666,0.2222222222222222,0.2777777777777778,0.3333333333333333,0.3888888888888889,0.4444444444444444,0.5
10_1,DOCTOR JUAN LEON MALLORQUIN,ALTO PARANA,2010,11,36,1458,2526,9574,0,3,5,8,8,8,11,11,11,0.3055555555555556,0.5771971496437055,0.26383956548986837,9.166806369952454,1,0,0.1388888888888889,0.2222222222222222,0.2222222222222222,0.2222222222222222,0.3055555555555556,0.3055555555555556,0.3055555555555556
10_11,JUAN EMILIO O'LEARY,ALTO PARANA,2006,8,36,939,2547,8475,0,3,5,6,6,6,7,8,8,0.2222222222222222,0.36866902237926974,0.30053097345132745,9.044875932248651,0,0,0.1388888888888889,0.16666666666666666,0.16666666666666666,0.16666666666666666,0.19444444444444445,0.2222222222222222,0.2222222222222222
10_11,JUAN EMILIO O'LEARY,ALTO PARANA,2010,16,45,1215,2830,9785,0,4,9,10,12,12,12,15,16,0.35555555555555557,0.4293286219081272,0.28921819110884006,9.188605879830176,1,0,0.2,0.2222222222222222,0.26666666666666666,0.26666666666666666,0.26666666666666666,0.3333333333333333,0.35555555555555557
10_13,LOS CEDRALES,ALTO PARANA,2006,15,48,659,1580,4213,2,2,5,8,11,11,14,14,15,0.3125,0.4170886075949367,0.3750296700688346,8.345930261979017,0,1,0.10416666666666667,0.16666666666666666,0.22916666666666666,0.22916666666666666,0.2916666666666667,0.2916666666666667,0.3125
10_13,LOS CEDRALES,ALTO PARANA,2010,32,72,952,1535,4644,2,6,13,16,20,23,27,30,32,0.4444444444444444,0.6201954397394137,0.33053402239448754,8.443331342817782,1,0.3333333333333333,0.18055555555555555,0.2222222222222222,0.2777777777777778,0.3194444444444444,0.375,0.4166666666666667,0.4444444444444444
10_15,MBARACAYU,ALTO PARANA,2006,7,30,411,693,2443,1,3,2,2,4,5,6,7,7,0.23333333333333334,0.5930735930735931,0.2836676217765043,7.8009820712577405,0,0.3333333333333333,0.06666666666666667,0.06666666666666667,0.13333333333333333,0.16666666666666666,0.2,0.23333333333333334,0.23333333333333334
10_15,MBARACAYU,ALTO PARANA,2010,22,60,437,653,2745,1,4,18,20,20,22,22,22,22,0.36666666666666664,0.669218989280245,0.2378870673952641,7.917536353943631,1,0.25,0.3,0.3333333333333333,0.3333333333333333,0.36666666666666664,0.36666666666666664,0.36666666666666664,0.36666666666666664
10_17,MINGA GUAZU,ALTO PARANA,2006,17,48,2827,7694,23187,1,3,6,8,8,12,15,15,17,0.3541666666666667,0.36742916558357164,0.3318238668219261,10.051347055774981,0,0.3333333333333333,0.125,0.16666666666666666,0.16666666666666666,0.25,0.3125,0.3125,0.3541666666666667
10_17,MINGA GUAZU,ALTO PARANA,2010,25,60,3421,7240,25835,0,4,13,16,17,18,20,22,25,0.4166666666666667,0.4725138121546961,0.28023998451712795,10.159485440721285,1,0,0.21666666666666667,0.26666666666666666,0.2833333333333333,0.3,0.3333333333333333,0.36666666666666664,0.4166666666666667
10_19,MINGA PORA,ALTO PARANA,2006,22,72,702,1338,4062,2,4,8,10,10,14,15,21,22,0.3055555555555556,0.5246636771300448,0.3293943870014771,8.30943074214033,0,0.5,0.1111111111111111,0.1388888888888889,0.1388888888888889,0.19444444444444445,0.20833333333333334,0.2916666666666667,0.3055555555555556
10_19,MINGA PORA,ALTO PARANA,2010,36,72,1337,1944,5646,2,5,21,23,29,29,31,34,36,0.5,0.6877572016460906,0.3443145589798087,8.638702608813434,1,0.4,0.2916666666666667,0.3194444444444444,0.4027777777777778,0.4027777777777778,0.4305555555555556,0.4722222222222222,0.5
10_21,NARANJAL,ALTO PARANA,2006,11,36,601,1130,3908,1,2,4,5,6,7,8,9,11,0.3055555555555556,0.531858407079646,0.28915046059365407,8.270781013162674,0,0.5,0.1111111111111111,0.1388888888888889,0.16666666666666666,0.19444444444444445,0.2222222222222222,0.25,0.3055555555555556
10_21,NARANJAL,ALTO PARANA,2010,17,60,1085,1587,5044,1,3,7,9,9,14,14,17,17,0.2833333333333333,0.6836798991808444,0.31463124504361617,8.52595469708481,1,0.3333333333333333,0.11666666666666667,0.15,0.15,0.23333333333333334,0.23333333333333334,0.2833333333333333,0.2833333333333333
10_23,ÑACUNDAY,ALTO PARANA,2006,15,48,312,725,2524,0,2,3,4,5,6,11,14,15,0.3125,0.4303448275862069,0.28724247226624405,7.8336002236611035,0,0,0.0625,0.08333333333333333,0.10416666666666667,0.125,0.22916666666666666,0.2916666666666667,0.3125
10_23,ÑACUNDAY,ALTO PARANA,2010,31,71,469,722,2802,1,6,10,14,18,19,22,27,31,0.43661971830985913,0.649584487534626,0.25767309064953603,7.938088726896952,1,0.16666666666666666,0.14084507042253522,0.19718309859154928,0.2535211267605634,0.2676056338028169,0.30985915492957744,0.38028169014084506,0.43661971830985913
10_25,PRESIDENTE FRANCO,ALTO PARANA,2006,31,84,2898,7390,24774,0,4,16,21,21,22,24,28,31,0.36904761904761907,0.3921515561569689,0.2982966012755308,10.117549995114146,0,0,0.19047619047619047,0.25,0.25,0.2619047619047619,0.2857142857142857,0.3333333333333333,0.36904761904761907
10_25,PRESIDENTE FRANCO,ALTO PARANA,2010,33,81,4384,8521,30172,1,4,14,18,22,26,28,32,33,0.4074074074074074,0.5144936040370849,0.28241415882274956,10.314669620973522,1,0.25,0.1728395061728395,0.2222222222222222,0.2716049382716049,0.32098765432098764,0.345679012345679,0.3950617283950617,0.4074074074074074
10_27,SAN ALBERTO,ALTO PARANA,2006,20,60,593,1272,4078,0,3,12,12,13,13,14,16,20,0.3333333333333333,0.4661949685534591,0.31191760666993623,8.3133619511344,0,0,0.2,0.2,0.21666666666666667,0.21666666666666667,0.23333333333333334,0.26666666666666666,0.3333333333333333
10_27,SAN ALBERTO,ALTO PARANA,2010,36,96,723,1111,4301,0,5,26,28,30,33,33,35,36,0.375,0.6507650765076508,0.25831202046035806,8.366602832783736,1,0,0.2708333333333333,0.2916666666666667,0.3125,0.34375,0.34375,0.3645833333333333,0.375
10_29,SAN CRISTOBAL,ALTO PARANA,2006,18,48,782,1071,3088,0,2,10,10,11,11,14,16,18,0.375,0.7301587301587301,0.34682642487046633,8.035278911144667,0,0,0.20833333333333334,0.20833333333333334,0.22916666666666666,0.22916666666666666,0.2916666666666667,0.3333333333333333,0.375
10_29,SAN CRISTOBAL,ALTO PARANA,2010,30,59,867,1289,3730,2,4,11,17,18,20,25,27,30,0.5084745762711864,0.6726144297905353,0.34557640750670243,8.224163512637862,1,0.5,0.1864406779661017,0.288135593220339,0.3050847457627119,0.3389830508474576,0.423728813559322,0.4576271186440678,0.5084745762711864
10_3,DOMINGO MARTINEZ DE IRALA,ALTO PARANA,2006,7,18,476,972,2983,0,2,2,3,3,3,3,7,7,0.3888888888888889,0.4897119341563786,0.3258464632919879,8.000684784514748,0,0,0.1111111111111111,0.16666666666666666,0.16666666666666666,0.16666666666666666,0.16666666666666666,0.3888888888888889,0.3888888888888889
10_3,DOMINGO MARTINEZ DE IRALA,ALTO PARANA,2010,10,27,719,1107,3575,0,3,5,6,7,9,10,10,10,0.37037037037037035,0.6495031616982837,0.30965034965034965,8.181720455128108,1,0,0.18518518518518517,0.2222222222222222,0.25925925925925924,0.3333333333333333,0.37037037037037035,0.37037037037037035,0.37037037037037035
10_30,SANTA FE DEL PARANA,ALTO PARANA,2006,24,59,370,479,1326,0,2,12,13,14,17,20,20,24,0.4067796610169492,0.7724425887265136,0.361236802413273,7.189922170745808,0,0,0.2033898305084746,0.22033898305084745,0.23728813559322035,0.288135593220339,0.3389830508474576,0.3389830508474576,0.4067796610169492
10_30,SANTA FE DEL PARANA,ALTO PARANA,2010,25,60,458,547,1652,0,4,11,16,17,19,21,25,25,0.4166666666666667,0.8372943327239488,0.3311138014527845,7.409741954080923,1,0,0.18333333333333332,0.26666666666666666,0.2833333333333333,0.31666666666666665,0.35,0.4166666666666667,0.4166666666666667
10_31,SANTA RITA,ALTO PARANA,2006,13,48,1370,1995,5439,0,2,8,8,10,13,13,13,13,0.2708333333333333,0.6867167919799498,0.3667953667953668,8.60135049942296,0,0,0.16666666666666666,0.16666666666666666,0.20833333333333334,0.2708333333333333,0.2708333333333333,0.2708333333333333,0.2708333333333333
10_31,SANTA RITA,ALTO PARANA,2010,41,83,2040,2763,7686,0,4,26,27,32,34,36,39,41,0.4939759036144578,0.738327904451683,0.3594847775175644,8.94715577112479,1,0,0.3132530120481928,0.3253012048192771,0.3855421686746988,0.40963855421686746,0.43373493975903615,0.46987951807228917,0.4939759036144578
10_33,SANTA ROSA DEL MONDAY,ALTO PARANA,2006,13,36,1101,1829,4974,0,2,10,11,11,11,13,13,13,0.3611111111111111,0.6019682886823401,0.36771210293526335,8.51197962436335,0,0,0.2777777777777778,0.3055555555555556,0.3055555555555556,0.3055555555555556,0.3611111111111111,0.3611111111111111,0.3611111111111111
10_33,SANTA ROSA DEL MONDAY,ALTO PARANA,2010,52,95,1252,1874,5611,0,4,32,36,40,44,49,49,52,0.5473684210526316,0.6680896478121665,0.3339868116200321,8.632484235750972,1,0,0.3368421052631579,0.37894736842105264,0.42105263157894735,0.4631578947368421,0.5157894736842106,0.5157894736842106,0.5473684210526316
10_35,YGUAZU,ALTO PARANA,2006,8,27,687,1302,4213,0,3,2,4,6,7,7,8,8,0.2962962962962963,0.5276497695852534,0.3090434369807738,8.345930261979017,0,0,0.07407407407407407,0.14814814814814814,0.2222222222222222,0.25925925925925924,0.25925925925925924,0.2962962962962963,0.2962962962962963
10_35,YGUAZU,ALTO PARANA,2010,18,45,918,1414,4913,1,5,9,10,12,13,15,16,18,0.4,0.6492220650636492,0.2878078567066965,8.499640032168648,1,0.2,0.2,0.2222222222222222,0.26666666666666666,0.28888888888888886,0.3333333333333333,0.35555555555555557,0.4
10_5,HERNANDARIAS,ALTO PARANA,2006,20,72,3204,7423,24670,0,3,8,8,9,12,13,17,20,0.2777777777777778,0.4316314158695945,0.30089177138224565,10.113343209523402,0,0,0.1111111111111111,0.1111111111111111,0.125,0.16666666666666666,0.18055555555555555,0.2361111111111111,0.2777777777777778
10_5,HERNANDARIAS,ALTO PARANA,2010,47,119,3922,6876,27196,0,8,26,27,30,33,36,43,47,0.3949579831932773,0.5703897614892379,0.25283129872040006,10.21082518264635,1,0,0.2184873949579832,0.226890756302521,0.25210084033613445,0.2773109243697479,0.3025210084033613,0.36134453781512604,0.3949579831932773
10_7,IRUÑA,ALTO PARANA,2006,13,36,277,673,2344,0,2,6,9,9,11,12,13,13,0.3611111111111111,0.4115898959881129,0.2871160409556314,7.759614150696903,0,0,0.16666666666666666,0.25,0.25,0.3055555555555556,0.3333333333333333,0.3611111111111111,0.3611111111111111
10_7,IRUÑA,ALTO PARANA,2010,12,36,441,707,2429,0,3,11,11,11,12,12,12,12,0.3333333333333333,0.6237623762376238,0.2910662824207493,7.795234929002173,1,0,0.3055555555555556,0.3055555555555556,0.3055555555555556,0.3333333333333333,0.3333333333333333,0.3333333333333333,0.3333333333333333
10_9,ITAKYRY,ALTO PARANA,2006,10,36,1103,2410,8661,1,2,4,5,5,7,7,9,10,0.2777777777777778,0.4576763485477178,0.27825886156332985,9.066585468331045,0,0.5,0.1111111111111111,0.1388888888888889,0.1388888888888889,0.19444444444444445,0.19444444444444445,0.25,0.2777777777777778
10_9,ITAKYRY,ALTO PARANA,2010,20,47,1457,2671,10165,2,4,9,14,15,17,17,20,20,0.425531914893617,0.5454885810557843,0.2627643876045253,9.226705726062447,1,0.5,0.19148936170212766,0.2978723404255319,0.3191489361702128,0.3617021276595745,0.3617021276595745,0.425531914893617,0.425531914893617
11_0,AREGUA,CENTRAL,2006,30,84,3224,7087,22512,0,4,13,17,18,22,27,29,30,0.35714285714285715,0.4549174544941442,0.3148098791755508,10.02180377935417,0,0,0.15476190476190477,0.20238095238095238,0.21428571428571427,0.2619047619047619,0.32142857142857145,0.34523809523809523,0.35714285714285715
11_0,AREGUA,CENTRAL,2010,36,108,3350,6832,25204,0,5,20,21,23,26,29,34,36,0.3333333333333333,0.49033957845433257,0.2710680844310427,10.134757991061946,1,0,0.18518518518518517,0.19444444444444445,0.21296296296296297,0.24074074074074073,0.26851851851851855,0.3148148148148148,0.3333333333333333
11_1,CAPIATA,CENTRAL,2006,12,60,7640,20715,69276,0,4,5,7,9,9,10,11,12,0.2,0.368814868452812,0.2990213060800277,11.145853804848933,0,0,0.08333333333333333,0.11666666666666667,0.15,0.15,0.16666666666666666,0.18333333333333332,0.2
11_1,CAPIATA,CENTRAL,2010,25,96,8630,20300,77407,1,6,14,17,18,19,21,25,25,0.2604166666666667,0.42512315270935963,0.262250184091878,11.25683249476492,1,0.16666666666666666,0.14583333333333334,0.17708333333333334,0.1875,0.19791666666666666,0.21875,0.2604166666666667,0.2604166666666667
11_11,JULIAN AUGUSTO SALDIVAR,CENTRAL,2006,28,72,1714,5010,16675,1,4,12,16,19,22,22,26,28,0.3888888888888889,0.34211576846307384,0.30044977511244375,9.721665870783825,0,0.25,0.16666666666666666,0.2222222222222222,0.2638888888888889,0.3055555555555556,0.3055555555555556,0.3611111111111111,0.3888888888888889
11_11,JULIAN AUGUSTO SALDIVAR,CENTRAL,2010,26,60,1923,5195,19537,1,4,15,17,20,20,23,23,26,0.43333333333333335,0.3701636188642926,0.2659057173568102,9.880065382591635,1,0.25,0.25,0.2833333333333333,0.3333333333333333,0.3333333333333333,0.38333333333333336,0.38333333333333336,0.43333333333333335
11_13,LAMBARE,CENTRAL,2006,17,77,9328,21659,70189,0,5,8,10,11,13,15,17,17,0.22077922077922077,0.43067546978161503,0.30858111669919785,11.158946882579238,0,0,0.1038961038961039,0.12987012987012986,0.14285714285714285,0.16883116883116883,0.19480519480519481,0.22077922077922077,0.22077922077922077
11_13,LAMBARE,CENTRAL,2010,36,108,11100,21426,77072,1,4,18,23,24,29,33,35,36,0.3333333333333333,0.5180621674600953,0.2779997924019099,11.252495328870001,1,0.25,0.16666666666666666,0.21296296296296297,0.2222222222222222,0.26851851851851855,0.3055555555555556,0.32407407407407407,0.3333333333333333
11_15,LIMPIO,CENTRAL,2006,27,84,4714,9743,33366,1,4,11,13,16,19,20,23,27,0.32142857142857145,0.4838345478805296,0.2920038362404843,10.41529269641562,0,0.25,0.13095238095238096,0.15476190476190477,0.19047619047619047,0.2261904761904762,0.23809523809523808,0.27380952380952384,0.32142857142857145
11_15,LIMPIO,CENTRAL,2010,35,84,4525,9342,36855,3,5,20,21,23,25,30,34,35,0.4166666666666667,0.4843716548918861,0.25347985347985347,10.51474657362339,1,0.6,0.23809523809523808,0.25,0.27380952380952384,0.2976190476190476,0.35714285714285715,0.40476190476190477,0.4166666666666667
11_17,LUQUE,CENTRAL,2006,16,81,9484,27422,90197,0,6,4,7,9,11,13,16,16,0.19753086419753085,0.34585369411421485,0.3040234154129295,11.409751446074106,0,0,0.04938271604938271,0.08641975308641975,0.1111111111111111,0.13580246913580246,0.16049382716049382,0.19753086419753085,0.19753086419753085
11_17,LUQUE,CENTRAL,2010,50,132,11876,27013,99108,1,7,26,32,35,38,44,48,50,0.3787878787878788,0.4396401732499167,0.27256124631714895,11.503965443598718,1,0.14285714285714285,0.19696969696969696,0.24242424242424243,0.26515151515151514,0.2878787878787879,0.3333333333333333,0.36363636363636365,0.3787878787878788
11_19,MARIANO ROQUE ALONSO,CENTRAL,2006,23,79,4251,9754,33134,0,6,9,9,12,14,17,18,23,0.2911392405063291,0.43582120155833504,0.2943803947606688,10.408315224498482,0,0,0.11392405063291139,0.11392405063291139,0.1518987341772152,0.17721518987341772,0.21518987341772153,0.22784810126582278,0.2911392405063291
11_19,MARIANO ROQUE ALONSO,CENTRAL,2010,51,144,5575,11045,39244,0,7,25,32,37,40,43,46,51,0.3541666666666667,0.504753282028067,0.28144429721740905,10.577553845283282,1,0,0.1736111111111111,0.2222222222222222,0.2569444444444444,0.2777777777777778,0.2986111111111111,0.3194444444444444,0.3541666666666667
11_21,NUEVA ITALIA,CENTRAL,2006,16,45,1165,1545,5607,0,2,8,10,12,12,14,15,16,0.35555555555555557,0.7540453074433657,0.27554842161583737,8.631771096123673,0,0,0.17777777777777778,0.2222222222222222,0.26666666666666666,0.26666666666666666,0.3111111111111111,0.3333333333333333,0.35555555555555557
11_21,NUEVA ITALIA,CENTRAL,2010,22,45,955,1548,6119,1,3,15,17,18,19,20,21,22,0.4888888888888889,0.6169250645994832,0.2529825134825952,8.71915396346254,1,0.3333333333333333,0.3333333333333333,0.37777777777777777,0.4,0.4222222222222222,0.4444444444444444,0.4666666666666667,0.4888888888888889
11_23,ÑEMBY,CENTRAL,2006,20,72,5157,13104,42007,1,4,5,6,6,9,14,17,20,0.2777777777777778,0.39354395604395603,0.3119480086652225,10.645591550044825,0,0.25,0.06944444444444445,0.08333333333333333,0.08333333333333333,0.125,0.19444444444444445,0.2361111111111111,0.2777777777777778
11_23,ÑEMBY,CENTRAL,2010,48,132,5899,13353,47599,2,8,25,31,32,38,40,47,48,0.36363636363636365,0.4417733842582191,0.2805311035946133,10.770567031595471,1,0.25,0.1893939393939394,0.23484848484848486,0.24242424242424243,0.2878787878787879,0.30303030303030304,0.3560606060606061,0.36363636363636365
11_25,SAN ANTONIO,CENTRAL,2006,26,83,1752,3925,14382,2,4,6,8,10,15,17,20,26,0.3132530120481928,0.44636942675159236,0.27291058267278545,9.57373270366244,0,0.5,0.07228915662650602,0.0963855421686747,0.12048192771084337,0.18072289156626506,0.20481927710843373,0.24096385542168675,0.3132530120481928
11_25,SAN ANTONIO,CENTRAL,2010,36,108,2561,4913,18852,0,7,15,17,22,24,30,32,36,0.3333333333333333,0.5212700997353958,0.26060895395713984,9.844374288043621,1,0,0.1388888888888889,0.1574074074074074,0.2037037037037037,0.2222222222222222,0.2777777777777778,0.2962962962962963,0.3333333333333333
11_27,SAN LORENZO,CENTRAL,2006,44,120,8672,28607,98665,0,4,23,29,32,36,39,42,44,0.36666666666666664,0.30314258747858913,0.28994070845791314,11.499485552603526,0,0,0.19166666666666668,0.24166666666666667,0.26666666666666666,0.3,0.325,0.35,0.36666666666666664
11_27,SAN LORENZO,CENTRAL,2010,69,156,10581,26103,105833,1,8,36,43,53,58,59,65,69,0.4423076923076923,0.405355706240662,0.24664329651431974,11.569617659035515,1,0.125,0.23076923076923078,0.27564102564102566,0.33974358974358976,0.3717948717948718,0.3782051282051282,0.4166666666666667,0.4423076923076923
11_29,VILLA ELISA,CENTRAL,2006,26,72,4578,9278,29511,0,4,10,14,15,19,22,23,26,0.3611111111111111,0.49342530717827116,0.31439124394293655,10.292518354180867,0,0,0.1388888888888889,0.19444444444444445,0.20833333333333334,0.2638888888888889,0.3055555555555556,0.3194444444444444,0.3611111111111111
11_29,VILLA ELISA,CENTRAL,2010,43,132,6061,10185,34608,2,8,24,30,35,36,39,41,43,0.32575757575757575,0.5950908198330879,0.2942961165048544,10.45184014819284,1,0.25,0.18181818181818182,0.22727272727272727,0.26515151515151514,0.2727272727272727,0.29545454545454547,0.3106060606060606,0.32575757575757575
11_3,FERNANDO DE LA MORA,CENTRAL,2006,39,102,10394,26038,80890,2,3,23,23,29,30,32,33,39,0.38235294117647056,0.39918580536139486,0.3218939300284337,11.300845486011998,0,0.6666666666666666,0.22549019607843138,0.22549019607843138,0.28431372549019607,0.29411764705882354,0.3137254901960784,0.3235294117647059,0.38235294117647056
11_3,FERNANDO DE LA MORA,CENTRAL,2010,55,144,10232,22583,83681,1,7,33,39,42,46,50,51,55,0.3819444444444444,0.4530841783642563,0.2698701019347283,11.334767229514153,1,0.14285714285714285,0.22916666666666666,0.2708333333333333,0.2916666666666667,0.3194444444444444,0.3472222222222222,0.3541666666666667,0.3819444444444444
11_31,VILLETA,CENTRAL,2006,13,60,2241,3811,13395,0,2,7,9,10,10,11,11,13,0.21666666666666667,0.5880346365783259,0.2845091452034341,9.502636781978708,0,0,0.11666666666666667,0.15,0.16666666666666666,0.16666666666666666,0.18333333333333332,0.18333333333333332,0.21666666666666667
11_31,VILLETA,CENTRAL,2010,24,72,2740,3859,14679,0,4,13,14,15,18,19,23,24,0.3333333333333333,0.710028504793988,0.26289256761359764,9.594173179957233,1,0,0.18055555555555555,0.19444444444444445,0.20833333333333334,0.25,0.2638888888888889,0.3194444444444444,0.3333333333333333
11_33,YPACARAI,CENTRAL,2006,16,47,2008,3165,11557,1,3,6,8,10,10,12,13,16,0.3404255319148936,0.6344391785150079,0.27385999826944707,9.355046592975441,0,0.3333333333333333,0.1276595744680851,0.1702127659574468,0.2127659574468085,0.2127659574468085,0.2553191489361702,0.2765957446808511,0.3404255319148936
11_33,YPACARAI,CENTRAL,2010,20,48,1889,2917,12221,1,3,8,11,12,14,15,17,20,0.4166666666666667,0.6475831333561879,0.23868750511414777,9.410911062438,1,0.3333333333333333,0.16666666666666666,0.22916666666666666,0.25,0.2916666666666667,0.3125,0.3541666666666667,0.4166666666666667
11_35,YPANE,CENTRAL,2006,32,83,2094,4210,13154,1,4,17,20,22,24,26,28,32,0.3855421686746988,0.4973871733966746,0.32005473620191577,9.484481173861296,0,0.25,0.20481927710843373,0.24096385542168675,0.26506024096385544,0.2891566265060241,0.3132530120481928,0.3373493975903614,0.3855421686746988
11_35,YPANE,CENTRAL,2010,49,120,2242,4280,16426,2,6,18,24,26,32,38,43,49,0.4083333333333333,0.5238317757009345,0.2605625228296603,9.706620724300137,1,0.3333333333333333,0.15,0.2,0.21666666666666667,0.26666666666666666,0.31666666666666665,0.35833333333333334,0.4083333333333333
11_5,GUARAMBARE,CENTRAL,2006,10,47,1721,3152,10292,1,3,3,4,4,6,8,9,10,0.2127659574468085,0.546002538071066,0.3062572872133696,9.239122173401634,0,0.3333333333333333,0.06382978723404255,0.0851063829787234,0.0851063829787234,0.1276595744680851,0.1702127659574468,0.19148936170212766,0.2127659574468085
11_5,GUARAMBARE,CENTRAL,2010,27,72,2058,3263,11621,1,4,20,21,21,22,23,25,27,0.375,0.6307079374808459,0.2807847861629808,9.360569085222874,1,0.25,0.2777777777777778,0.2916666666666667,0.2916666666666667,0.3055555555555556,0.3194444444444444,0.3472222222222222,0.375
11_7,ITA,CENTRAL,2006,29,78,4135,9040,30062,0,3,19,21,22,22,23,26,29,0.3717948717948718,0.45741150442477874,0.30071186215155343,10.311017194693171,0,0,0.24358974358974358,0.2692307692307692,0.28205128205128205,0.28205128205128205,0.2948717948717949,0.3333333333333333,0.3717948717948718
11_7,ITA,CENTRAL,2010,34,96,5142,8700,33089,1,5,18,22,23,26,29,33,34,0.3541666666666667,0.5910344827586207,0.26292725679228746,10.40695617984855,1,0.2,0.1875,0.22916666666666666,0.23958333333333334,0.2708333333333333,0.3020833333333333,0.34375,0.3541666666666667
11_9,ITAUGUA,CENTRAL,2006,28,84,3298,8020,30356,0,3,16,18,19,22,23,25,28,0.3333333333333333,0.4112219451371571,0.2641981815786006,10.320749470523804,0,0,0.19047619047619047,0.21428571428571427,0.2261904761904762,0.2619047619047619,0.27380952380952384,0.2976190476190476,0.3333333333333333
11_9,ITAUGUA,CENTRAL,2010,37,120,3638,7807,33136,1,5,25,25,25,30,32,35,37,0.30833333333333335,0.46599205840912,0.2356047802993723,10.408375583635365,1,0.2,0.20833333333333334,0.20833333333333334,0.20833333333333334,0.25,0.26666666666666666,0.2916666666666667,0.30833333333333335
12_0,PILAR,ÑEEMBUCU,2006,18,72,2786,5084,18055,1,2,8,8,10,12,14,16,18,0.25,0.547993705743509,0.28158404873996123,9.801177933711559,0,0.5,0.1111111111111111,0.1111111111111111,0.1388888888888889,0.16666666666666666,0.19444444444444445,0.2222222222222222,0.25
12_0,PILAR,ÑEEMBUCU,2010,35,96,2851,4618,19031,1,4,16,19,26,30,32,32,35,0.3645833333333333,0.6173668254655695,0.24265671798644317,9.853824507517027,1,0.25,0.16666666666666666,0.19791666666666666,0.2708333333333333,0.3125,0.3333333333333333,0.3333333333333333,0.3645833333333333
12_1,ALBERDI,ÑEEMBUCU,2006,16,43,901,1180,4804,1,5,4,8,12,12,14,16,16,0.37209302325581395,0.7635593220338983,0.2456286427976686,8.477204183199873,0,0.2,0.09302325581395349,0.18604651162790697,0.27906976744186046,0.27906976744186046,0.32558139534883723,0.37209302325581395,0.37209302325581395
12_1,ALBERDI,ÑEEMBUCU,2010,19,45,834,1112,5130,0,4,10,11,11,13,13,14,19,0.4222222222222222,0.75,0.21676413255360624,8.542860938164814,1,0,0.2222222222222222,0.24444444444444444,0.24444444444444444,0.28888888888888886,0.28888888888888886,0.3111111111111111,0.4222222222222222
12_11,HUMAITA,ÑEEMBUCU,2006,7,24,265,553,2011,1,2,4,4,5,5,5,5,7,0.2916666666666667,0.47920433996383366,0.27498756837394334,7.606387389772652,0,0.5,0.16666666666666666,0.16666666666666666,0.20833333333333334,0.20833333333333334,0.20833333333333334,0.20833333333333334,0.2916666666666667
12_11,HUMAITA,ÑEEMBUCU,2010,23,48,331,528,2104,3,3,15,17,18,20,21,22,23,0.4791666666666667,0.6268939393939394,0.2509505703422053,7.651595573857601,1,1,0.3125,0.3541666666666667,0.375,0.4166666666666667,0.4375,0.4583333333333333,0.4791666666666667
12_13,ISLA UMBU,ÑEEMBUCU,2006,9,30,297,452,1882,1,3,5,6,7,8,8,9,9,0.3,0.6570796460176991,0.24017003188097769,7.540090320145325,0,0.3333333333333333,0.16666666666666666,0.2,0.23333333333333334,0.26666666666666666,0.26666666666666666,0.3,0.3
12_13,ISLA UMBU,ÑEEMBUCU,2010,16,36,360,473,2064,2,3,10,12,14,16,16,16,16,0.4444444444444444,0.7610993657505285,0.22916666666666666,7.6324011266014535,1,0.6666666666666666,0.2777777777777778,0.3333333333333333,0.3888888888888889,0.4444444444444444,0.4444444444444444,0.4444444444444444,0.4444444444444444
12_15,LAURELES,ÑEEMBUCU,2006,14,32,190,451,2123,0,2,6,6,9,9,12,12,14,0.4375,0.4212860310421286,0.21243523316062177,7.660585461703256,0,0,0.1875,0.1875,0.28125,0.28125,0.375,0.375,0.4375
12_15,LAURELES,ÑEEMBUCU,2010,16,48,238,419,2250,1,2,10,11,13,13,15,15,16,0.3333333333333333,0.568019093078759,0.18622222222222223,7.718685495198466,1,0.5,0.20833333333333334,0.22916666666666666,0.2708333333333333,0.2708333333333333,0.3125,0.3125,0.3333333333333333
12_17,MAYOR JOSE DEJESUS MARTINEZ,ÑEEMBUCU,2006,8,36,414,788,2687,1,2,3,4,5,6,6,7,8,0.2222222222222222,0.5253807106598984,0.2932638630442873,7.8961806086154915,0,0.5,0.08333333333333333,0.1111111111111111,0.1388888888888889,0.16666666666666666,0.16666666666666666,0.19444444444444445,0.2222222222222222
12_17,MAYOR JOSE DEJESUS MARTINEZ,ÑEEMBUCU,2010,23,60,478,808,2900,2,4,11,14,16,17,19,20,23,0.38333333333333336,0.5915841584158416,0.2786206896551724,7.9724660159745655,1,0.5,0.18333333333333332,0.23333333333333334,0.26666666666666666,0.2833333333333333,0.31666666666666665,0.3333333333333333,0.38333333333333336
12_19,PASO DE PATRIA,ÑEEMBUCU,2006,12,36,172,306,1103,0,3,6,7,9,9,9,11,12,0.3333333333333333,0.5620915032679739,0.2774252039891206,7.005789019253503,0,0,0.16666666666666666,0.19444444444444445,0.25,0.25,0.25,0.3055555555555556,0.3333333333333333
12_19,PASO DE PATRIA,ÑEEMBUCU,2010,8,27,230,341,1269,1,3,5,5,6,7,7,7,8,0.2962962962962963,0.6744868035190615,0.26871552403467297,7.1459844677143876,1,0.3333333333333333,0.18518518518518517,0.18518518518518517,0.2222222222222222,0.25925925925925924,0.25925925925925924,0.25925925925925924,0.2962962962962963
12_21,SAN JUAN BAUTISTA,ÑEEMBUCU,2006,8,26,467,907,3287,0,2,4,4,5,6,6,8,8,0.3076923076923077,0.5148842337375965,0.275935503498631,8.097730573664219,0,0,0.15384615384615385,0.15384615384615385,0.19230769230769232,0.23076923076923078,0.23076923076923078,0.3076923076923077,0.3076923076923077
12_21,SAN JUAN BAUTISTA,ÑEEMBUCU,2010,9,27,495,924,3524,0,3,4,5,6,6,7,8,9,0.3333333333333333,0.5357142857142857,0.26220204313280365,8.16735198705607,1,0,0.14814814814814814,0.18518518518518517,0.2222222222222222,0.2222222222222222,0.25925925925925924,0.2962962962962963,0.3333333333333333
12_23,TACUARAS,ÑEEMBUCU,2006,11,26,233,483,1793,0,3,6,6,6,9,9,10,11,0.4230769230769231,0.4824016563146998,0.2693809258226436,7.491645473605133,0,0,0.23076923076923078,0.23076923076923078,0.23076923076923078,0.34615384615384615,0.34615384615384615,0.38461538461538464,0.4230769230769231
12_23,TACUARAS,ÑEEMBUCU,2010,14,36,282,540,2071,0,3,4,6,7,9,12,14,14,0.3888888888888889,0.5222222222222223,0.2607436021245775,7.635786861395585,1,0,0.1111111111111111,0.16666666666666666,0.19444444444444445,0.25,0.3333333333333333,0.3888888888888889,0.3888888888888889
12_25,VILLA FRANCA,ÑEEMBUCU,2006,5,18,104,177,706,0,2,2,3,3,4,4,4,5,0.2777777777777778,0.5875706214689266,0.2507082152974504,6.559615237493242,0,0,0.1111111111111111,0.16666666666666666,0.16666666666666666,0.2222222222222222,0.2222222222222222,0.2222222222222222,0.2777777777777778
12_25,VILLA FRANCA,ÑEEMBUCU,2010,12,36,170,197,794,1,2,6,6,9,11,12,12,12,0.3333333333333333,0.8629441624365483,0.24811083123425692,6.677083461247136,1,0.5,0.16666666666666666,0.16666666666666666,0.25,0.3055555555555556,0.3333333333333333,0.3333333333333333,0.3333333333333333
12_27,VILLA OLIVA,ÑEEMBUCU,2006,4,18,264,416,1879,1,2,1,1,2,2,2,4,4,0.2222222222222222,0.6346153846153846,0.22139435870143692,7.538494999413465,0,0.5,0.05555555555555555,0.05555555555555555,0.1111111111111111,0.1111111111111111,0.1111111111111111,0.2222222222222222,0.2222222222222222
12_27,VILLA OLIVA,ÑEEMBUCU,2010,10,27,385,506,2147,2,3,6,6,7,8,9,10,10,0.37037037037037035,0.7608695652173914,0.23567768979972054,7.671826797878781,1,0.6666666666666666,0.2222222222222222,0.2222222222222222,0.25925925925925924,0.2962962962962963,0.3333333333333333,0.37037037037037035,0.37037037037037035
12_29,VILLALBIN,ÑEEMBUCU,2006,10,36,132,408,1420,0,2,4,6,6,8,8,10,10,0.2777777777777778,0.3235294117647059,0.28732394366197184,7.258412150595307,0,0,0.1111111111111111,0.16666666666666666,0.16666666666666666,0.2222222222222222,0.2222222222222222,0.2777777777777778,0.2777777777777778
12_29,VILLALBIN,ÑEEMBUCU,2010,9,36,238,419,1550,1,3,6,6,7,7,7,9,9,0.25,0.568019093078759,0.2703225806451613,7.346010209913293,1,0.3333333333333333,0.16666666666666666,0.16666666666666666,0.19444444444444445,0.19444444444444445,0.19444444444444445,0.25,0.25
12_3,CERRITO,ÑEEMBUCU,2006,8,47,343,684,2663,0,2,4,4,5,5,5,7,8,0.1702127659574468,0.5014619883040936,0.2568531731130304,7.887208585813932,0,0,0.0851063829787234,0.0851063829787234,0.10638297872340426,0.10638297872340426,0.10638297872340426,0.14893617021276595,0.1702127659574468
12_3,CERRITO,ÑEEMBUCU,2010,12,36,459,767,3031,1,3,7,8,8,8,9,9,12,0.3333333333333333,0.5984354628422425,0.2530517980864401,8.016647877057803,1,0.3333333333333333,0.19444444444444445,0.2222222222222222,0.2222222222222222,0.2222222222222222,0.25,0.25,0.3333333333333333
12_5,DESMOCHADOS,ÑEEMBUCU,2006,11,31,150,264,1112,0,3,5,6,7,7,9,10,11,0.3548387096774194,0.5681818181818182,0.23741007194244604,7.013915474810528,0,0,0.16129032258064516,0.1935483870967742,0.22580645161290322,0.22580645161290322,0.2903225806451613,0.3225806451612903,0.3548387096774194
12_5,DESMOCHADOS,ÑEEMBUCU,2010,9,36,162,281,1246,1,3,5,8,9,9,9,9,9,0.25,0.5765124555160143,0.22552166934189405,7.1276936993473985,1,0.3333333333333333,0.1388888888888889,0.2222222222222222,0.25,0.25,0.25,0.25,0.25
12_7,GENERAL JOSE EDUVIGIS DIAZ,ÑEEMBUCU,2006,6,36,306,674,2519,1,3,1,2,2,3,5,5,6,0.16666666666666666,0.4540059347181009,0.26756649464073046,7.831617276352611,0,0.3333333333333333,0.027777777777777776,0.05555555555555555,0.05555555555555555,0.08333333333333333,0.1388888888888889,0.1388888888888889,0.16666666666666666
12_7,GENERAL JOSE EDUVIGIS DIAZ,ÑEEMBUCU,2010,21,60,339,615,2684,1,5,10,14,16,17,19,20,21,0.35,0.551219512195122,0.2291356184798808,7.895063498091573,1,0.2,0.16666666666666666,0.23333333333333334,0.26666666666666666,0.2833333333333333,0.31666666666666665,0.3333333333333333,0.35
12_9,GUAZU CUA,ÑEEMBUCU,2006,6,18,93,309,1222,0,1,4,4,4,5,6,6,6,0.3333333333333333,0.30097087378640774,0.2528641571194763,7.108244139731541,0,0,0.2222222222222222,0.2222222222222222,0.2222222222222222,0.2777777777777778,0.3333333333333333,0.3333333333333333,0.3333333333333333
12_9,GUAZU CUA,ÑEEMBUCU,2010,10,27,184,289,1260,1,3,4,4,6,7,7,7,10,0.37037037037037035,0.6366782006920415,0.22936507936507936,7.138866999945524,1,0.3333333333333333,0.14814814814814814,0.14814814814814814,0.2222222222222222,0.25925925925925924,0.25925925925925924,0.25925925925925924,0.37037037037037035
13_0,PEDRO JUAN CABALLERO,AMAMBAY,2006,21,84,5709,11466,42521,1,5,9,12,13,16,18,19,21,0.25,0.4979068550497122,0.2696549940029632,10.657753350523642,0,0.2,0.10714285714285714,0.14285714285714285,0.15476190476190477,0.19047619047619047,0.21428571428571427,0.2261904761904762,0.25
13_0,PEDRO JUAN CABALLERO,AMAMBAY,2010,37,107,5875,12373,48365,1,3,16,20,23,27,29,33,37,0.34579439252336447,0.4748242140143862,0.25582549364209656,10.786531690616647,1,0.3333333333333333,0.14953271028037382,0.18691588785046728,0.21495327102803738,0.2523364485981308,0.27102803738317754,0.308411214953271,0.34579439252336447
13_1,BELLA VISTA,AMAMBAY,2006,15,48,759,1280,5396,0,3,9,9,10,11,14,15,15,0.3125,0.59296875,0.23721275018532245,8.593413217327646,0,0,0.1875,0.1875,0.20833333333333334,0.22916666666666666,0.2916666666666667,0.3125,0.3125
13_1,BELLA VISTA,AMAMBAY,2010,21,48,727,1126,5826,1,3,9,11,14,16,20,21,21,0.4375,0.6456483126110124,0.19327154136628905,8.67008593751938,1,0.3333333333333333,0.1875,0.22916666666666666,0.2916666666666667,0.3333333333333333,0.4166666666666667,0.4375,0.4375
13_3,CAPITAN BADO,AMAMBAY,2006,12,36,1182,2028,7766,0,2,6,6,7,7,9,10,12,0.3333333333333333,0.5828402366863905,0.26113829513262943,8.957510510291613,0,0,0.16666666666666666,0.16666666666666666,0.19444444444444445,0.19444444444444445,0.25,0.2777777777777778,0.3333333333333333
13_3,CAPITAN BADO,AMAMBAY,2010,20,48,1251,1880,8642,0,3,10,11,12,13,15,18,20,0.4166666666666667,0.6654255319148936,0.21754223559361258,9.064389316491878,1,0,0.20833333333333334,0.22916666666666666,0.25,0.2708333333333333,0.3125,0.375,0.4166666666666667
14_0,SALTO DEL GUAIRA,CANINDEYU,2006,10,24,1180,1812,5182,0,2,3,4,6,8,9,10,10,0.4166666666666667,0.6512141280353201,0.34967194133539176,8.552946361122055,0,0,0.125,0.16666666666666666,0.25,0.3333333333333333,0.375,0.4166666666666667,0.4166666666666667
14_0,SALTO DEL GUAIRA,CANINDEYU,2010,20,59,1898,2743,7890,1,2,8,10,12,13,14,15,20,0.3389830508474576,0.6919431279620853,0.3476552598225602,8.97335141383992,1,0.5,0.13559322033898305,0.1694915254237288,0.2033898305084746,0.22033898305084745,0.23728813559322035,0.2542372881355932,0.3389830508474576
14_1,CORPUS CHRISTI,CANINDEYU,2006,16,48,1184,2492,7714,1,2,9,10,11,13,14,14,16,0.3333333333333333,0.4751203852327448,0.32304900181488205,8.950792138768174,0,0.5,0.1875,0.20833333333333334,0.22916666666666666,0.2708333333333333,0.2916666666666667,0.2916666666666667,0.3333333333333333
14_1,CORPUS CHRISTI,CANINDEYU,2010,17,59,1554,2571,8862,3,4,10,12,13,14,14,16,17,0.288135593220339,0.6044340723453909,0.29011509817197023,9.089527751759436,1,0.75,0.1694915254237288,0.2033898305084746,0.22033898305084745,0.23728813559322035,0.23728813559322035,0.2711864406779661,0.288135593220339
14_13,SAN ISIDRO DEL CURUGUATY,CANINDEYU,2006,27,72,2374,5003,15918,1,6,10,10,12,16,19,25,27,0.375,0.4745152908255047,0.3142982786782259,9.675205823365795,0,0.16666666666666666,0.1388888888888889,0.1388888888888889,0.16666666666666666,0.2222222222222222,0.2638888888888889,0.3472222222222222,0.375
14_13,SAN ISIDRO DEL CURUGUATY,CANINDEYU,2010,29,80,2215,5856,19598,3,6,18,21,22,24,24,29,29,0.3625,0.3782445355191257,0.2988060006123074,9.883182799195763,1,0.5,0.225,0.2625,0.275,0.3,0.3,0.3625,0.3625
14_15,VILLA YGATIMI,CANINDEYU,2006,13,36,1167,1978,6016,0,3,8,8,9,10,12,12,13,0.3611111111111111,0.589989888776542,0.32878989361702127,8.702177865629675,0,0,0.2222222222222222,0.2222222222222222,0.25,0.2777777777777778,0.3333333333333333,0.3333333333333333,0.3611111111111111
14_15,VILLA YGATIMI,CANINDEYU,2010,9,36,1214,2133,7092,0,4,5,5,6,7,7,8,9,0.25,0.5691514299109236,0.30076142131979694,8.866722667194098,1,0,0.1388888888888889,0.1388888888888889,0.16666666666666666,0.19444444444444445,0.19444444444444445,0.2222222222222222,0.25
14_16,YASY CAÑY,CANINDEYU,2006,17,45,1164,2613,8717,1,5,10,12,15,16,16,17,17,0.37777777777777777,0.4454649827784156,0.299759091430538,9.073030421011577,0,0.2,0.2222222222222222,0.26666666666666666,0.3333333333333333,0.35555555555555557,0.35555555555555557,0.37777777777777777,0.37777777777777777
14_16,YASY CAÑY,CANINDEYU,2010,16,45,1443,2977,10463,1,4,8,9,9,11,13,16,16,0.35555555555555557,0.4847161572052402,0.2845264264551276,9.255600503381046,1,0.25,0.17777777777777778,0.2,0.2,0.24444444444444444,0.28888888888888886,0.35555555555555557,0.35555555555555557
14_17,YPEJHU,CANINDEYU,2006,16,36,284,704,2545,2,4,4,9,13,14,15,15,16,0.4444444444444444,0.4034090909090909,0.27662082514734776,7.841885928984623,0,0.5,0.1111111111111111,0.25,0.3611111111111111,0.3888888888888889,0.4166666666666667,0.4166666666666667,0.4444444444444444
14_17,YPEJHU,CANINDEYU,2010,20,45,476,813,3440,2,5,10,11,13,15,16,19,20,0.4444444444444444,0.5854858548585485,0.23633720930232557,8.143226750367445,1,0.4,0.2222222222222222,0.24444444444444444,0.28888888888888886,0.3333333333333333,0.35555555555555557,0.4222222222222222,0.4444444444444444
14_5,ITANARA,CANINDEYU,2006,10,27,52,259,780,2,3,3,3,5,7,7,9,10,0.37037037037037035,0.20077220077220076,0.33205128205128204,6.659293919683638,0,0.6666666666666666,0.1111111111111111,0.1111111111111111,0.18518518518518517,0.25925925925925924,0.25925925925925924,0.3333333333333333,0.37037037037037035
14_5,ITANARA,CANINDEYU,2010,8,27,235,295,918,2,3,7,7,7,7,7,7,8,0.2962962962962963,0.7966101694915254,0.3213507625272331,6.822197390620491,1,0.6666666666666666,0.25925925925925924,0.25925925925925924,0.25925925925925924,0.25925925925925924,0.25925925925925924,0.25925925925925924,0.2962962962962963
14_7,KATUETE,CANINDEYU,2006,14,36,577,893,2393,0,3,6,6,6,9,11,13,14,0.3888888888888889,0.6461366181410975,0.37317175094024235,7.780303087908373,0,0,0.16666666666666666,0.16666666666666666,0.16666666666666666,0.25,0.3055555555555556,0.3611111111111111,0.3888888888888889
14_7,KATUETE,CANINDEYU,2010,40,81,514,1153,3284,1,4,16,24,29,32,34,38,40,0.49382716049382713,0.4457935819601041,0.3510962241169306,8.096817470572319,1,0.25,0.19753086419753085,0.2962962962962963,0.35802469135802467,0.3950617283950617,0.41975308641975306,0.4691358024691358,0.49382716049382713
14_9,LA PALOMA,CANINDEYU,2006,13,36,683,939,2635,0,2,6,6,8,8,9,10,13,0.3611111111111111,0.7273695420660277,0.3563567362428843,7.876638460975463,0,0,0.16666666666666666,0.16666666666666666,0.2222222222222222,0.2222222222222222,0.25,0.2777777777777778,0.3611111111111111
14_9,LA PALOMA,CANINDEYU,2010,21,48,646,937,3108,0,3,10,12,13,17,18,19,21,0.4375,0.6894343649946638,0.30148005148005147,8.041734711487537,1,0,0.20833333333333334,0.25,0.2708333333333333,0.3541666666666667,0.375,0.3958333333333333,0.4375
15_0,VILLA HAYES,PDTE. HAYES,2006,33,96,2269,5271,20233,0,4,12,15,22,24,27,32,33,0.34375,0.43046860178334284,0.26051500024712104,9.915070213779195,0,0,0.125,0.15625,0.22916666666666666,0.25,0.28125,0.3333333333333333,0.34375
15_0,VILLA HAYES,PDTE. HAYES,2010,104,267,3088,5411,23376,0,10,60,69,76,79,85,98,104,0.3895131086142322,0.5706893365366845,0.23147672826830937,10.05946513399048,1,0,0.2247191011235955,0.25842696629213485,0.2846441947565543,0.2958801498127341,0.31835205992509363,0.36704119850187267,0.3895131086142322
15_1,BENJAMIN ACEVAL,PDTE. HAYES,2006,24,72,1472,2600,8855,0,3,14,16,18,19,20,23,24,0.3333333333333333,0.5661538461538461,0.29361942405420666,9.088737550216933,0,0,0.19444444444444445,0.2222222222222222,0.25,0.2638888888888889,0.2777777777777778,0.3194444444444444,0.3333333333333333
15_1,BENJAMIN ACEVAL,PDTE. HAYES,2010,47,108,1676,2527,9429,1,5,26,32,37,41,44,46,47,0.4351851851851852,0.6632370399683419,0.2680029695619896,9.151545325465678,1,0.2,0.24074074074074073,0.2962962962962963,0.3425925925925926,0.37962962962962965,0.4074074074074074,0.42592592592592593,0.4351851851851852
15_3,JOSE FALCON,PDTE. HAYES,2006,13,36,443,630,2277,1,2,8,9,10,11,12,12,13,0.3611111111111111,0.7031746031746032,0.2766798418972332,7.7306140660637395,0,0.5,0.2222222222222222,0.25,0.2777777777777778,0.3055555555555556,0.3333333333333333,0.3333333333333333,0.3611111111111111
15_3,JOSE FALCON,PDTE. HAYES,2010,28,60,478,617,2394,1,3,15,18,20,22,26,27,28,0.4666666666666667,0.7747163695299838,0.2577276524644946,7.780720886117918,1,0.3333333333333333,0.25,0.3,0.3333333333333333,0.36666666666666664,0.43333333333333335,0.45,0.4666666666666667
15_5,NANAWA,PDTE. HAYES,2006,11,36,565,865,4123,2,3,6,6,6,8,8,11,11,0.3055555555555556,0.653179190751445,0.20979869027407227,8.3243363327069,0,0.6666666666666666,0.16666666666666666,0.16666666666666666,0.16666666666666666,0.2222222222222222,0.2222222222222222,0.3055555555555556,0.3055555555555556
15_5,NANAWA,PDTE. HAYES,2010,15,36,671,875,4967,0,3,3,6,6,8,9,12,15,0.4166666666666667,0.7668571428571429,0.17616267364606403,8.51057131510735,1,0,0.08333333333333333,0.16666666666666666,0.16666666666666666,0.2222222222222222,0.25,0.3333333333333333,0.4166666666666667
15_7,PUERTO PINASCO,PDTE. HAYES,2006,7,24,179,357,1460,1,2,3,3,4,5,6,6,7,0.2916666666666667,0.5014005602240896,0.24452054794520547,7.286191714702382,0,0.5,0.125,0.125,0.16666666666666666,0.20833333333333334,0.25,0.25,0.2916666666666667
15_7,PUERTO PINASCO,PDTE. HAYES,2010,19,48,292,424,1700,1,4,11,12,13,14,18,19,19,0.3958333333333333,0.6886792452830188,0.24941176470588236,7.438383530044307,1,0.25,0.22916666666666666,0.25,0.2708333333333333,0.2916666666666667,0.375,0.3958333333333333,0.3958333333333333
15_9,TENIENTE IRALA FERNANDEZ,PDTE. HAYES,2006,8,18,241,908,6053,0,2,1,3,4,4,5,6,8,0.4444444444444444,0.2654185022026432,0.1500082603667603,8.708309295891688,0,0,0.05555555555555555,0.16666666666666666,0.2222222222222222,0.2222222222222222,0.2777777777777778,0.3333333333333333,0.4444444444444444
15_9,TENIENTE IRALA FERNANDEZ,PDTE. HAYES,2010,19,54,438,865,6829,1,6,11,15,15,17,17,18,19,0.35185185185185186,0.5063583815028901,0.12666569043783862,8.82893352896109,1,0.16666666666666666,0.2037037037037037,0.2777777777777778,0.2777777777777778,0.3148148148148148,0.3148148148148148,0.3333333333333333,0.35185185185185186
16_0,FUERTE OLIMPO,ALTO PARAGUAY,2006,10,24,348,579,2217,1,2,3,3,6,7,8,9,10,0.4166666666666667,0.6010362694300518,0.26116373477672533,7.7039102096163115,0,0.5,0.125,0.125,0.25,0.2916666666666667,0.3333333333333333,0.375,0.4166666666666667
16_0,FUERTE OLIMPO,ALTO PARAGUAY,2010,15,36,347,587,2545,0,3,5,6,7,8,10,13,15,0.4166666666666667,0.5911413969335605,0.2306483300589391,7.841885928984623,1,0,0.1388888888888889,0.16666666666666666,0.19444444444444445,0.2222222222222222,0.2777777777777778,0.3611111111111111,0.4166666666666667
16_1,PUERTO CASADO,ALTO PARAGUAY,2006,19,60,248,1066,4072,0,3,8,13,13,13,15,19,19,0.31666666666666665,0.2326454033771107,0.26178781925343814,8.311889558230359,0,0,0.13333333333333333,0.21666666666666667,0.21666666666666667,0.21666666666666667,0.25,0.31666666666666665,0.31666666666666665
16_1,PUERTO CASADO,ALTO PARAGUAY,2010,37,75,852,1154,4625,1,7,15,20,23,26,33,36,37,0.49333333333333335,0.7383015597920277,0.2495135135135135,8.439231649946526,1,0.14285714285714285,0.2,0.26666666666666666,0.30666666666666664,0.3466666666666667,0.44,0.48,0.49333333333333335
16_3,BAHIA NEGRA,ALTO PARAGUAY,2006,6,18,100,193,920,1,2,4,4,4,4,4,4,6,0.3333333333333333,0.5181347150259067,0.20978260869565218,6.824373670043086,0,0.5,0.2222222222222222,0.2222222222222222,0.2222222222222222,0.2222222222222222,0.2222222222222222,0.2222222222222222,0.3333333333333333
16_3,BAHIA NEGRA,ALTO PARAGUAY,2010,10,27,146,215,1000,1,3,5,6,8,8,8,9,10,0.37037037037037035,0.6790697674418604,0.215,6.907755278982137,1,0.3333333333333333,0.18518518518518517,0.2222222222222222,0.2962962962962963,0.2962962962962963,0.2962962962962963,0.3333333333333333,0.37037037037037035
17_0,FILADELFIA,BOQUERON,2006,12,33,437,885,4685,1,3,3,3,3,4,7,11,12,0.36363636363636365,0.4937853107344633,0.18890074706510138,8.452121194672523,0,0.3333333333333333,0.09090909090909091,0.09090909090909091,0.09090909090909091,0.12121212121212122,0.21212121212121213,0.3333333333333333,0.36363636363636365
17_0,FILADELFIA,BOQUERON,2010,12,48,531,1058,5462,0,4,5,5,8,10,11,12,12,0.25,0.501890359168242,0.19370194068106922,8.60557030203365,1,0,0.10416666666666667,0.10416666666666667,0.16666666666666666,0.20833333333333334,0.22916666666666666,0.25,0.25
17_1,LOMA PLATA,BOQUERON,2006,3,27,148,664,5411,0,3,0,0,1,1,2,3,3,0.1111111111111111,0.22289156626506024,0.12271299205322492,8.596189197642735,0,0,0,0,0.037037037037037035,0.037037037037037035,0.07407407407407407,0.1111111111111111,0.1111111111111111
17_1,LOMA PLATA,BOQUERON,2010,8,36,302,725,6203,0,2,4,4,5,5,7,7,8,0.2222222222222222,0.416551724137931,0.11687892955021764,8.732788324973118,1,0,0.1111111111111111,0.1111111111111111,0.1388888888888889,0.1388888888888889,0.19444444444444445,0.19444444444444445,0.2222222222222222
17_3,MARISCAL JOSE FELIX ESTIGARRIBIA,BOQUERON,2006,17,48,675,1392,6770,2,4,9,10,11,12,15,16,17,0.3541666666666667,0.4849137931034483,0.20561299852289514,8.820256365906321,0,0.5,0.1875,0.20833333333333334,0.22916666666666666,0.25,0.3125,0.3333333333333333,0.3541666666666667
17_3,MARISCAL JOSE FELIX ESTIGARRIBIA,BOQUERON,2010,22,60,1141,1914,8785,1,5,7,8,10,13,16,20,22,0.36666666666666664,0.5961337513061651,0.21787137165623222,9.080801000621198,1,0.2,0.11666666666666667,0.13333333333333333,0.16666666666666666,0.21666666666666667,0.26666666666666666,0.3333333333333333,0.36666666666666664
1_0,CONCEPCION,CONCEPCION,2006,24,72,4718,12681,41592,0,3,9,11,13,15,17,20,24,0.3333333333333333,0.37205267723365665,0.3048903635314484,10.635663120063551,0,0,0.125,0.1527777777777778,0.18055555555555555,0.20833333333333334,0.2361111111111111,0.2777777777777778,0.3333333333333333
1_0,CONCEPCION,CONCEPCION,2010,25,78,5019,12209,45053,2,5,15,17,20,21,22,23,25,0.32051282051282054,0.4110901793758703,0.27099194282289746,10.715594853494096,1,0.4,0.19230769230769232,0.21794871794871795,0.2564102564102564,0.2692307692307692,0.28205128205128205,0.2948717948717949,0.32051282051282054
1_1,BELEN,CONCEPCION,2006,6,36,704,1661,5034,2,3,2,3,3,4,5,5,6,0.16666666666666666,0.423841059602649,0.32995629717918157,8.523970175695261,0,0.6666666666666666,0.05555555555555555,0.08333333333333333,0.08333333333333333,0.1111111111111111,0.1388888888888889,0.1388888888888889,0.16666666666666666
1_1,BELEN,CONCEPCION,2010,17,27,872,1807,5785,1,3,11,15,15,15,15,15,17,0.6296296296296297,0.4825677919203099,0.31235955056179776,8.663023639627777,1,0.3333333333333333,0.4074074074074074,0.5555555555555556,0.5555555555555556,0.5555555555555556,0.5555555555555556,0.5555555555555556,0.6296296296296297
1_3,HORQUETA,CONCEPCION,2006,25,72,3811,9103,27222,2,5,9,10,14,17,20,23,25,0.3472222222222222,0.41865319125563,0.3343986481522298,10.21178074889202,0,0.4,0.125,0.1388888888888889,0.19444444444444445,0.2361111111111111,0.2777777777777778,0.3194444444444444,0.3472222222222222
1_3,HORQUETA,CONCEPCION,2010,43,108,3989,7760,28381,2,9,30,34,36,38,39,40,43,0.39814814814814814,0.5140463917525773,0.27342236002959724,10.253475186175006,1,0.2222222222222222,0.2777777777777778,0.3148148148148148,0.3333333333333333,0.35185185185185186,0.3611111111111111,0.37037037037037035,0.39814814814814814
1_5,LORETO,CONCEPCION,2006,8,27,1009,2312,7381,1,2,5,6,6,6,6,8,8,0.2962962962962963,0.43641868512110726,0.31323668879555616,8.906664409770052,0,0.5,0.18518518518518517,0.2222222222222222,0.2222222222222222,0.2222222222222222,0.2222222222222222,0.2962962962962963,0.2962962962962963
1_5,LORETO,CONCEPCION,2010,17,36,1394,2590,8442,0,3,8,12,12,13,16,16,17,0.4722222222222222,0.5382239382239382,0.3067993366500829,9.040974526342444,1,0,0.2222222222222222,0.3333333333333333,0.3333333333333333,0.3611111111111111,0.4444444444444444,0.4444444444444444,0.4722222222222222
1_7,SAN LAZARO,CONCEPCION,2006,10,36,959,1638,5414,1,3,4,5,6,7,9,9,10,0.2777777777777778,0.5854700854700855,0.30254894717399333,8.596743470174246,0,0.3333333333333333,0.1111111111111111,0.1388888888888889,0.16666666666666666,0.19444444444444445,0.25,0.25,0.2777777777777778
1_7,SAN LAZARO,CONCEPCION,2010,21,45,868,1355,5477,0,3,15,16,17,17,19,20,21,0.4666666666666667,0.640590405904059,0.24739821069928794,8.608312784783722,1,0,0.3333333333333333,0.35555555555555557,0.37777777777777777,0.37777777777777777,0.4222222222222222,0.4444444444444444,0.4666666666666667
1_9,YBY YAU,CONCEPCION,2006,18,47,1363,3058,9373,1,3,11,11,12,13,16,18,18,0.3829787234042553,0.4457161543492479,0.32625626800384083,9.145588494746486,0,0.3333333333333333,0.23404255319148937,0.23404255319148937,0.2553191489361702,0.2765957446808511,0.3404255319148936,0.3829787234042553,0.3829787234042553
1_9,YBY YAU,CONCEPCION,2010,24,63,1384,2808,10205,2,4,15,19,20,21,22,22,24,0.38095238095238093,0.4928774928774929,0.2751592356687898,9.230633075243945,1,0.5,0.23809523809523808,0.30158730158730157,0.31746031746031744,0.3333333333333333,0.3492063492063492,0.3492063492063492,0.38095238095238093
2_0,SAN PEDRO DEL YCUAMANDIYU,SAN PEDRO,2006,14,48,2667,5027,16349,0,4,6,7,9,9,10,11,14,0.2916666666666667,0.5305351104038194,0.30748057985197874,9.701922012375412,0,0,0.125,0.14583333333333334,0.1875,0.1875,0.20833333333333334,0.22916666666666666,0.2916666666666667
2_0,SAN PEDRO DEL YCUAMANDIYU,SAN PEDRO,2010,16,59,2103,4405,17062,0,4,8,11,13,14,15,16,16,0.2711864406779661,0.4774120317820658,0.2581760637674364,9.74460904746864,1,0,0.13559322033898305,0.1864406779661017,0.22033898305084745,0.23728813559322035,0.2542372881355932,0.2711864406779661,0.2711864406779661
2_1,25 DE DICIEMBRE,SAN PEDRO,2006,10,45,689,1279,4713,1,5,3,3,4,5,8,9,10,0.2222222222222222,0.5387021110242377,0.27137704222363673,8.45807992692373,0,0.2,0.06666666666666667,0.06666666666666667,0.08888888888888889,0.1111111111111111,0.17777777777777778,0.2,0.2222222222222222
2_1,25 DE DICIEMBRE,SAN PEDRO,2010,18,43,1010,1713,5877,0,5,8,10,10,10,14,15,18,0.4186046511627907,0.5896088733216579,0.29147524247064827,8.678801706612651,1,0,0.18604651162790697,0.23255813953488372,0.23255813953488372,0.23255813953488372,0.32558139534883723,0.3488372093023256,0.4186046511627907
2_11,GENERAL FRANCISCO ISIDORO RESQUIN,SAN PEDRO,2006,11,48,1492,2843,9721,2,4,5,7,8,10,10,11,11,0.22916666666666666,0.5247977488568414,0.2924596234955252,9.18204377282107,0,0.5,0.10416666666666667,0.14583333333333334,0.16666666666666666,0.20833333333333334,0.20833333333333334,0.22916666666666666,0.22916666666666666
2_11,GENERAL FRANCISCO ISIDORO RESQUIN,SAN PEDRO,2010,22,60,1670,3222,11056,1,5,10,12,15,17,20,20,22,0.36666666666666664,0.5183116076970825,0.29142547033285093,9.310728546007452,1,0.2,0.16666666666666666,0.2,0.25,0.2833333333333333,0.3333333333333333,0.3333333333333333,0.36666666666666664
2_13,GUAJAYVI,SAN PEDRO,2006,12,48,1467,3626,12291,1,3,7,8,10,10,11,11,12,0.25,0.40457804743519027,0.29501261085347,9.416622566214981,0,0.3333333333333333,0.14583333333333334,0.16666666666666666,0.20833333333333334,0.20833333333333334,0.22916666666666666,0.22916666666666666,0.25
2_13,GUAJAYVI,SAN PEDRO,2010,24,72,1697,3702,14028,3,6,14,16,16,17,20,23,24,0.3333333333333333,0.4584008643976229,0.26390076988879385,9.548810611260068,1,0.5,0.19444444444444445,0.2222222222222222,0.2222222222222222,0.2361111111111111,0.2777777777777778,0.3194444444444444,0.3333333333333333
2_15,ITACURUBI DEL ROSARIO,SAN PEDRO,2006,12,36,557,1521,6564,0,2,5,7,7,10,10,10,12,0.3333333333333333,0.36620644312952005,0.2317184643510055,8.789355452209982,0,0,0.1388888888888889,0.19444444444444445,0.19444444444444445,0.2777777777777778,0.2777777777777778,0.2777777777777778,0.3333333333333333
2_15,ITACURUBI DEL ROSARIO,SAN PEDRO,2010,18,36,645,1500,6928,1,3,9,9,12,14,14,14,18,0.5,0.43,0.21651270207852194,8.843326450242271,1,0.3333333333333333,0.25,0.25,0.3333333333333333,0.3888888888888889,0.3888888888888889,0.3888888888888889,0.5
2_17,LIMA,SAN PEDRO,2006,10,36,583,1249,4749,0,3,4,5,6,8,9,10,10,0.2777777777777778,0.466773418734988,0.26300273741840385,8.465689348549121,0,0,0.1111111111111111,0.1388888888888889,0.16666666666666666,0.2222222222222222,0.25,0.2777777777777778,0.2777777777777778
2_17,LIMA,SAN PEDRO,2010,15,54,756,1311,5277,2,5,10,14,15,15,15,15,15,0.2777777777777778,0.5766590389016019,0.24843661171119955,8.571113033405668,1,0.4,0.18518518518518517,0.25925925925925924,0.2777777777777778,0.2777777777777778,0.2777777777777778,0.2777777777777778,0.2777777777777778
2_19,NUEVA GERMANIA,SAN PEDRO,2006,12,36,417,774,2930,2,3,4,4,5,8,9,11,12,0.3333333333333333,0.5387596899224806,0.2641638225255973,7.982757702011113,0,0.6666666666666666,0.1111111111111111,0.1111111111111111,0.1388888888888889,0.2222222222222222,0.25,0.3055555555555556,0.3333333333333333
2_19,NUEVA GERMANIA,SAN PEDRO,2010,15,45,635,997,3704,1,4,8,9,11,12,13,14,15,0.3333333333333333,0.6369107321965898,0.2691684665226782,8.21716859576607,1,0.25,0.17777777777777778,0.2,0.24444444444444444,0.26666666666666666,0.28888888888888886,0.3111111111111111,0.3333333333333333
2_21,SAN ESTANISLAO,SAN PEDRO,2006,14,48,1895,5634,18857,0,4,8,9,10,11,13,14,14,0.2916666666666667,0.3363507277245296,0.29877499071962665,9.844639476726922,0,0,0.16666666666666666,0.1875,0.20833333333333334,0.22916666666666666,0.2708333333333333,0.2916666666666667,0.2916666666666667
2_21,SAN ESTANISLAO,SAN PEDRO,2010,24,84,3155,6496,22076,0,5,8,11,14,16,20,20,24,0.2857142857142857,0.4856834975369458,0.29425620583439027,10.002246324559392,1,0,0.09523809523809523,0.13095238095238096,0.16666666666666666,0.19047619047619047,0.23809523809523808,0.23809523809523808,0.2857142857142857
2_23,SAN PABLO,SAN PEDRO,2006,14,36,406,689,2172,0,4,8,9,11,12,14,14,14,0.3888888888888889,0.5892597968069666,0.31721915285451197,7.683403681053826,0,0,0.2222222222222222,0.25,0.3055555555555556,0.3333333333333333,0.3888888888888889,0.3888888888888889,0.3888888888888889
2_23,SAN PABLO,SAN PEDRO,2010,19,54,503,814,2437,2,5,8,11,12,13,16,18,19,0.35185185185185186,0.6179361179361179,0.3340172343044727,7.798523053625206,1,0.4,0.14814814814814814,0.2037037037037037,0.2222222222222222,0.24074074074074073,0.2962962962962963,0.3333333333333333,0.35185185185185186
2_24,SANTA ROSA DEL AGUARAY,SAN PEDRO,2006,10,45,1213,2809,8706,0,4,7,7,7,7,9,10,10,0.2222222222222222,0.4318262726949092,0.3226510452561452,9.071767722112243,0,0,0.15555555555555556,0.15555555555555556,0.15555555555555556,0.15555555555555556,0.2,0.2222222222222222,0.2222222222222222
2_24,SANTA ROSA DEL AGUARAY,SAN PEDRO,2010,24,84,1731,3723,12187,1,6,10,12,14,19,22,23,24,0.2857142857142857,0.4649476228847704,0.3054894559776811,9.408125088823502,1,0.16666666666666666,0.11904761904761904,0.14285714285714285,0.16666666666666666,0.2261904761904762,0.2619047619047619,0.27380952380952384,0.2857142857142857
2_25,TACUATI,SAN PEDRO,2006,9,36,501,942,3429,0,2,2,2,3,3,4,5,9,0.25,0.5318471337579618,0.2747156605424322,8.14002395246292,0,0,0.05555555555555555,0.05555555555555555,0.08333333333333333,0.08333333333333333,0.1111111111111111,0.1388888888888889,0.25
2_25,TACUATI,SAN PEDRO,2010,16,45,670,1180,4163,2,5,8,9,11,13,15,16,16,0.35555555555555557,0.5677966101694916,0.28344943550324286,8.333991247194975,1,0.4,0.17777777777777778,0.2,0.24444444444444444,0.28888888888888886,0.3333333333333333,0.35555555555555557,0.35555555555555557
2_27,UNION,SAN PEDRO,2006,7,27,513,913,3233,0,3,3,3,6,6,7,7,7,0.25925925925925924,0.5618838992332968,0.28240024744819053,8.081165777725433,0,0,0.1111111111111111,0.1111111111111111,0.2222222222222222,0.2222222222222222,0.25925925925925924,0.25925925925925924,0.25925925925925924
2_27,UNION,SAN PEDRO,2010,12,36,650,962,3544,2,4,8,10,10,12,12,12,12,0.3333333333333333,0.6756756756756757,0.2714446952595937,8.173011311724972,1,0.5,0.2222222222222222,0.2777777777777778,0.2777777777777778,0.3333333333333333,0.3333333333333333,0.3333333333333333,0.3333333333333333
2_29,VILLA DEL ROSARIO,SAN PEDRO,2006,12,36,475,1306,5740,1,3,7,8,8,8,10,12,12,0.3333333333333333,0.36370597243491576,0.22752613240418118,8.655214489313613,0,0.3333333333333333,0.19444444444444445,0.2222222222222222,0.2222222222222222,0.2222222222222222,0.2777777777777778,0.3333333333333333,0.3333333333333333
2_29,VILLA DEL ROSARIO,SAN PEDRO,2010,17,36,749,1423,6515,0,4,9,9,11,14,16,16,17,0.4722222222222222,0.5263527758257203,0.21841903300076745,8.781862489558945,1,0,0.25,0.25,0.3055555555555556,0.3888888888888889,0.4444444444444444,0.4444444444444444,0.4722222222222222
2_3,ANTEQUERA,SAN PEDRO,2006,7,27,642,995,2965,0,2,4,4,4,5,6,7,7,0.25925925925925924,0.6452261306532663,0.33558178752107926,7.994632311431825,0,0,0.14814814814814814,0.14814814814814814,0.14814814814814814,0.18518518518518517,0.2222222222222222,0.25925925925925924,0.25925925925925924
2_3,ANTEQUERA,SAN PEDRO,2010,13,36,694,961,3150,1,4,7,7,10,11,13,13,13,0.3611111111111111,0.7221644120707597,0.30507936507936506,8.055157731819678,1,0.25,0.19444444444444445,0.19444444444444445,0.2777777777777778,0.3055555555555556,0.3611111111111111,0.3611111111111111,0.3611111111111111
2_31,YATAITY DEL NORTE,SAN PEDRO,2006,6,27,999,2155,6964,1,3,2,2,2,2,3,6,6,0.2222222222222222,0.46357308584686774,0.30944859276278003,8.848509300888079,0,0.3333333333333333,0.07407407407407407,0.07407407407407407,0.07407407407407407,0.07407407407407407,0.1111111111111111,0.2222222222222222,0.2222222222222222
2_31,YATAITY DEL NORTE,SAN PEDRO,2010,15,36,1189,2164,7598,1,4,8,11,14,14,14,14,15,0.4166666666666667,0.5494454713493531,0.28481179257699396,8.935640333747571,1,0.25,0.2222222222222222,0.3055555555555556,0.3888888888888889,0.3888888888888889,0.3888888888888889,0.3888888888888889,0.4166666666666667
2_32,YRYBUCUA,SAN PEDRO,2006,8,27,632,1247,4041,0,3,5,5,5,5,8,8,8,0.2962962962962963,0.5068163592622293,0.30858698341994556,8.304247465078474,0,0,0.18518518518518517,0.18518518518518517,0.18518518518518517,0.18518518518518517,0.2962962962962963,0.2962962962962963,0.2962962962962963
2_32,YRYBUCUA,SAN PEDRO,2010,11,36,867,1661,5449,2,4,3,4,4,5,5,8,11,0.3055555555555556,0.5219747140276941,0.3048265736832446,8.603187384583098,1,0.5,0.08333333333333333,0.1111111111111111,0.1111111111111111,0.1388888888888889,0.1388888888888889,0.2222222222222222,0.3055555555555556
2_5,CAPIIBARY,SAN PEDRO,2006,22,60,2387,4544,13828,0,5,13,14,16,17,18,20,22,0.36666666666666664,0.5253080985915493,0.32860862019091697,9.534450801041515,0,0,0.21666666666666667,0.23333333333333334,0.26666666666666666,0.2833333333333333,0.3,0.3333333333333333,0.36666666666666664
2_5,CAPIIBARY,SAN PEDRO,2010,21,45,2447,4961,15823,0,5,9,11,13,18,18,19,21,0.4666666666666667,0.4932473291675066,0.3135309359792707,9.669219856718984,1,0,0.2,0.24444444444444444,0.28888888888888886,0.4,0.4,0.4222222222222222,0.4666666666666667
2_7,CHORE,SAN PEDRO,2006,14,48,1741,4308,15698,0,4,6,9,11,12,12,13,14,0.2916666666666667,0.4041318477251625,0.27442986367690153,9.66128859468676,0,0,0.125,0.1875,0.22916666666666666,0.25,0.25,0.2708333333333333,0.2916666666666667
2_7,CHORE,SAN PEDRO,2010,44,96,2317,4693,17963,2,7,25,28,31,35,37,40,44,0.4583333333333333,0.49371404219049647,0.2612592551355564,9.796069365768835,1,0.2857142857142857,0.2604166666666667,0.2916666666666667,0.3229166666666667,0.3645833333333333,0.3854166666666667,0.4166666666666667,0.4583333333333333
2_9,GENERAL ELIZARDO AQUINO,SAN PEDRO,2006,11,36,1009,3129,11209,0,2,3,4,6,6,9,9,11,0.3055555555555556,0.32246724193032916,0.279150682487287,9.324472306021095,0,0,0.08333333333333333,0.1111111111111111,0.16666666666666666,0.16666666666666666,0.25,0.25,0.3055555555555556
2_9,GENERAL ELIZARDO AQUINO,SAN PEDRO,2010,9,27,1211,2754,11724,1,3,2,4,6,8,8,8,9,0.3333333333333333,0.4397240377632535,0.23490276356192427,9.369393301830783,1,0.3333333333333333,0.07407407407407407,0.14814814814814814,0.2222222222222222,0.2962962962962963,0.2962962962962963,0.2962962962962963,0.3333333333333333
3_0,CAACUPE,CORDILLERA,2006,24,84,3600,7162,23652,0,4,7,12,14,16,18,20,24,0.2857142857142857,0.502652890254119,0.3028073735836293,10.07120295694072,0,0,0.08333333333333333,0.14285714285714285,0.16666666666666666,0.19047619047619047,0.21428571428571427,0.23809523809523808,0.2857142857142857
3_0,CAACUPE,CORDILLERA,2010,35,84,3930,7360,26633,2,5,18,21,22,26,31,33,35,0.4166666666666667,0.5339673913043478,0.27634889047422373,10.18990632736338,1,0.4,0.21428571428571427,0.25,0.2619047619047619,0.30952380952380953,0.36904761904761907,0.39285714285714285,0.4166666666666667
3_1,PRIMERO DE MARZO,CORDILLERA,2006,2,18,340,1020,3883,1,2,1,1,1,1,2,2,2,0.1111111111111111,0.3333333333333333,0.2626834921452485,8.264363329731667,0,0.5,0.05555555555555555,0.05555555555555555,0.05555555555555555,0.05555555555555555,0.1111111111111111,0.1111111111111111,0.1111111111111111
3_1,PRIMERO DE MARZO,CORDILLERA,2010,11,36,427,1003,4215,2,3,8,8,9,10,10,10,11,0.3055555555555556,0.42572283150548357,0.2379596678529063,8.346404870435956,1,0.6666666666666666,0.2222222222222222,0.2222222222222222,0.25,0.2777777777777778,0.2777777777777778,0.2777777777777778,0.3055555555555556
3_11,EMBOSCADA,CORDILLERA,2006,7,27,914,1527,5935,0,3,6,6,7,7,7,7,7,0.25925925925925924,0.5985592665356909,0.2572872788542544,8.688622307043769,0,0,0.2222222222222222,0.2222222222222222,0.25925925925925924,0.25925925925925924,0.25925925925925924,0.25925925925925924,0.25925925925925924
3_11,EMBOSCADA,CORDILLERA,2010,18,45,1184,1807,6909,0,3,13,13,14,14,14,16,18,0.4,0.655229662423907,0.26154291503835575,8.840580188488795,1,0,0.28888888888888886,0.28888888888888886,0.3111111111111111,0.3111111111111111,0.3111111111111111,0.35555555555555557,0.4
3_13,EUSEBIO AYALA,CORDILLERA,2006,16,47,1224,2665,9911,1,4,6,9,9,12,13,14,16,0.3404255319148936,0.45928705440900564,0.2688931490263344,9.201400530406708,0,0.25,0.1276595744680851,0.19148936170212766,0.19148936170212766,0.2553191489361702,0.2765957446808511,0.2978723404255319,0.3404255319148936
3_13,EUSEBIO AYALA,CORDILLERA,2010,24,70,1072,2348,10242,1,4,14,16,20,21,23,24,24,0.34285714285714286,0.4565587734241908,0.22925209919937511,9.234252192022495,1,0.25,0.2,0.22857142857142856,0.2857142857142857,0.3,0.32857142857142857,0.34285714285714286,0.34285714285714286
3_15,ISLA PUCU,CORDILLERA,2006,6,27,443,1124,4322,1,3,4,4,5,5,5,5,6,0.2222222222222222,0.39412811387900354,0.26006478482184175,8.371473537066832,0,0.3333333333333333,0.14814814814814814,0.14814814814814814,0.18518518518518517,0.18518518518518517,0.18518518518518517,0.18518518518518517,0.2222222222222222
3_15,ISLA PUCU,CORDILLERA,2010,17,36,521,1095,4590,1,3,10,12,14,15,15,17,17,0.4722222222222222,0.4757990867579909,0.238562091503268,8.431635303054591,1,0.3333333333333333,0.2777777777777778,0.3333333333333333,0.3888888888888889,0.4166666666666667,0.4166666666666667,0.4722222222222222,0.4722222222222222
3_17,ITACURUBI DE LA CORDILLERA,CORDILLERA,2006,12,36,999,1657,6211,1,3,4,5,7,8,8,11,12,0.3333333333333333,0.6028968014484007,0.26678473675736597,8.734077192559303,0,0.3333333333333333,0.1111111111111111,0.1388888888888889,0.19444444444444445,0.2222222222222222,0.2222222222222222,0.3055555555555556,0.3333333333333333
3_17,ITACURUBI DE LA CORDILLERA,CORDILLERA,2010,20,54,1013,1591,6653,1,3,10,11,11,14,17,19,20,0.37037037037037035,0.6367064739157763,0.23914023748684804,8.802823159741887,1,0.3333333333333333,0.18518518518518517,0.2037037037037037,0.2037037037037037,0.25925925925925924,0.3148148148148148,0.35185185185185186,0.37037037037037035
3_19,JUAN DE MENA,CORDILLERA,2006,8,36,289,708,2946,1,4,4,5,6,6,6,7,8,0.2222222222222222,0.4081920903954802,0.24032586558044808,7.988203597022576,0,0.25,0.1111111111111111,0.1388888888888889,0.16666666666666666,0.16666666666666666,0.16666666666666666,0.19444444444444445,0.2222222222222222
3_19,JUAN DE MENA,CORDILLERA,2010,16,36,438,829,3483,1,4,6,9,10,12,15,16,16,0.4444444444444444,0.5283474065138721,0.23801320700545506,8.155649270366002,1,0.25,0.16666666666666666,0.25,0.2777777777777778,0.3333333333333333,0.4166666666666667,0.4444444444444444,0.4444444444444444
3_21,LOMA GRANDE,CORDILLERA,2006,10,36,554,941,2908,2,3,6,6,6,7,7,7,10,0.2777777777777778,0.5887353878852285,0.3235900962861073,7.97522083865341,0,0.6666666666666666,0.16666666666666666,0.16666666666666666,0.16666666666666666,0.19444444444444445,0.19444444444444445,0.19444444444444445,0.2777777777777778
3_21,LOMA GRANDE,CORDILLERA,2010,13,36,585,839,2933,1,4,9,12,12,12,12,12,13,0.3611111111111111,0.6972586412395709,0.286055233549267,7.983781068977451,1,0.25,0.25,0.3333333333333333,0.3333333333333333,0.3333333333333333,0.3333333333333333,0.3333333333333333,0.3611111111111111
3_23,MBOCAYATY DEL YHAGUY,CORDILLERA,2006,9,27,300,732,2618,1,3,4,4,4,4,6,7,9,0.3333333333333333,0.4098360655737705,0.27960275019098546,7.870165946469845,0,0.3333333333333333,0.14814814814814814,0.14814814814814814,0.14814814814814814,0.14814814814814814,0.2222222222222222,0.25925925925925924,0.3333333333333333
3_23,MBOCAYATY DEL YHAGUY,CORDILLERA,2010,12,36,328,755,2911,1,4,5,9,9,10,10,11,12,0.3333333333333333,0.43443708609271525,0.2593610443146685,7.976251943745623,1,0.25,0.1388888888888889,0.25,0.25,0.2777777777777778,0.2777777777777778,0.3055555555555556,0.3333333333333333
3_25,NUEVA COLOMBIA,CORDILLERA,2006,3,27,649,1053,3023,0,2,3,3,3,3,3,3,3,0.1111111111111111,0.6163342830009497,0.34832947403241815,8.014004994779459,0,0,0.1111111111111111,0.1111111111111111,0.1111111111111111,0.1111111111111111,0.1111111111111111,0.1111111111111111,0.1111111111111111
3_25,NUEVA COLOMBIA,CORDILLERA,2010,11,36,570,876,2974,2,4,9,9,10,11,11,11,11,0.3055555555555556,0.6506849315068494,0.2945527908540686,7.9976631270201,1,0.5,0.25,0.25,0.2777777777777778,0.3055555555555556,0.3055555555555556,0.3055555555555556,0.3055555555555556
3_27,PIRIBEBUY,CORDILLERA,2006,11,48,2392,4572,15804,0,3,5,5,6,8,8,9,11,0.22916666666666666,0.5231846019247594,0.28929384965831434,9.66801835153128,0,0,0.10416666666666667,0.10416666666666667,0.125,0.16666666666666666,0.16666666666666666,0.1875,0.22916666666666666
3_27,PIRIBEBUY,CORDILLERA,2010,26,60,2343,4737,17534,1,4,16,18,21,22,23,24,26,0.43333333333333335,0.49461684610512985,0.2701608303866773,9.771897132148531,1,0.25,0.26666666666666666,0.3,0.35,0.36666666666666664,0.38333333333333336,0.4,0.43333333333333335
3_29,SAN BERNARDINO,CORDILLERA,2006,15,48,1695,2732,8284,0,3,9,11,12,12,14,14,15,0.3125,0.6204245973645681,0.32979237083534524,9.022081222515475,0,0,0.1875,0.22916666666666666,0.25,0.25,0.2916666666666667,0.2916666666666667,0.3125
3_29,SAN BERNARDINO,CORDILLERA,2010,10,35,1821,2602,8964,0,3,6,7,9,9,9,10,10,0.2857142857142857,0.6998462720983859,0.29027219991075415,9.100971834920818,1,0,0.17142857142857143,0.2,0.2571428571428571,0.2571428571428571,0.2571428571428571,0.2857142857142857,0.2857142857142857
3_3,ALTOS,CORDILLERA,2006,10,36,1234,2059,6787,0,3,6,6,7,9,10,10,10,0.2777777777777778,0.5993200582807188,0.3033740975394136,8.822764296703758,0,0,0.16666666666666666,0.16666666666666666,0.19444444444444445,0.25,0.2777777777777778,0.2777777777777778,0.2777777777777778
3_3,ALTOS,CORDILLERA,2010,14,36,1223,2065,7311,2,4,9,11,12,13,13,14,14,0.3888888888888889,0.5922518159806296,0.28245110108056354,8.897135342293316,1,0.5,0.25,0.3055555555555556,0.3333333333333333,0.3611111111111111,0.3611111111111111,0.3888888888888889,0.3888888888888889
3_31,SAN JOSE OBRERO,CORDILLERA,2006,8,27,320,780,2772,1,3,5,5,5,6,7,8,8,0.2962962962962963,0.41025641025641024,0.2813852813852814,7.927324360309794,0,0.3333333333333333,0.18518518518518517,0.18518518518518517,0.18518518518518517,0.2222222222222222,0.25925925925925924,0.2962962962962963,0.2962962962962963
3_31,SAN JOSE OBRERO,CORDILLERA,2010,12,45,314,748,2936,2,5,8,9,9,11,11,12,12,0.26666666666666666,0.4197860962566845,0.2547683923705722,7.984803389734406,1,0.4,0.17777777777777778,0.2,0.2,0.24444444444444444,0.24444444444444444,0.26666666666666666,0.26666666666666666
3_33,SANTA ELENA,CORDILLERA,2006,12,27,509,943,3226,3,3,7,7,9,9,10,10,12,0.4444444444444444,0.5397667020148462,0.29231246125232485,8.078998258685154,0,1,0.25925925925925924,0.25925925925925924,0.3333333333333333,0.3333333333333333,0.37037037037037035,0.37037037037037035,0.4444444444444444
3_33,SANTA ELENA,CORDILLERA,2010,21,45,699,1084,3716,2,4,11,12,13,15,16,17,21,0.4666666666666667,0.6448339483394834,0.2917115177610334,8.22040309993373,1,0.5,0.24444444444444444,0.26666666666666666,0.28888888888888886,0.3333333333333333,0.35555555555555557,0.37777777777777777,0.4666666666666667
3_35,TOBATI,CORDILLERA,2006,11,48,1212,3131,11791,1,4,3,5,6,6,8,8,11,0.22916666666666666,0.3870967741935484,0.26554151471461285,9.375091807576673,0,0.25,0.0625,0.10416666666666667,0.125,0.125,0.16666666666666666,0.16666666666666666,0.22916666666666666
3_35,TOBATI,CORDILLERA,2010,19,60,1359,2795,12395,1,4,10,11,14,14,15,17,19,0.31666666666666665,0.48622540250447227,0.2254941508672852,9.42504844446929,1,0.25,0.16666666666666666,0.18333333333333332,0.23333333333333334,0.23333333333333334,0.25,0.2833333333333333,0.31666666666666665
3_37,VALENZUELA,CORDILLERA,2006,13,27,572,1213,4276,1,3,9,11,11,11,11,12,13,0.48148148148148145,0.47155812036273703,0.28367633302151546,8.360773272144936,0,0.3333333333333333,0.3333333333333333,0.4074074074074074,0.4074074074074074,0.4074074074074074,0.4074074074074074,0.4444444444444444,0.48148148148148145
3_37,VALENZUELA,CORDILLERA,2010,14,27,647,1215,4667,1,3,5,8,10,11,13,14,14,0.5185185185185185,0.5325102880658437,0.26033854724662525,8.448271745949816,1,0.3333333333333333,0.18518518518518517,0.2962962962962963,0.37037037037037035,0.4074074074074074,0.48148148148148145,0.5185185185185185,0.5185185185185185
3_5,ARROYOS Y ESTEROS,CORDILLERA,2006,6,27,1371,3269,11708,0,3,1,1,2,4,5,5,6,0.2222222222222222,0.4193943101866014,0.27921079603689786,9.368027647811777,0,0,0.037037037037037035,0.037037037037037035,0.07407407407407407,0.14814814814814814,0.18518518518518517,0.18518518518518517,0.2222222222222222
3_5,ARROYOS Y ESTEROS,CORDILLERA,2010,13,36,1393,3198,12477,1,3,7,8,10,11,12,12,13,0.3611111111111111,0.4355847404627892,0.2563116133685982,9.431642228411022,1,0.3333333333333333,0.19444444444444445,0.2222222222222222,0.2777777777777778,0.3055555555555556,0.3333333333333333,0.3333333333333333,0.3611111111111111
3_7,ATYRA,CORDILLERA,2006,21,60,1353,2841,8706,1,4,11,12,13,13,18,20,21,0.35,0.47624076029567053,0.3263266712611992,9.071767722112243,0,0.25,0.18333333333333332,0.2,0.21666666666666667,0.21666666666666667,0.3,0.3333333333333333,0.35
3_7,ATYRA,CORDILLERA,2010,17,36,1488,2845,9451,0,4,8,12,14,16,17,17,17,0.4722222222222222,0.5230228471001758,0.30102634641836845,9.153875834995056,1,0,0.2222222222222222,0.3333333333333333,0.3888888888888889,0.4444444444444444,0.4722222222222222,0.4722222222222222,0.4722222222222222
3_9,CARAGUATAY,CORDILLERA,2006,18,45,871,2031,7317,0,3,14,15,16,16,17,18,18,0.4,0.42885278188084686,0.2775727757277573,8.89795568688403,0,0,0.3111111111111111,0.3333333333333333,0.35555555555555557,0.35555555555555557,0.37777777777777777,0.4,0.4
3_9,CARAGUATAY,CORDILLERA,2010,11,35,799,1965,7847,2,4,5,7,9,10,10,11,11,0.3142857142857143,0.40661577608142496,0.2504141710207723,8.967886572127473,1,0.5,0.14285714285714285,0.2,0.2571428571428571,0.2857142857142857,0.2857142857142857,0.3142857142857143,0.3142857142857143
4_0,VILLARRICA,GUAIRA,2006,11,60,5488,8996,30534,1,2,4,5,7,9,9,10,11,0.18333333333333332,0.6100489106269453,0.29462238815746383,10.326596095816887,0,0.5,0.06666666666666667,0.08333333333333333,0.11666666666666667,0.15,0.15,0.16666666666666666,0.18333333333333332
4_0,VILLARRICA,GUAIRA,2010,28,84,5141,8853,33339,1,6,15,17,19,22,23,26,28,0.3333333333333333,0.5807071049361798,0.2655448573742464,10.414483161853756,1,0.16666666666666666,0.17857142857142858,0.20238095238095238,0.2261904761904762,0.2619047619047619,0.27380952380952384,0.30952380952380953,0.3333333333333333
4_1,BORJA,GUAIRA,2006,7,27,728,1618,5116,2,3,4,5,6,7,7,7,7,0.25925925925925924,0.449938195302843,0.31626270523846756,8.540128162698734,0,0.6666666666666666,0.14814814814814814,0.18518518518518517,0.2222222222222222,0.25925925925925924,0.25925925925925924,0.25925925925925924,0.25925925925925924
4_1,BORJA,GUAIRA,2010,20,45,845,1690,5671,2,3,15,15,16,18,19,19,20,0.4444444444444444,0.5,0.29800740610121673,8.643120748014027,1,0.6666666666666666,0.3333333333333333,0.3333333333333333,0.35555555555555557,0.4,0.4222222222222222,0.4222222222222222,0.4444444444444444
4_11,GENERAL EUGENIO ALEJANDRINO GARAY,GUAIRA,2006,9,36,692,1449,4530,1,3,4,4,5,7,8,9,9,0.25,0.4775707384403037,0.31986754966887415,8.41847721847708,0,0.3333333333333333,0.1111111111111111,0.1111111111111111,0.1388888888888889,0.19444444444444445,0.2222222222222222,0.25,0.25
4_11,GENERAL EUGENIO ALEJANDRINO GARAY,GUAIRA,2010,10,36,701,1500,4992,2,3,5,7,8,9,9,9,10,0.2777777777777778,0.4673333333333333,0.3004807692307692,8.515591910049263,1,0.6666666666666666,0.1388888888888889,0.19444444444444445,0.2222222222222222,0.25,0.25,0.25,0.2777777777777778
4_13,INDEPENDENCIA,GUAIRA,2006,10,48,1619,3011,10571,1,3,7,7,8,8,9,10,10,0.20833333333333334,0.5376951179010295,0.2848358717245294,9.265869681768663,0,0.3333333333333333,0.14583333333333334,0.14583333333333334,0.16666666666666666,0.16666666666666666,0.1875,0.20833333333333334,0.20833333333333334
4_13,INDEPENDENCIA,GUAIRA,2010,25,60,1561,3215,11975,1,4,12,14,17,19,22,24,25,0.4166666666666667,0.48553654743390356,0.26847599164926933,9.390576422279116,1,0.25,0.2,0.23333333333333334,0.2833333333333333,0.31666666666666665,0.36666666666666664,0.4,0.4166666666666667
4_15,ITAPE,GUAIRA,2006,4,27,486,891,3106,0,2,2,2,2,2,2,2,4,0.14814814814814814,0.5454545454545454,0.28686413393432064,8.041091003708633,0,0,0.07407407407407407,0.07407407407407407,0.07407407407407407,0.07407407407407407,0.07407407407407407,0.07407407407407407,0.14814814814814814
4_15,ITAPE,GUAIRA,2010,12,36,536,874,3433,1,4,9,10,10,10,10,10,12,0.3333333333333333,0.6132723112128147,0.2545878240605884,8.141189793457691,1,0.25,0.25,0.2777777777777778,0.2777777777777778,0.2777777777777778,0.2777777777777778,0.2777777777777778,0.3333333333333333
4_17,ITURBE,GUAIRA,2006,16,36,557,1324,5350,2,3,7,9,9,12,13,13,16,0.4444444444444444,0.4206948640483384,0.2474766355140187,8.584851839890053,0,0.6666666666666666,0.19444444444444445,0.25,0.25,0.3333333333333333,0.3611111111111111,0.3611111111111111,0.4444444444444444
4_17,ITURBE,GUAIRA,2010,18,45,756,1269,5810,1,4,11,13,15,16,16,16,18,0.4,0.5957446808510638,0.21841652323580035,8.667335849845957,1,0.25,0.24444444444444444,0.28888888888888886,0.3333333333333333,0.35555555555555557,0.35555555555555557,0.35555555555555557,0.4
4_19,JOSE FASSARDI,GUAIRA,2006,12,45,564,875,2825,1,4,8,8,8,8,9,11,12,0.26666666666666666,0.6445714285714286,0.30973451327433627,7.946263643580541,0,0.25,0.17777777777777778,0.17777777777777778,0.17777777777777778,0.17777777777777778,0.2,0.24444444444444444,0.26666666666666666
4_19,JOSE FASSARDI,GUAIRA,2010,17,45,528,862,3147,2,4,11,12,12,14,15,16,17,0.37777777777777777,0.6125290023201856,0.2739116619002224,8.054204897064407,1,0.5,0.24444444444444444,0.26666666666666666,0.26666666666666666,0.3111111111111111,0.3333333333333333,0.35555555555555557,0.37777777777777777
4_21,MBOCAYATY DEL GUAIRA,GUAIRA,2006,11,27,666,1156,3894,0,2,8,9,9,11,11,11,11,0.4074074074074074,0.5761245674740484,0.2968669748330765,8.267192185932146,0,0,0.2962962962962963,0.3333333333333333,0.3333333333333333,0.4074074074074074,0.4074074074074074,0.4074074074074074,0.4074074074074074
4_21,MBOCAYATY DEL GUAIRA,GUAIRA,2010,21,63,668,1127,4300,0,6,11,14,15,16,16,19,21,0.3333333333333333,0.5927240461401952,0.26209302325581396,8.366370301681654,1,0,0.1746031746031746,0.2222222222222222,0.23809523809523808,0.25396825396825395,0.25396825396825395,0.30158730158730157,0.3333333333333333
4_23,NATALICIO TALAVERA,GUAIRA,2006,3,36,363,656,2333,1,3,2,2,2,2,2,2,3,0.08333333333333333,0.5533536585365854,0.28118302614659235,7.75491027202143,0,0.3333333333333333,0.05555555555555555,0.05555555555555555,0.05555555555555555,0.05555555555555555,0.05555555555555555,0.05555555555555555,0.08333333333333333
4_23,NATALICIO TALAVERA,GUAIRA,2010,12,36,450,627,2444,0,3,6,6,6,10,10,12,12,0.3333333333333333,0.7177033492822966,0.25654664484451717,7.8013913202914855,1,0,0.16666666666666666,0.16666666666666666,0.16666666666666666,0.2777777777777778,0.2777777777777778,0.3333333333333333,0.3333333333333333
4_25,ÑUMI,GUAIRA,2006,8,27,445,852,2581,0,2,5,6,6,6,7,8,8,0.2962962962962963,0.5223004694835681,0.3301046106160403,7.855932199718614,0,0,0.18518518518518517,0.2222222222222222,0.2222222222222222,0.2222222222222222,0.25925925925925924,0.2962962962962963,0.2962962962962963
4_25,ÑUMI,GUAIRA,2010,11,27,497,860,2848,0,3,8,10,10,10,10,11,11,0.4074074074074074,0.577906976744186,0.30196629213483145,7.954372272531867,1,0,0.2962962962962963,0.37037037037037035,0.37037037037037035,0.37037037037037035,0.37037037037037035,0.4074074074074074,0.4074074074074074
4_27,PASO YOBAI,GUAIRA,2006,14,36,983,2642,8753,0,3,7,7,7,10,12,13,14,0.3888888888888889,0.3720666161998486,0.3018393693590769,9.077151777732437,0,0,0.19444444444444445,0.19444444444444445,0.19444444444444445,0.2777777777777778,0.3333333333333333,0.3611111111111111,0.3888888888888889
4_27,PASO YOBAI,GUAIRA,2010,16,45,1226,2690,9673,1,4,8,11,15,15,15,15,16,0.35555555555555557,0.4557620817843866,0.2780936627726662,9.177093778182547,1,0.25,0.17777777777777778,0.24444444444444444,0.3333333333333333,0.3333333333333333,0.3333333333333333,0.3333333333333333,0.35555555555555557
4_29,SAN SALVADOR,GUAIRA,2006,6,27,386,640,2128,0,2,1,2,2,3,3,4,6,0.2222222222222222,0.603125,0.3007518796992481,7.662937850461535,0,0,0.037037037037037035,0.07407407407407407,0.07407407407407407,0.1111111111111111,0.1111111111111111,0.14814814814814814,0.2222222222222222
4_29,SAN SALVADOR,GUAIRA,2010,9,27,296,579,2176,1,3,5,6,6,7,8,8,9,0.3333333333333333,0.5112262521588946,0.26608455882352944,7.685243607975833,1,0.3333333333333333,0.18518518518518517,0.2222222222222222,0.2222222222222222,0.25925925925925924,0.2962962962962963,0.2962962962962963,0.3333333333333333
4_3,CAPITAN MAURICIO JOSE TROCHE,GUAIRA,2006,10,27,783,1593,4999,1,3,4,5,7,9,10,10,10,0.37037037037037035,0.4915254237288136,0.3186637327465493,8.51699317141357,0,0.3333333333333333,0.14814814814814814,0.18518518518518517,0.25925925925925924,0.3333333333333333,0.37037037037037035,0.37037037037037035,0.37037037037037035
4_3,CAPITAN MAURICIO JOSE TROCHE,GUAIRA,2010,16,36,808,1551,5639,1,4,8,8,10,12,12,14,16,0.4444444444444444,0.5209542230818827,0.2750487675119702,8.637462023807181,1,0.25,0.2222222222222222,0.2222222222222222,0.2777777777777778,0.3333333333333333,0.3333333333333333,0.3888888888888889,0.4444444444444444
4_31,YATAITY DEL GUAIRA,GUAIRA,2006,15,45,562,880,2980,1,2,8,9,10,12,13,14,15,0.3333333333333333,0.6386363636363637,0.2953020134228188,7.9996785794994505,0,0.5,0.17777777777777778,0.2,0.2222222222222222,0.26666666666666666,0.28888888888888886,0.3111111111111111,0.3333333333333333
4_31,YATAITY DEL GUAIRA,GUAIRA,2010,13,36,614,896,3220,0,4,9,10,12,13,13,13,13,0.3611111111111111,0.6852678571428571,0.2782608695652174,8.077136638538454,1,0,0.25,0.2777777777777778,0.3333333333333333,0.3611111111111111,0.3611111111111111,0.3611111111111111,0.3611111111111111
4_5,CORONEL MARTINEZ,GUAIRA,2006,11,36,640,1178,4288,1,2,4,4,6,6,9,10,11,0.3055555555555556,0.5432937181663837,0.27472014925373134,8.363575702750637,0,0.5,0.1111111111111111,0.1111111111111111,0.16666666666666666,0.16666666666666666,0.25,0.2777777777777778,0.3055555555555556
4_5,CORONEL MARTINEZ,GUAIRA,2010,32,81,799,1217,4625,1,9,28,28,29,30,30,31,32,0.3950617283950617,0.6565324568611339,0.26313513513513515,8.439231649946526,1,0.1111111111111111,0.345679012345679,0.345679012345679,0.35802469135802467,0.37037037037037035,0.37037037037037035,0.38271604938271603,0.3950617283950617
4_7,DOCTOR BOTRELL,GUAIRA,2006,12,36,147,297,992,1,2,5,6,7,9,10,12,12,0.3333333333333333,0.494949494949495,0.29939516129032256,6.899723107284872,0,0.5,0.1388888888888889,0.16666666666666666,0.19444444444444445,0.25,0.2777777777777778,0.3333333333333333,0.3333333333333333
4_7,DOCTOR BOTRELL,GUAIRA,2010,16,45,196,321,1076,1,3,9,12,13,13,14,15,16,0.35555555555555557,0.6105919003115264,0.2983271375464684,6.98100574072173,1,0.3333333333333333,0.2,0.26666666666666666,0.28888888888888886,0.28888888888888886,0.3111111111111111,0.3333333333333333,0.35555555555555557
4_9,FELIX PEREZ CARDOZO,GUAIRA,2006,7,27,490,987,3310,2,3,4,4,5,5,5,5,7,0.25925925925925924,0.49645390070921985,0.29818731117824776,8.104703468371108,0,0.6666666666666666,0.14814814814814814,0.14814814814814814,0.18518518518518517,0.18518518518518517,0.18518518518518517,0.18518518518518517,0.25925925925925924
4_9,FELIX PEREZ CARDOZO,GUAIRA,2010,17,36,515,960,3624,1,4,9,9,12,13,15,16,17,0.4722222222222222,0.5364583333333334,0.26490066225165565,8.19533366716287,1,0.25,0.25,0.25,0.3333333333333333,0.3611111111111111,0.4166666666666667,0.4444444444444444,0.4722222222222222
5_0,CORONEL OVIEDO,CAAGUAZU,2006,20,48,7295,13580,46748,2,3,9,11,13,14,16,18,20,0.4166666666666667,0.5371870397643593,0.2904937109608967,10.752526753053047,0,0.6666666666666666,0.1875,0.22916666666666666,0.2708333333333333,0.2916666666666667,0.3333333333333333,0.375,0.4166666666666667
5_0,CORONEL OVIEDO,CAAGUAZU,2010,35,84,6706,13072,50364,0,6,21,27,28,30,32,33,35,0.4166666666666667,0.5130048959608323,0.25955047255976493,10.82703191312159,1,0,0.25,0.32142857142857145,0.3333333333333333,0.35714285714285715,0.38095238095238093,0.39285714285714285,0.4166666666666667
5_1,3 DE FEBRERO,CAAGUAZU,2006,6,36,830,1655,4934,1,3,3,3,3,3,4,6,6,0.16666666666666666,0.5015105740181269,0.3354276449128496,8.503905297089302,0,0.3333333333333333,0.08333333333333333,0.08333333333333333,0.08333333333333333,0.08333333333333333,0.1111111111111111,0.16666666666666666,0.16666666666666666
5_1,3 DE FEBRERO,CAAGUAZU,2010,12,36,1130,1840,5606,0,4,8,8,8,10,11,12,12,0.3333333333333333,0.6141304347826086,0.328219764537995,8.631592731724734,1,0,0.2222222222222222,0.2222222222222222,0.2222222222222222,0.2777777777777778,0.3055555555555556,0.3333333333333333,0.3333333333333333
5_11,DOCTOR JUAN MANUEL FRUTOS,CAAGUAZU,2006,6,33,1326,3222,10807,1,2,4,4,5,6,6,6,6,0.18181818181818182,0.41154562383612664,0.2981400943832701,9.287949351303165,0,0.5,0.12121212121212122,0.12121212121212122,0.15151515151515152,0.18181818181818182,0.18181818181818182,0.18181818181818182,0.18181818181818182
5_11,DOCTOR JUAN MANUEL FRUTOS,CAAGUAZU,2010,22,54,1584,3120,11525,2,6,11,14,14,17,19,22,22,0.4074074074074074,0.5076923076923077,0.27071583514099784,9.352273867864849,1,0.3333333333333333,0.2037037037037037,0.25925925925925924,0.25925925925925924,0.3148148148148148,0.35185185185185186,0.4074074074074074,0.4074074074074074
5_13,JOSE DOMINGO OCAMPOS,CAAGUAZU,2006,5,18,678,1284,4189,0,2,1,2,3,3,3,3,5,0.2777777777777778,0.5280373831775701,0.30651706851277155,8.340217320947035,0,0,0.05555555555555555,0.1111111111111111,0.16666666666666666,0.16666666666666666,0.16666666666666666,0.16666666666666666,0.2777777777777778
5_13,JOSE DOMINGO OCAMPOS,CAAGUAZU,2010,20,63,688,1231,4488,2,7,9,10,14,15,16,17,20,0.31746031746031744,0.5588952071486596,0.27428698752228164,8.409162447202533,1,0.2857142857142857,0.14285714285714285,0.15873015873015872,0.2222222222222222,0.23809523809523808,0.25396825396825395,0.2698412698412698,0.31746031746031744
5_15,LA PASTORA,CAAGUAZU,2006,11,36,465,822,2510,1,3,5,5,5,6,8,10,11,0.3055555555555556,0.5656934306569343,0.32749003984063746,7.828038032125829,0,0.3333333333333333,0.1388888888888889,0.1388888888888889,0.1388888888888889,0.16666666666666666,0.2222222222222222,0.2777777777777778,0.3055555555555556
5_15,LA PASTORA,CAAGUAZU,2010,13,27,381,815,2685,0,3,6,7,9,10,10,11,13,0.48148148148148145,0.46748466257668714,0.30353817504655495,7.895436006942965,1,0,0.2222222222222222,0.25925925925925924,0.3333333333333333,0.37037037037037035,0.37037037037037035,0.4074074074074074,0.48148148148148145
5_17,MARISCAL FRANCISCO SOLANO LOPEZ,CAAGUAZU,2006,8,27,198,426,1733,0,3,5,5,6,6,7,8,8,0.2962962962962963,0.4647887323943662,0.24581650317368725,7.457609289715606,0,0,0.18518518518518517,0.18518518518518517,0.2222222222222222,0.2222222222222222,0.25925925925925924,0.2962962962962963,0.2962962962962963
5_17,MARISCAL FRANCISCO SOLANO LOPEZ,CAAGUAZU,2010,14,36,529,712,2501,2,4,8,9,9,10,12,14,14,0.3888888888888889,0.7429775280898876,0.28468612554978007,7.824445930877619,1,0.5,0.2222222222222222,0.25,0.25,0.2777777777777778,0.3333333333333333,0.3888888888888889,0.3888888888888889
5_19,NUEVA LONDRES,CAAGUAZU,2006,17,36,561,803,2854,0,2,11,12,13,16,17,17,17,0.4722222222222222,0.6986301369863014,0.2813594954449895,7.956476798036782,0,0,0.3055555555555556,0.3333333333333333,0.3611111111111111,0.4444444444444444,0.4722222222222222,0.4722222222222222,0.4722222222222222
5_19,NUEVA LONDRES,CAAGUAZU,2010,15,45,544,763,2999,1,2,10,12,12,13,15,15,15,0.3333333333333333,0.7129750982961992,0.25441813937979324,8.00603417874901,1,0.5,0.2222222222222222,0.26666666666666666,0.26666666666666666,0.28888888888888886,0.3333333333333333,0.3333333333333333,0.3333333333333333
5_21,RI 3 CORRALES,CAAGUAZU,2006,6,27,471,1171,3749,0,3,2,2,2,3,6,6,6,0.2222222222222222,0.4022203245089667,0.31234995998933046,8.229244416735913,0,0,0.07407407407407407,0.07407407407407407,0.07407407407407407,0.1111111111111111,0.2222222222222222,0.2222222222222222,0.2222222222222222
5_21,RI 3 CORRALES,CAAGUAZU,2010,10,27,622,1279,4209,0,3,6,6,6,8,8,8,10,0.37037037037037035,0.48631743549648165,0.3038726538370159,8.344980368770571,1,0,0.2222222222222222,0.2222222222222222,0.2222222222222222,0.2962962962962963,0.2962962962962963,0.2962962962962963,0.37037037037037035
5_23,RAUL ARSENIO OVIEDO,CAAGUAZU,2006,13,48,1175,2995,9335,1,3,5,7,7,7,9,11,13,0.2708333333333333,0.39232053422370616,0.3208355650776647,9.141526055975824,0,0.3333333333333333,0.10416666666666667,0.14583333333333334,0.14583333333333334,0.14583333333333334,0.1875,0.22916666666666666,0.2708333333333333
5_23,RAUL ARSENIO OVIEDO,CAAGUAZU,2010,48,120,2833,4298,12846,2,9,27,33,36,38,43,47,48,0.4,0.659143787808283,0.3345788572318231,9.460787757817737,1,0.2222222222222222,0.225,0.275,0.3,0.31666666666666665,0.35833333333333334,0.39166666666666666,0.4
5_25,REPATRIACION,CAAGUAZU,2006,15,48,1279,3842,13290,0,3,8,8,8,10,12,14,15,0.3125,0.3328995314940135,0.2890895410082769,9.494767151707292,0,0,0.16666666666666666,0.16666666666666666,0.16666666666666666,0.20833333333333334,0.25,0.2916666666666667,0.3125
5_25,REPATRIACION,CAAGUAZU,2010,10,45,1583,3844,14542,0,4,5,5,5,8,9,9,10,0.2222222222222222,0.4118106139438085,0.2643377802228029,9.584796293210003,1,0,0.1111111111111111,0.1111111111111111,0.1111111111111111,0.17777777777777778,0.2,0.2,0.2222222222222222
5_27,SAN JOAQUIN,CAAGUAZU,2006,13,45,652,1658,6213,0,4,6,7,7,8,9,12,13,0.28888888888888886,0.39324487334137515,0.26685981007564785,8.734399150063695,0,0,0.13333333333333333,0.15555555555555556,0.15555555555555556,0.17777777777777778,0.2,0.26666666666666666,0.28888888888888886
5_27,SAN JOAQUIN,CAAGUAZU,2010,14,45,774,1651,6806,1,5,8,8,9,11,11,13,14,0.3111111111111111,0.4688067837674137,0.24258007640317367,8.82555985506085,1,0.2,0.17777777777777778,0.17777777777777778,0.2,0.24444444444444444,0.24444444444444444,0.28888888888888886,0.3111111111111111
5_29,SAN JOSE DE LOS ARROYOS,CAAGUAZU,2006,13,48,1355,2717,9105,0,2,6,9,9,9,11,12,13,0.2708333333333333,0.4987118145012882,0.2984074684239429,9.116578992161708,0,0,0.125,0.1875,0.1875,0.1875,0.22916666666666666,0.25,0.2708333333333333
5_29,SAN JOSE DE LOS ARROYOS,CAAGUAZU,2010,8,18,1307,2563,9585,0,2,7,7,7,7,7,7,8,0.4444444444444444,0.5099492781896215,0.26739697443922794,9.167954655479745,1,0,0.3888888888888889,0.3888888888888889,0.3888888888888889,0.3888888888888889,0.3888888888888889,0.3888888888888889,0.4444444444444444
5_3,CAAGUAZU,CAAGUAZU,2006,10,57,3950,12591,44998,1,4,6,6,6,9,10,10,10,0.17543859649122806,0.31371614645381624,0.2798124361082715,10.714373323320329,0,0.25,0.10526315789473684,0.10526315789473684,0.10526315789473684,0.15789473684210525,0.17543859649122806,0.17543859649122806,0.17543859649122806
5_3,CAAGUAZU,CAAGUAZU,2010,52,132,4433,11597,47991,1,7,31,33,36,38,42,48,52,0.3939393939393939,0.38225403121496937,0.24164947594340605,10.778768772309705,1,0.14285714285714285,0.23484848484848486,0.25,0.2727272727272727,0.2878787878787879,0.3181818181818182,0.36363636363636365,0.3939393939393939
5_31,SANTA ROSA DEL MBUTUY,CAAGUAZU,2006,6,18,1047,2041,6795,1,2,2,2,2,2,4,6,6,0.3333333333333333,0.512983831455169,0.30036791758646064,8.823942326585245,0,0.5,0.1111111111111111,0.1111111111111111,0.1111111111111111,0.1111111111111111,0.2222222222222222,0.3333333333333333,0.3333333333333333
5_31,SANTA ROSA DEL MBUTUY,CAAGUAZU,2010,21,54,1173,2106,7576,1,4,10,13,13,16,19,20,21,0.3888888888888889,0.5569800569800569,0.2779831045406547,8.932740634865914,1,0.25,0.18518518518518517,0.24074074074074073,0.24074074074074073,0.2962962962962963,0.35185185185185186,0.37037037037037035,0.3888888888888889
5_33,SIMON BOLIVAR,CAAGUAZU,2006,8,27,791,1304,3729,2,3,4,4,6,7,7,8,8,0.2962962962962963,0.6065950920245399,0.3496916063287745,8.22389538017882,0,0.6666666666666666,0.14814814814814814,0.14814814814814814,0.2222222222222222,0.25925925925925924,0.25925925925925924,0.2962962962962963,0.2962962962962963
5_33,SIMON BOLIVAR,CAAGUAZU,2010,16,36,731,1269,3894,1,4,9,9,12,12,12,12,16,0.4444444444444444,0.5760441292356187,0.3258859784283513,8.267192185932146,1,0.25,0.25,0.25,0.3333333333333333,0.3333333333333333,0.3333333333333333,0.3333333333333333,0.4444444444444444
5_35,VAQUERIA,CAAGUAZU,2006,11,45,1036,2067,6565,0,4,5,7,8,9,10,10,11,0.24444444444444444,0.5012094823415578,0.31485148514851485,8.789507786736896,0,0,0.1111111111111111,0.15555555555555556,0.17777777777777778,0.2,0.2222222222222222,0.2222222222222222,0.24444444444444444
5_35,VAQUERIA,CAAGUAZU,2010,14,36,1077,2067,6730,1,4,9,10,12,12,12,12,14,0.3888888888888889,0.521044992743106,0.3071322436849926,8.814330422638774,1,0.25,0.25,0.2777777777777778,0.3333333333333333,0.3333333333333333,0.3333333333333333,0.3333333333333333,0.3888888888888889
5_37,YHU,CAAGUAZU,2006,14,48,913,2176,8174,1,4,5,7,7,8,9,11,14,0.2916666666666667,0.4195772058823529,0.26620993393687303,9.008713664124222,0,0.25,0.10416666666666667,0.14583333333333334,0.14583333333333334,0.16666666666666666,0.1875,0.22916666666666666,0.2916666666666667
5_37,YHU,CAAGUAZU,2010,18,54,1612,3051,11223,3,5,10,10,11,14,16,17,18,0.3333333333333333,0.5283513602097673,0.2718524458700882,9.325720523016257,1,0.6,0.18518518518518517,0.18518518518518517,0.2037037037037037,0.25925925925925924,0.2962962962962963,0.3148148148148148,0.3333333333333333
5_5,CARAYAO,CAAGUAZU,2006,13,48,1045,1876,6454,1,2,9,10,12,13,13,13,13,0.2708333333333333,0.5570362473347548,0.29067245119305857,8.772455372611907,0,0.5,0.1875,0.20833333333333334,0.25,0.2708333333333333,0.2708333333333333,0.2708333333333333,0.2708333333333333
5_5,CARAYAO,CAAGUAZU,2010,16,60,1370,2479,7866,1,3,11,12,13,15,15,15,16,0.26666666666666666,0.5526421944332393,0.3151538265954742,8.970304952991755,1,0.3333333333333333,0.18333333333333332,0.2,0.21666666666666667,0.25,0.25,0.25,0.26666666666666666
5_7,DOCTOR CECILIO BAEZ,CAAGUAZU,2006,10,36,438,956,3153,0,2,3,5,6,8,9,9,10,0.2777777777777778,0.4581589958158996,0.30320329844592453,8.056109659545061,0,0,0.08333333333333333,0.1388888888888889,0.16666666666666666,0.2222222222222222,0.25,0.25,0.2777777777777778
5_7,DOCTOR CECILIO BAEZ,CAAGUAZU,2010,21,45,482,1053,3668,0,3,14,14,15,16,19,20,21,0.4666666666666667,0.4577397910731244,0.2870774263904035,8.207401833376355,1,0,0.3111111111111111,0.3111111111111111,0.3333333333333333,0.35555555555555557,0.4222222222222222,0.4444444444444444,0.4666666666666667
5_9,DOCTOR JOSE EULOGIO ESTIGARRIBIA,CAAGUAZU,2006,20,48,1394,2641,8998,0,2,13,16,17,17,18,19,20,0.4166666666666667,0.5278303672851192,0.2935096688152923,9.104757609401117,0,0,0.2708333333333333,0.3333333333333333,0.3541666666666667,0.3541666666666667,0.375,0.3958333333333333,0.4166666666666667
5_9,DOCTOR JOSE EULOGIO ESTIGARRIBIA,CAAGUAZU,2010,26,72,2040,3214,11137,1,3,12,19,20,24,24,25,26,0.3611111111111111,0.6347230864965775,0.2885875909131723,9.3180281773931,1,0.3333333333333333,0.16666666666666666,0.2638888888888889,0.2777777777777778,0.3333333333333333,0.3333333333333333,0.3472222222222222,0.3611111111111111
6_0,CAAZAPA,CAAZAPA,2006,25,60,1858,3947,12833,1,3,12,14,17,19,20,21,25,0.4166666666666667,0.47073726881175576,0.30756643029689085,9.4597752572444609,0,0.3333333333333333,0.2,0.23333333333333334,0.2833333333333333,0.31666666666666665,0.3333333333333333,0.35,0.4166666666666667
6_0,CAAZAPA,CAAZAPA,2010,33,96,1657,3475,13460,2,5,13,21,22,25,30,31,33,0.34375,0.47683453237410073,0.2581723625557207,9.50747760319872,1,0.4,0.13541666666666666,0.21875,0.22916666666666666,0.2604166666666667,0.3125,0.3229166666666667,0.34375
6_1,ABAI,CAAZAPA,2006,11,48,1617,2831,9088,1,3,4,4,5,7,7,9,11,0.22916666666666666,0.5711762628046627,0.31150968309859156,9.114710140960932,0,0.3333333333333333,0.08333333333333333,0.08333333333333333,0.10416666666666667,0.14583333333333334,0.14583333333333334,0.1875,0.22916666666666666
6_1,ABAI,CAAZAPA,2010,26,60,1848,2858,10319,1,4,15,17,18,24,24,25,26,0.43333333333333335,0.6466060181945417,0.27696482217269114,9.241742135115715,1,0.25,0.25,0.2833333333333333,0.3,0.4,0.4,0.4166666666666667,0.43333333333333335
6_11,MACIEL,CAAZAPA,2006,6,27,281,876,2666,1,3,5,6,6,6,6,6,6,0.2222222222222222,0.3207762557077626,0.3285821455363841,7.888334500738654,0,0.3333333333333333,0.18518518518518517,0.2222222222222222,0.2222222222222222,0.2222222222222222,0.2222222222222222,0.2222222222222222,0.2222222222222222
6_11,MACIEL,CAAZAPA,2010,13,36,533,927,2946,0,4,7,8,9,9,11,13,13,0.3611111111111111,0.5749730312837109,0.31466395112016293,7.988203597022576,1,0,0.19444444444444445,0.2222222222222222,0.25,0.25,0.3055555555555556,0.3611111111111111,0.3611111111111111
6_13,SAN JUAN NEPOMUCENO,CAAZAPA,2006,9,36,1594,4106,14352,0,3,5,7,8,9,9,9,9,0.25,0.38821237213833415,0.28609253065774803,9.571644584298577,0,0,0.1388888888888889,0.19444444444444445,0.2222222222222222,0.25,0.25,0.25,0.25
6_13,SAN JUAN NEPOMUCENO,CAAZAPA,2010,37,84,1703,4200,15953,0,4,18,20,24,27,31,33,37,0.44047619047619047,0.4054761904761905,0.26327336551118913,9.677402178300998,1,0,0.21428571428571427,0.23809523809523808,0.2857142857142857,0.32142857142857145,0.36904761904761907,0.39285714285714285,0.44047619047619047
6_15,TAVAI,CAAZAPA,2006,10,36,541,1434,5066,2,4,3,3,5,6,8,8,10,0.2777777777777778,0.3772663877266388,0.28306356099486774,8.53030683056162,0,0.5,0.08333333333333333,0.08333333333333333,0.1388888888888889,0.16666666666666666,0.2222222222222222,0.2222222222222222,0.2777777777777778
6_15,TAVAI,CAAZAPA,2010,21,54,848,1581,5822,2,5,13,16,18,18,18,19,21,0.3888888888888889,0.5363693864642631,0.271556166265888,8.669399124305569,1,0.4,0.24074074074074073,0.2962962962962963,0.3333333333333333,0.3333333333333333,0.3333333333333333,0.35185185185185186,0.3888888888888889
6_17,YUTY,CAAZAPA,2006,21,48,1779,5135,17267,1,3,11,12,13,17,20,20,21,0.4375,0.34644595910418696,0.2973880813111716,9.75655244441243,0,0.3333333333333333,0.22916666666666666,0.25,0.2708333333333333,0.3541666666666667,0.4166666666666667,0.4166666666666667,0.4375
6_17,YUTY,CAAZAPA,2010,36,84,1342,3938,17443,1,4,20,23,26,29,34,34,36,0.42857142857142855,0.3407821229050279,0.2257639167574385,9.766693701018134,1,0.25,0.23809523809523808,0.27380952380952384,0.30952380952380953,0.34523809523809523,0.40476190476190477,0.40476190476190477,0.42857142857142855
6_3,BUENA VISTA,CAAZAPA,2006,9,27,856,1331,4010,0,2,4,5,6,6,6,7,9,0.3333333333333333,0.6431254695717505,0.3319201995012469,8.296546520300614,0,0,0.14814814814814814,0.18518518518518517,0.2222222222222222,0.2222222222222222,0.2222222222222222,0.25925925925925924,0.3333333333333333
6_3,BUENA VISTA,CAAZAPA,2010,20,45,783,1285,4240,2,4,10,15,16,18,18,18,20,0.4444444444444444,0.6093385214007782,0.30306603773584906,8.352318548226004,1,0.5,0.2222222222222222,0.3333333333333333,0.35555555555555557,0.4,0.4,0.4,0.4444444444444444
6_5,DOCTOR SANTIAGO MOISES BERTONI,CAAZAPA,2006,7,18,353,1017,2922,1,2,4,6,7,7,7,7,7,0.3888888888888889,0.3470993117010816,0.3480492813141684,7.980023592310645,0,0.5,0.2222222222222222,0.3333333333333333,0.3888888888888889,0.3888888888888889,0.3888888888888889,0.3888888888888889,0.3888888888888889
6_5,DOCTOR SANTIAGO MOISES BERTONI,CAAZAPA,2010,13,36,558,1256,3542,0,4,4,6,8,8,8,10,13,0.3611111111111111,0.4442675159235669,0.3546019198193111,8.17244681834278,1,0,0.1111111111111111,0.16666666666666666,0.2222222222222222,0.2222222222222222,0.2222222222222222,0.2777777777777778,0.3611111111111111
6_7,FULGENCIO YEGROS,CAAZAPA,2006,5,27,649,1155,4091,1,3,2,2,2,2,3,4,5,0.18518518518518517,0.5619047619047619,0.28232705939868,8.316544717929398,0,0.3333333333333333,0.07407407407407407,0.07407407407407407,0.07407407407407407,0.07407407407407407,0.1111111111111111,0.14814814814814814,0.18518518518518517
6_7,FULGENCIO YEGROS,CAAZAPA,2010,12,27,607,1233,4494,1,2,9,9,10,10,11,12,12,0.4444444444444444,0.49229521492295214,0.27436582109479307,8.410498452745275,1,0.5,0.3333333333333333,0.3333333333333333,0.37037037037037035,0.37037037037037035,0.4074074074074074,0.4444444444444444,0.4444444444444444
6_9,GENERAL HIGINIO MORINIGO,CAAZAPA,2006,6,18,683,1154,3474,0,2,5,6,6,6,6,6,6,0.3333333333333333,0.5918544194107452,0.33218192285549797,8.153061946801051,0,0,0.2777777777777778,0.3333333333333333,0.3333333333333333,0.3333333333333333,0.3333333333333333,0.3333333333333333,0.3333333333333333
6_9,GENERAL HIGINIO MORINIGO,CAAZAPA,2010,27,54,592,1120,3770,1,5,13,15,16,17,24,26,27,0.5,0.5285714285714286,0.29708222811671087,8.234830280442056,1,0.2,0.24074074074074073,0.2777777777777778,0.2962962962962963,0.3148148148148148,0.4444444444444444,0.48148148148148145,0.5
7_0,ENCARNACION,ITAPUA,2006,21,96,5227,13467,49973,0,4,6,10,12,14,17,20,21,0.21875,0.38813395708027026,0.26948552218197824,10.819238138557774,0,0,0.0625,0.10416666666666667,0.125,0.14583333333333334,0.17708333333333334,0.20833333333333334,0.21875
7_0,ENCARNACION,ITAPUA,2010,40,120,4918,11230,52526,0,3,21,21,24,30,32,34,40,0.3333333333333333,0.43793410507569014,0.2137988805543921,10.86906356408504,1,0,0.175,0.175,0.2,0.25,0.26666666666666666,0.2833333333333333,0.3333333333333333
7_1,ALTO VERA,ITAPUA,2006,12,35,410,1240,4498,1,3,7,8,9,10,11,12,12,0.34285714285714286,0.33064516129032256,0.2756780791462872,8.411388132519262,0,0.3333333333333333,0.2,0.22857142857142856,0.2571428571428571,0.2857142857142857,0.3142857142857143,0.34285714285714286,0.34285714285714286
7_1,ALTO VERA,ITAPUA,2010,21,45,693,1324,5336,2,4,8,11,14,16,18,19,21,0.4666666666666667,0.5234138972809668,0.24812593703148425,8.58223158759546,1,0.5,0.17777777777777778,0.24444444444444444,0.3111111111111111,0.35555555555555557,0.4,0.4222222222222222,0.4666666666666667
7_11,CARLOS ANTONIO LOPEZ,ITAPUA,2006,15,48,863,1924,6381,0,4,6,7,8,9,9,10,15,0.3125,0.44854469854469853,0.30152013790941856,8.761080103868347,0,0,0.125,0.14583333333333334,0.16666666666666666,0.1875,0.1875,0.20833333333333334,0.3125
7_11,CARLOS ANTONIO LOPEZ,ITAPUA,2010,30,84,1118,2194,7464,2,6,17,18,21,23,25,28,30,0.35714285714285715,0.5095715587967183,0.29394426580921756,8.91784674252718,1,0.3333333333333333,0.20238095238095238,0.21428571428571427,0.25,0.27380952380952384,0.2976190476190476,0.3333333333333333,0.35714285714285715
7_13,CARMEN DEL PARANA,ITAPUA,2006,7,36,618,1128,3885,1,2,3,5,5,5,7,7,7,0.19444444444444445,0.5478723404255319,0.29034749034749036,8.264878262801748,0,0.5,0.08333333333333333,0.1388888888888889,0.1388888888888889,0.1388888888888889,0.19444444444444445,0.19444444444444445,0.19444444444444445
7_13,CARMEN DEL PARANA,ITAPUA,2010,24,60,700,1103,4263,1,4,14,16,17,17,18,20,24,0.4,0.6346328195829556,0.25873797794980063,8.35772841676521,1,0.25,0.23333333333333334,0.26666666666666666,0.2833333333333333,0.2833333333333333,0.3,0.3333333333333333,0.4
7_15,CORONEL BOGADO,ITAPUA,2006,9,48,1286,2639,9951,0,3,3,5,7,8,8,9,9,0.1875,0.48730579765062526,0.2651994774394533,9.205428327615163,0,0,0.0625,0.10416666666666667,0.14583333333333334,0.16666666666666666,0.16666666666666666,0.1875,0.1875
7_15,CORONEL BOGADO,ITAPUA,2010,21,48,1139,2088,10137,0,3,9,10,12,14,14,17,21,0.4375,0.5454980842911877,0.20597810002959455,9.2239473753824,1,0,0.1875,0.20833333333333334,0.25,0.2916666666666667,0.2916666666666667,0.3541666666666667,0.4375
7_17,EDELIRA,ITAPUA,2006,13,60,666,3123,10381,0,5,6,6,9,10,10,12,13,0.21666666666666667,0.2132564841498559,0.3008380695501397,9.247732491193245,0,0,0.1,0.1,0.15,0.16666666666666666,0.16666666666666666,0.2,0.21666666666666667
7_17,EDELIRA,ITAPUA,2010,25,84,1137,2938,11375,2,6,9,13,14,16,19,22,25,0.2976190476190476,0.386997957794418,0.2582857142857143,9.33917324381915,1,0.3333333333333333,0.10714285714285714,0.15476190476190477,0.16666666666666666,0.19047619047619047,0.2261904761904762,0.2619047619047619,0.2976190476190476
7_19,FRAM,ITAPUA,2006,12,48,453,868,3717,0,3,5,7,7,9,10,10,12,0.25,0.521889400921659,0.2335216572504708,8.220672170297252,0,0,0.10416666666666667,0.14583333333333334,0.14583333333333334,0.1875,0.20833333333333334,0.20833333333333334,0.25
7_19,FRAM,ITAPUA,2010,30,72,556,812,4024,1,4,18,22,25,25,28,29,30,0.4166666666666667,0.6847290640394089,0.20178926441351888,8.300031711779575,1,0.25,0.25,0.3055555555555556,0.3472222222222222,0.3472222222222222,0.3888888888888889,0.4027777777777778,0.4166666666666667
7_21,GENERAL ARTIGAS,ITAPUA,2006,12,48,700,1765,6824,0,4,7,7,7,8,10,11,12,0.25,0.39660056657223797,0.25864595545134816,8.828201089171515,0,0,0.14583333333333334,0.14583333333333334,0.14583333333333334,0.16666666666666666,0.20833333333333334,0.22916666666666666,0.25
7_21,GENERAL ARTIGAS,ITAPUA,2010,19,60,642,1530,7181,1,4,6,10,11,14,15,16,19,0.31666666666666665,0.4196078431372549,0.2130622475978276,8.879193928110318,1,0.25,0.1,0.16666666666666666,0.18333333333333332,0.23333333333333334,0.25,0.26666666666666666,0.31666666666666665
7_23,GENERAL DELGADO,ITAPUA,2006,6,18,442,1111,4168,1,2,4,5,5,6,6,6,6,0.3333333333333333,0.39783978397839787,0.2665547024952015,8.335191583433202,0,0.5,0.2222222222222222,0.2777777777777778,0.2777777777777778,0.3333333333333333,0.3333333333333333,0.3333333333333333,0.3333333333333333
7_23,GENERAL DELGADO,ITAPUA,2010,9,27,460,936,4427,1,2,4,4,6,6,8,8,9,0.3333333333333333,0.49145299145299143,0.211429862209171,8.395477432732141,1,0.5,0.14814814814814814,0.14814814814814814,0.2222222222222222,0.2222222222222222,0.2962962962962963,0.2962962962962963,0.3333333333333333
7_25,HOHENAU,ITAPUA,2006,9,36,722,1247,4858,0,3,3,4,7,7,7,7,9,0.25,0.5789895749799518,0.25668999588307945,8.488382109562117,0,0,0.08333333333333333,0.1111111111111111,0.19444444444444445,0.19444444444444445,0.19444444444444445,0.19444444444444445,0.25
7_25,HOHENAU,ITAPUA,2010,20,60,641,1015,5064,0,4,11,13,13,13,14,17,20,0.3333333333333333,0.6315270935960591,0.200434439178515,8.529911963824013,1,0,0.18333333333333332,0.21666666666666667,0.21666666666666667,0.21666666666666667,0.23333333333333334,0.2833333333333333,0.3333333333333333
7_27,ITAPUA POTY,ITAPUA,2006,9,36,608,1804,5983,0,3,7,8,8,8,9,9,9,0.25,0.3370288248337029,0.301520976098947,8.696677393390031,0,0,0.19444444444444445,0.2222222222222222,0.2222222222222222,0.2222222222222222,0.25,0.25,0.25
7_27,ITAPUA POTY,ITAPUA,2010,17,60,981,1900,6736,2,5,8,9,12,13,16,17,17,0.2833333333333333,0.5163157894736842,0.2820665083135392,8.815221555922163,1,0.4,0.13333333333333333,0.15,0.2,0.21666666666666667,0.26666666666666666,0.2833333333333333,0.2833333333333333
7_29,JESUS,ITAPUA,2006,12,35,584,876,3154,0,2,9,9,9,10,11,11,12,0.34285714285714286,0.6666666666666666,0.2777425491439442,8.056426767522984,0,0,0.2571428571428571,0.2571428571428571,0.2571428571428571,0.2857142857142857,0.3142857142857143,0.3142857142857143,0.34285714285714286
7_29,JESUS,ITAPUA,2010,19,48,591,880,3456,2,4,11,11,12,13,17,18,19,0.3958333333333333,0.6715909090909091,0.25462962962962965,8.147867129923947,1,0.5,0.22916666666666666,0.22916666666666666,0.25,0.2708333333333333,0.3541666666666667,0.375,0.3958333333333333
7_3,BELLA VISTA,ITAPUA,2006,10,48,630,1249,4596,0,2,3,3,3,4,5,8,10,0.20833333333333334,0.5044035228182546,0.2717580504786771,8.432941638968646,0,0,0.0625,0.0625,0.0625,0.08333333333333333,0.10416666666666667,0.16666666666666666,0.20833333333333334
7_3,BELLA VISTA,ITAPUA,2010,20,60,678,1121,4942,0,4,10,12,13,15,17,19,20,0.3333333333333333,0.6048171275646744,0.22683124241197897,8.505525386548555,1,0,0.16666666666666666,0.2,0.21666666666666667,0.25,0.2833333333333333,0.31666666666666665,0.3333333333333333
7_31,JOSE LEANDRO OVIEDO,ITAPUA,2006,9,18,551,1129,3116,1,2,4,4,5,7,7,8,9,0.5,0.48804251550044286,0.36232349165596917,8.044305406990638,0,0.5,0.2222222222222222,0.2222222222222222,0.2777777777777778,0.3888888888888889,0.3888888888888889,0.4444444444444444,0.5
7_31,JOSE LEANDRO OVIEDO,ITAPUA,2010,13,27,754,1277,3708,0,2,4,6,9,10,12,12,13,0.48148148148148145,0.5904463586530931,0.34439050701186624,8.218247926685745,1,0,0.14814814814814814,0.2222222222222222,0.3333333333333333,0.37037037037037035,0.4444444444444444,0.4444444444444444,0.48148148148148145
7_33,LA PAZ,ITAPUA,2006,4,18,149,389,1579,0,2,0,1,1,1,2,3,4,0.2222222222222222,0.38303341902313626,0.24635845471817605,7.364547014255642,0,0,0,0.05555555555555555,0.05555555555555555,0.05555555555555555,0.1111111111111111,0.16666666666666666,0.2222222222222222
7_33,LA PAZ,ITAPUA,2010,8,27,240,379,1738,0,3,5,5,5,5,6,7,8,0.2962962962962963,0.633245382585752,0.2180667433831991,7.460490305825338,1,0,0.18518518518518517,0.18518518518518517,0.18518518518518517,0.18518518518518517,0.2222222222222222,0.25925925925925924,0.2962962962962963
7_35,MAYOR JULIO DIONISIO OTAÑO,ITAPUA,2006,8,36,781,1519,5416,0,3,4,6,7,7,7,8,8,0.2222222222222222,0.5141540487162607,0.2804652880354505,8.59711281459211,0,0,0.1111111111111111,0.16666666666666666,0.19444444444444445,0.19444444444444445,0.19444444444444445,0.2222222222222222,0.2222222222222222
7_35,MAYOR JULIO DIONISIO OTAÑO,ITAPUA,2010,19,60,1190,2051,6920,0,4,11,13,14,15,16,18,19,0.31666666666666665,0.5802047781569966,0.2963872832369942,8.842171048611716,1,0,0.18333333333333332,0.21666666666666667,0.23333333333333334,0.25,0.26666666666666666,0.3,0.31666666666666665
7_37,NATALIO,ITAPUA,2006,9,36,829,2487,8734,1,3,6,7,8,8,9,9,9,0.25,0.3333333333333333,0.2847492557820014,9.074978734045507,0,0.3333333333333333,0.16666666666666666,0.19444444444444445,0.2222222222222222,0.2222222222222222,0.25,0.25,0.25
7_37,NATALIO,ITAPUA,2010,16,60,1018,2307,9687,0,4,7,11,12,12,14,15,16,0.26666666666666666,0.4412657130472475,0.2381542273149582,9.178540059426386,1,0,0.11666666666666667,0.18333333333333332,0.2,0.2,0.23333333333333334,0.25,0.26666666666666666
7_39,NUEVA ALBORADA,ITAPUA,2006,6,32,442,803,2901,0,2,3,4,4,6,6,6,6,0.1875,0.5504358655043586,0.2768011030679076,7.972810784121404,0,0,0.09375,0.125,0.125,0.1875,0.1875,0.1875,0.1875
7_39,NUEVA ALBORADA,ITAPUA,2010,25,72,608,851,3292,1,6,9,11,13,17,23,23,25,0.3472222222222222,0.7144535840188014,0.258505467800729,8.09925056179696,1,0.16666666666666666,0.125,0.1527777777777778,0.18055555555555555,0.2361111111111111,0.3194444444444444,0.3194444444444444,0.3472222222222222
7_41,OBLIGADO,ITAPUA,2006,10,48,769,1484,5525,1,4,6,6,6,8,8,9,10,0.20833333333333334,0.5181940700808625,0.2685972850678733,8.617038526385954,0,0.25,0.125,0.125,0.125,0.16666666666666666,0.16666666666666666,0.1875,0.20833333333333334
7_41,OBLIGADO,ITAPUA,2010,11,60,786,1317,5941,0,4,7,7,8,11,11,11,11,0.18333333333333332,0.5968109339407744,0.22167985187678843,8.689632748355741,1,0,0.11666666666666667,0.11666666666666667,0.13333333333333333,0.18333333333333332,0.18333333333333332,0.18333333333333332,0.18333333333333332
7_43,PIRAPO,ITAPUA,2006,16,36,310,775,3008,0,2,7,8,9,12,15,15,16,0.4444444444444444,0.4,0.2576462765957447,8.00903068506973,0,0,0.19444444444444445,0.2222222222222222,0.25,0.3333333333333333,0.4166666666666667,0.4166666666666667,0.4444444444444444
7_43,PIRAPO,ITAPUA,2010,16,48,345,638,3127,0,4,9,9,12,14,14,16,16,0.3333333333333333,0.5407523510971787,0.20402942117045092,8.047829357457841,1,0,0.1875,0.1875,0.25,0.2916666666666667,0.2916666666666667,0.3333333333333333,0.3333333333333333
7_45,SAN COSME Y DAMIAN,ITAPUA,2006,5,23,472,989,3520,1,2,4,5,5,5,5,5,5,0.21739130434782608,0.47724974721941354,0.28096590909090907,8.166216268592143,0,0.5,0.17391304347826086,0.21739130434782608,0.21739130434782608,0.21739130434782608,0.21739130434782608,0.21739130434782608,0.21739130434782608
7_45,SAN COSME Y DAMIAN,ITAPUA,2010,20,48,443,971,3882,2,3,9,11,13,14,14,18,20,0.4166666666666667,0.45623069001029865,0.25012879958784134,8.264105763728956,1,0.6666666666666666,0.1875,0.22916666666666666,0.2708333333333333,0.2916666666666667,0.2916666666666667,0.375,0.4166666666666667
7_47,SAN JUAN DEL PARANA,ITAPUA,2006,20,60,686,1249,4036,1,3,10,10,11,13,14,17,20,0.3333333333333333,0.5492393915132106,0.3094648166501487,8.3030093814735,0,0.3333333333333333,0.16666666666666666,0.16666666666666666,0.18333333333333332,0.21666666666666667,0.23333333333333334,0.2833333333333333,0.3333333333333333
7_47,SAN JUAN DEL PARANA,ITAPUA,2010,21,48,762,1252,4606,0,4,14,16,17,20,20,20,21,0.4375,0.6086261980830671,0.2718193660442901,8.43511508038063,1,0,0.2916666666666667,0.3333333333333333,0.3541666666666667,0.4166666666666667,0.4166666666666667,0.4166666666666667,0.4375
7_49,SAN PEDRO DEL PARANA,ITAPUA,2006,11,48,1402,4679,15120,0,3,5,7,9,9,9,11,11,0.22916666666666666,0.29963667450309894,0.30945767195767193,9.623773649733524,0,0,0.10416666666666667,0.14583333333333334,0.1875,0.1875,0.1875,0.22916666666666666,0.22916666666666666
7_49,SAN PEDRO DEL PARANA,ITAPUA,2010,19,45,1665,4332,16840,1,4,9,12,16,17,17,18,19,0.4222222222222222,0.3843490304709141,0.25724465558194776,9.731512287796317,1,0.25,0.2,0.26666666666666666,0.35555555555555557,0.37777777777777777,0.37777777777777777,0.4,0.4222222222222222
7_5,CAMBYRETA,ITAPUA,2006,11,48,820,2527,9323,0,2,5,5,5,6,7,9,11,0.22916666666666666,0.32449544914918876,0.2710500911723694,9.140239744296693,0,0,0.10416666666666667,0.10416666666666667,0.10416666666666667,0.125,0.14583333333333334,0.1875,0.22916666666666666
7_5,CAMBYRETA,ITAPUA,2010,27,84,1465,2976,12370,0,5,14,16,18,22,23,25,27,0.32142857142857145,0.49227150537634407,0.24058205335489086,9.423029465386534,1,0,0.16666666666666666,0.19047619047619047,0.21428571428571427,0.2619047619047619,0.27380952380952384,0.2976190476190476,0.32142857142857145
7_51,SAN RAFAEL DEL PARANA,ITAPUA,2006,12,48,1086,2214,7500,0,3,7,10,11,11,11,11,12,0.25,0.4905149051490515,0.2952,8.922658299524402,0,0,0.14583333333333334,0.20833333333333334,0.22916666666666666,0.22916666666666666,0.22916666666666666,0.22916666666666666,0.25
7_51,SAN RAFAEL DEL PARANA,ITAPUA,2010,33,84,1419,2667,9111,0,5,15,18,20,25,27,29,33,0.39285714285714285,0.532058492688414,0.29272308198880476,9.117237753713859,1,0,0.17857142857142858,0.21428571428571427,0.23809523809523808,0.2976190476190476,0.32142857142857145,0.34523809523809523,0.39285714285714285
7_53,TOMAS ROMERO PEREIRA,ITAPUA,2006,13,48,998,3954,12977,1,3,8,11,11,12,12,12,13,0.2708333333333333,0.25240263024785026,0.30469291823996303,9.470933838737231,0,0.3333333333333333,0.16666666666666666,0.22916666666666666,0.22916666666666666,0.25,0.25,0.25,0.2708333333333333
7_53,TOMAS ROMERO PEREIRA,ITAPUA,2010,38,108,1379,3451,13795,1,4,23,25,29,30,32,36,38,0.35185185185185186,0.3995943204868154,0.25016310257339613,9.532061486651386,1,0.25,0.21296296296296297,0.23148148148148148,0.26851851851851855,0.2777777777777778,0.2962962962962963,0.3333333333333333,0.35185185185185186
7_55,TRINIDAD,ITAPUA,2006,20,48,484,956,3323,1,4,10,14,16,17,18,18,20,0.4166666666666667,0.5062761506276151,0.28769184471862774,8.108623268354595,0,0.25,0.20833333333333334,0.2916666666666667,0.3333333333333333,0.3541666666666667,0.375,0.375,0.4166666666666667
7_55,TRINIDAD,ITAPUA,2010,32,72,560,963,3750,3,5,18,20,24,26,27,30,32,0.4444444444444444,0.5815160955347871,0.2568,8.229511118964457,1,0.6,0.25,0.2777777777777778,0.3333333333333333,0.3611111111111111,0.375,0.4166666666666667,0.4444444444444444
7_57,YATYTAY,ITAPUA,2006,23,48,747,1982,6090,0,2,12,12,15,18,22,22,23,0.4791666666666667,0.3768920282542886,0.32545155993431857,8.714403360703942,0,0,0.25,0.25,0.3125,0.375,0.4583333333333333,0.4583333333333333,0.4791666666666667
7_57,YATYTAY,ITAPUA,2010,21,60,754,1729,6361,0,5,13,13,13,16,17,20,21,0.35,0.43609022556390975,0.2718126080804905,8.757940876678804,1,0,0.21666666666666667,0.21666666666666667,0.21666666666666667,0.26666666666666666,0.2833333333333333,0.3333333333333333,0.35
7_7,CAPITAN MEZA,ITAPUA,2006,7,36,496,1303,4697,1,2,6,6,7,7,7,7,7,0.19444444444444445,0.3806600153491942,0.27741111347668723,8.454679286026995,0,0.5,0.16666666666666666,0.16666666666666666,0.19444444444444445,0.19444444444444445,0.19444444444444445,0.19444444444444445,0.19444444444444445
7_7,CAPITAN MEZA,ITAPUA,2010,17,48,633,1166,5096,0,4,9,10,12,13,13,16,17,0.3541666666666667,0.5428816466552315,0.22880690737833595,8.536211197252,1,0,0.1875,0.20833333333333334,0.25,0.2708333333333333,0.2708333333333333,0.3333333333333333,0.3541666666666667
7_9,CAPITAN MIRANDA,ITAPUA,2006,6,27,453,1137,4605,0,3,3,4,6,6,6,6,6,0.2222222222222222,0.39841688654353563,0.2469055374592834,8.434897948689407,0,0,0.1111111111111111,0.14814814814814814,0.2222222222222222,0.2222222222222222,0.2222222222222222,0.2222222222222222,0.2222222222222222
7_9,CAPITAN MIRANDA,ITAPUA,2010,7,18,526,964,4917,1,2,5,5,6,7,7,7,7,0.3888888888888889,0.5456431535269709,0.196054504779337,8.50045386741194,1,0.5,0.2777777777777778,0.2777777777777778,0.3333333333333333,0.3888888888888889,0.3888888888888889,0.3888888888888889,0.3888888888888889
8_0,SAN JUAN BAUTISTA,MISIONES,2006,21,48,2294,3580,10835,1,3,9,11,13,16,18,19,21,0.4375,0.6407821229050279,0.3304107060452238,9.29053691397046,0,0.3333333333333333,0.1875,0.22916666666666666,0.2708333333333333,0.3333333333333333,0.375,0.3958333333333333,0.4375
8_0,SAN JUAN BAUTISTA,MISIONES,2010,24,58,2609,4034,12334,0,3,12,14,16,21,22,23,24,0.41379310344827586,0.6467526028755578,0.32706340197827144,9.420114955551439,1,0,0.20689655172413793,0.2413793103448276,0.27586206896551724,0.3620689655172414,0.3793103448275862,0.39655172413793105,0.41379310344827586
8_1,AYOLAS,MISIONES,2006,14,47,1314,2685,8340,1,3,7,8,9,9,11,13,14,0.2978723404255319,0.4893854748603352,0.32194244604316546,9.028818495352793,0,0.3333333333333333,0.14893617021276595,0.1702127659574468,0.19148936170212766,0.19148936170212766,0.23404255319148937,0.2765957446808511,0.2978723404255319
8_1,AYOLAS,MISIONES,2010,37,83,1610,2852,9553,1,4,22,24,29,30,34,36,37,0.4457831325301205,0.5645161290322581,0.298544959698524,9.164610520270008,1,0.25,0.26506024096385544,0.2891566265060241,0.3493975903614458,0.3614457831325301,0.40963855421686746,0.43373493975903615,0.4457831325301205
8_11,SANTA ROSA,MISIONES,2006,25,60,1476,3691,11610,2,5,8,10,13,17,19,22,25,0.4166666666666667,0.3998916282850176,0.31791559000861325,9.359622074691938,0,0.4,0.13333333333333333,0.16666666666666666,0.21666666666666667,0.2833333333333333,0.31666666666666665,0.36666666666666664,0.4166666666666667
8_11,SANTA ROSA,MISIONES,2010,40,96,1737,3800,12511,2,7,16,23,26,31,35,38,40,0.4166666666666667,0.45710526315789474,0.3037327152106147,9.4343635363174,1,0.2857142857142857,0.16666666666666666,0.23958333333333334,0.2708333333333333,0.3229166666666667,0.3645833333333333,0.3958333333333333,0.4166666666666667
8_13,SANTIAGO,MISIONES,2006,12,48,892,1503,4769,0,3,7,9,9,10,11,11,12,0.25,0.5934797072521624,0.3151604109876284,8.469891918298224,0,0,0.14583333333333334,0.1875,0.1875,0.20833333333333334,0.22916666666666666,0.22916666666666666,0.25
8_13,SANTIAGO,MISIONES,2010,13,36,768,1360,5001,0,3,9,10,11,12,13,13,13,0.3611111111111111,0.5647058823529412,0.27194561087782443,8.517393171418904,1,0,0.25,0.2777777777777778,0.3055555555555556,0.3333333333333333,0.3611111111111111,0.3611111111111111,0.3611111111111111
8_15,VILLA FLORIDA,MISIONES,2006,12,36,583,834,2440,1,4,7,7,8,9,10,11,12,0.3333333333333333,0.6990407673860911,0.3418032786885246,7.799753318287247,0,0.25,0.19444444444444445,0.19444444444444445,0.2222222222222222,0.25,0.2777777777777778,0.3055555555555556,0.3333333333333333
8_15,VILLA FLORIDA,MISIONES,2010,8,27,540,854,2662,1,3,3,4,7,7,8,8,8,0.2962962962962963,0.6323185011709602,0.3208114199849737,7.8868329989550565,1,0.3333333333333333,0.1111111111111111,0.14814814814814814,0.25925925925925924,0.25925925925925924,0.2962962962962963,0.2962962962962963,0.2962962962962963
8_17,YABEBYRY,MISIONES,2006,13,36,294,571,2012,1,3,7,7,7,8,9,10,13,0.3611111111111111,0.5148861646234676,0.2837972166998012,7.60688453121963,0,0.3333333333333333,0.19444444444444445,0.19444444444444445,0.19444444444444445,0.2222222222222222,0.25,0.2777777777777778,0.3611111111111111
8_17,YABEBYRY,MISIONES,2010,12,36,344,535,2136,0,3,6,7,8,9,10,10,12,0.3333333333333333,0.6429906542056075,0.25046816479400746,7.666690200080086,1,0,0.16666666666666666,0.19444444444444445,0.2222222222222222,0.25,0.2777777777777778,0.2777777777777778,0.3333333333333333
8_3,SAN IGNACIO,MISIONES,2006,14,60,1742,4309,14510,0,3,10,11,11,12,12,14,14,0.23333333333333334,0.40427013228127173,0.2969676085458305,9.582593345878234,0,0,0.16666666666666666,0.18333333333333332,0.18333333333333332,0.2,0.2,0.23333333333333334,0.23333333333333334
8_3,SAN IGNACIO,MISIONES,2010,40,82,2472,4596,16545,1,5,19,22,28,31,34,36,40,0.4878048780487805,0.5378590078328982,0.27778785131459655,9.713839220355712,1,0.2,0.23170731707317074,0.2682926829268293,0.34146341463414637,0.3780487804878049,0.4146341463414634,0.43902439024390244,0.4878048780487805
8_5,SAN MIGUEL,MISIONES,2006,7,27,347,822,2896,0,3,3,3,3,5,5,7,7,0.25925925925925924,0.4221411192214112,0.2838397790055249,7.971085753505607,0,0,0.1111111111111111,0.1111111111111111,0.1111111111111111,0.18518518518518517,0.18518518518518517,0.25925925925925924,0.25925925925925924
8_5,SAN MIGUEL,MISIONES,2010,12,27,426,880,3196,1,2,6,8,9,11,11,12,12,0.4444444444444444,0.48409090909090907,0.2753441802252816,8.069655306886165,1,0.5,0.2222222222222222,0.2962962962962963,0.3333333333333333,0.4074074074074074,0.4074074074074074,0.4444444444444444,0.4444444444444444
8_7,SAN PATRICIO,MISIONES,2006,15,45,497,854,2696,1,3,9,11,11,12,12,13,15,0.3333333333333333,0.5819672131147541,0.3167655786350148,7.899524472032198,0,0.3333333333333333,0.2,0.24444444444444444,0.24444444444444444,0.26666666666666666,0.26666666666666666,0.28888888888888886,0.3333333333333333
8_7,SAN PATRICIO,MISIONES,2010,16,45,547,862,2957,2,3,11,12,12,12,13,14,16,0.35555555555555557,0.6345707656612529,0.291511667230301,7.9919305198524775,1,0.6666666666666666,0.24444444444444444,0.26666666666666666,0.26666666666666666,0.26666666666666666,0.28888888888888886,0.3111111111111111,0.35555555555555557
8_9,SANTA MARIA,MISIONES,2006,20,46,697,1264,4153,1,3,13,13,13,15,18,19,20,0.43478260869565216,0.5514240506329114,0.30435829520828317,8.331586243630754,0,0.3333333333333333,0.2826086956521739,0.2826086956521739,0.2826086956521739,0.32608695652173914,0.391304347826087,0.41304347826086957,0.43478260869565216
8_9,SANTA MARIA,MISIONES,2010,16,27,768,1311,4755,0,3,6,8,10,12,13,15,16,0.5925925925925926,0.585812356979405,0.2757097791798107,8.46695197497949,1,0,0.2222222222222222,0.2962962962962963,0.37037037037037035,0.4444444444444444,0.48148148148148145,0.5555555555555556,0.5925925925925926
9_0,PARAGUARI,PARAGUARI,2006,13,48,1688,3433,11372,0,1,7,9,10,11,12,13,13,0.2708333333333333,0.49169822312845907,0.30188181498417166,9.33890947277089,0,0,0.14583333333333334,0.1875,0.20833333333333334,0.22916666666666666,0.25,0.2708333333333333,0.2708333333333333
9_0,PARAGUARI,PARAGUARI,2010,34,72,1375,2970,11751,2,6,17,21,25,28,29,31,34,0.4722222222222222,0.46296296296296297,0.2527444472810825,9.371693622333941,1,0.3333333333333333,0.2361111111111111,0.2916666666666667,0.3472222222222222,0.3888888888888889,0.4027777777777778,0.4305555555555556,0.4722222222222222
9_1,ACAHAY,PARAGUARI,2006,19,45,1216,3119,10117,0,4,9,11,12,15,16,18,19,0.4222222222222222,0.38986854761141393,0.3082929722249679,9.22197245620589,0,0,0.2,0.24444444444444444,0.26666666666666666,0.3333333333333333,0.35555555555555557,0.4,0.4222222222222222
9_1,ACAHAY,PARAGUARI,2010,17,54,1318,2764,10357,1,5,8,9,11,14,15,16,17,0.3148148148148148,0.4768451519536903,0.26687264651926235,9.24541789858888,1,0.2,0.14814814814814814,0.16666666666666666,0.2037037037037037,0.25925925925925924,0.2777777777777778,0.2962962962962963,0.3148148148148148
9_11,LA COLMENA,PARAGUARI,2006,6,27,542,1029,3807,1,2,0,0,2,3,5,6,6,0.2222222222222222,0.5267249757045676,0.2702915681639086,8.244596756382498,0,0.5,0,0,0.07407407407407407,0.1111111111111111,0.18518518518518517,0.2222222222222222,0.2222222222222222
9_11,LA COLMENA,PARAGUARI,2010,13,36,628,1050,4231,1,4,5,8,10,10,11,12,13,0.3611111111111111,0.5980952380952381,0.24816828173008745,8.350193650720067,1,0.25,0.1388888888888889,0.2222222222222222,0.2777777777777778,0.2777777777777778,0.3055555555555556,0.3333333333333333,0.3611111111111111
9_13,MBUYAPEY,PARAGUARI,2006,17,36,680,1785,6307,1,3,7,10,13,15,17,17,17,0.4722222222222222,0.38095238095238093,0.2830188679245283,8.749415406663651,0,0.3333333333333333,0.19444444444444445,0.2777777777777778,0.3611111111111111,0.4166666666666667,0.4722222222222222,0.4722222222222222,0.4722222222222222
9_13,MBUYAPEY,PARAGUARI,2010,25,45,830,1710,6660,1,5,8,10,14,17,19,22,25,0.5555555555555556,0.4853801169590643,0.25675675675675674,8.803874763534434,1,0.2,0.17777777777777778,0.2222222222222222,0.3111111111111111,0.37777777777777777,0.4222222222222222,0.4888888888888889,0.5555555555555556
9_15,PIRAYU,PARAGUARI,2006,13,36,1166,2485,9116,0,4,7,9,10,11,12,12,13,0.3611111111111111,0.469215291750503,0.2725976305397104,9.117786390365575,0,0,0.19444444444444445,0.25,0.2777777777777778,0.3055555555555556,0.3333333333333333,0.3333333333333333,0.3611111111111111
9_15,PIRAYU,PARAGUARI,2010,15,36,1026,2185,9239,0,4,6,8,10,11,13,15,15,0.4166666666666667,0.46956521739130436,0.23649745643467907,9.131188933670746,1,0,0.16666666666666666,0.2222222222222222,0.2777777777777778,0.3055555555555556,0.3611111111111111,0.4166666666666667,0.4166666666666667
9_17,QUIINDY,PARAGUARI,2006,15,48,1713,3729,12612,0,3,8,8,11,12,13,15,15,0.3125,0.4593724859211585,0.2956707897240723,9.442404020664952,0,0,0.16666666666666666,0.16666666666666666,0.22916666666666666,0.25,0.2708333333333333,0.3125,0.3125
9_17,QUIINDY,PARAGUARI,2010,25,96,1764,3476,12810,1,5,15,17,20,22,22,24,25,0.2604166666666667,0.5074798619102416,0.2713505074160812,9.45798139489078,1,0.2,0.15625,0.17708333333333334,0.20833333333333334,0.22916666666666666,0.22916666666666666,0.25,0.2604166666666667
9_19,QUYQUYHO,PARAGUARI,2006,2,27,417,1058,4089,0,2,2,2,2,2,2,2,2,0.07407407407407407,0.3941398865784499,0.25874296894106136,8.316055720364643,0,0,0.07407407407407407,0.07407407407407407,0.07407407407407407,0.07407407407407407,0.07407407407407407,0.07407407407407407,0.07407407407407407
9_19,QUYQUYHO,PARAGUARI,2010,11,36,631,1105,4495,2,4,7,9,9,11,11,11,11,0.3055555555555556,0.5710407239819004,0.24582869855394884,8.410720946905721,1,0.5,0.19444444444444445,0.25,0.25,0.3055555555555556,0.3055555555555556,0.3055555555555556,0.3055555555555556
9_21,SAN ROQUE GONZALEZ DE SANTACRUZ,PARAGUARI,2006,9,36,720,1560,6109,1,3,6,7,7,8,8,8,9,0.25,0.46153846153846156,0.25536094287117367,8.717518372649767,0,0.3333333333333333,0.16666666666666666,0.19444444444444445,0.19444444444444445,0.2222222222222222,0.2222222222222222,0.2222222222222222,0.25
9_21,SAN ROQUE GONZALEZ DE SANTACRUZ,PARAGUARI,2010,13,36,782,1360,6330,1,3,4,4,7,9,12,12,13,0.3611111111111111,0.575,0.21484992101105846,8.753055515138222,1,0.3333333333333333,0.1111111111111111,0.1111111111111111,0.19444444444444445,0.25,0.3333333333333333,0.3333333333333333,0.3611111111111111
9_23,SAPUCAI,PARAGUARI,2006,7,27,555,1250,4210,1,3,4,5,5,6,7,7,7,0.25925925925925924,0.444,0.29691211401425177,8.345217926676428,0,0.3333333333333333,0.14814814814814814,0.18518518518518517,0.18518518518518517,0.2222222222222222,0.25925925925925924,0.25925925925925924,0.25925925925925924
9_23,SAPUCAI,PARAGUARI,2010,15,45,734,1421,4915,0,4,9,9,10,10,10,12,15,0.3333333333333333,0.5165376495425756,0.2891149542217701,8.500047032581268,1,0,0.2,0.2,0.2222222222222222,0.2222222222222222,0.2222222222222222,0.26666666666666666,0.3333333333333333
9_25,TEBICUARYMI,PARAGUARI,2006,4,27,421,757,2512,0,3,1,1,2,4,4,4,4,0.14814814814814814,0.5561426684280053,0.3013535031847134,7.828834527588089,0,0,0.037037037037037035,0.037037037037037035,0.07407407407407407,0.14814814814814814,0.14814814814814814,0.14814814814814814,0.14814814814814814
9_25,TEBICUARYMI,PARAGUARI,2010,12,36,431,647,2599,1,4,8,8,11,12,12,12,12,0.3333333333333333,0.6661514683153014,0.2489419007310504,7.8628820346414905,1,0.25,0.2222222222222222,0.2222222222222222,0.3055555555555556,0.3333333333333333,0.3333333333333333,0.3333333333333333,0.3333333333333333
9_27,YAGUARON,PARAGUARI,2006,15,48,2293,4519,15951,1,3,9,11,11,11,11,13,15,0.3125,0.5074131445009958,0.28330512193592877,9.677276802172448,0,0.3333333333333333,0.1875,0.22916666666666666,0.22916666666666666,0.22916666666666666,0.22916666666666666,0.2708333333333333,0.3125
9_27,YAGUARON,PARAGUARI,2010,24,48,2363,4141,16934,1,3,14,16,18,22,23,24,24,0.5,0.5706351122917169,0.24453761662926657,9.737078714202223,1,0.3333333333333333,0.2916666666666667,0.3333333333333333,0.375,0.4583333333333333,0.4791666666666667,0.5,0.5
9_29,YBYCUI,PARAGUARI,2006,8,36,1589,3475,12050,1,3,4,6,6,6,6,7,8,0.2222222222222222,0.4572661870503597,0.2883817427385892,9.396819938918801,0,0.3333333333333333,0.1111111111111111,0.16666666666666666,0.16666666666666666,0.16666666666666666,0.16666666666666666,0.19444444444444445,0.2222222222222222
9_29,YBYCUI,PARAGUARI,2010,20,60,1464,3367,12875,2,4,13,14,16,17,19,20,20,0.3333333333333333,0.4348084348084348,0.2615145631067961,9.463042725531936,1,0.5,0.21666666666666667,0.23333333333333334,0.26666666666666666,0.2833333333333333,0.31666666666666665,0.3333333333333333,0.3333333333333333
9_3,CAAPUCU,PARAGUARI,2006,12,48,542,1144,4377,1,3,5,5,6,8,8,10,12,0.25,0.4737762237762238,0.2613662325793923,8.384118837190895,0,0.3333333333333333,0.10416666666666667,0.10416666666666667,0.125,0.16666666666666666,0.16666666666666666,0.20833333333333334,0.25
9_3,CAAPUCU,PARAGUARI,2010,18,48,388,1011,4545,1,4,10,10,13,15,18,18,18,0.375,0.3837784371909001,0.22244224422442244,8.421783006611578,1,0.25,0.20833333333333334,0.20833333333333334,0.2708333333333333,0.3125,0.375,0.375,0.375
9_31,YBYTYMI,PARAGUARI,2006,8,27,554,1050,3666,0,2,4,5,6,8,8,8,8,0.2962962962962963,0.5276190476190477,0.2864157119476268,8.20685642839965,0,0,0.14814814814814814,0.18518518518518517,0.2222222222222222,0.2962962962962963,0.2962962962962963,0.2962962962962963,0.2962962962962963
9_31,YBYTYMI,PARAGUARI,2010,11,36,503,964,3767,0,3,6,6,8,9,9,11,11,0.3055555555555556,0.5217842323651453,0.25590655694186354,8.23403420769204,1,0,0.16666666666666666,0.16666666666666666,0.2222222222222222,0.25,0.25,0.3055555555555556,0.3055555555555556
9_5,CARAPEGUA,PARAGUARI,2006,24,60,2386,5489,20192,1,3,12,13,15,17,19,20,24,0.4,0.4346875569320459,0.2718403328050713,9.913041765340939,0,0.3333333333333333,0.2,0.21666666666666667,0.25,0.2833333333333333,0.31666666666666665,0.3333333333333333,0.4
9_5,CARAPEGUA,PARAGUARI,2010,29,72,2489,4753,20947,0,5,12,14,18,21,22,25,29,0.4027777777777778,0.5236692615190406,0.2269060008593116,9.949750717005767,1,0,0.16666666666666666,0.19444444444444445,0.25,0.2916666666666667,0.3055555555555556,0.3472222222222222,0.4027777777777778
9_7,ESCOBAR,PARAGUARI,2006,7,27,409,1093,3651,0,3,2,2,4,5,6,6,7,0.25925925925925924,0.37419945105215,0.2993700356066831,8.202756381655638,0,0,0.07407407407407407,0.07407407407407407,0.14814814814814814,0.18518518518518517,0.2222222222222222,0.2222222222222222,0.25925925925925924
9_7,ESCOBAR,PARAGUARI,2010,10,36,496,996,3726,0,4,5,6,6,6,7,9,10,0.2777777777777778,0.4979919678714859,0.2673107890499195,8.223090551161533,1,0,0.1388888888888889,0.16666666666666666,0.16666666666666666,0.16666666666666666,0.19444444444444445,0.25,0.2777777777777778
9_9,GENERAL BERNARDINO CABALLERO,PARAGUARI,2006,8,27,440,1408,4730,1,2,2,2,3,4,5,7,8,0.2962962962962963,0.3125,0.29767441860465116,8.46168048148598,0,0.5,0.07407407407407407,0.07407407407407407,0.1111111111111111,0.14814814814814814,0.18518518518518517,0.25925925925925924,0.2962962962962963
9_9,GENERAL BERNARDINO CABALLERO,PARAGUARI,2010,12,36,452,1160,4684,1,4,5,7,9,9,10,11,12,0.3333333333333333,0.3896551724137931,0.24765157984628522,8.451907724717607,1,0.25,0.1388888888888889,0.19444444444444445,0.25,0.25,0.2777777777777778,0.3055555555555556,0.3333333333333333
