unit,district,department,year,n_young,n_candidates,young_18to29_participation,young_18to29_register,total_electors,n_young_mayor,n_candidates_mayor,n_le29,n_le30,n_le31,n_le32,n_le33,n_le34,n_le35,youth_cand_share,youth_turnout_18to29,youth_share,log_total_electors,post,youth_cand_share_mayor,youth_cand_share_le29,youth_cand_share_le30,youth_cand_share_le31,youth_cand_share_le32,youth_cand_share_le33,youth_cand_share_le34,youth_cand_share_le35
0_0,ASUNCION,CAPITAL,2015,127,408,52296,103368,403444,0,3,62,68,82,90,102,116,127,0.3112745098039216,0.5059205943812398,0.2562139974816827,12.90779297143475,0,0,0.15196078431372548,0.16666666666666666,0.20098039215686275,0.22058823529411764,0.25,0.28431372549019607,0.3112745098039216
0_0,ASUNCION,CAPITAL,2021,147,552,63569,112309,431876,3,7,68,81,95,117,124,135,147,0.266304347826087,0.5660187518364512,0.260049180783373,12.975893788986195,1,0.42857142857142855,0.12318840579710146,0.14673913043478262,0.1721014492753623,0.21195652173913043,0.2246376811594203,0.24456521739130435,0.266304347826087
10_0,CIUDAD DEL ESTE,ALTO PARANA,2015,84,203,28905,61642,183811,0,7,50,57,63,68,73,80,84,0.41379310344827586,0.4689172966483891,0.3353553378198258,12.121663334773425,0,0,0.24630541871921183,0.28078817733990147,0.3103448275862069,0.33497536945812806,0.35960591133004927,0.39408866995073893,0.41379310344827586
10_0,CIUDAD DEL ESTE,ALTO PARANA,2021,93,336,40435,73631,219475,4,13,44,52,57,70,78,87,93,0.2767857142857143,0.5491572842960166,0.3354869575122451,12.29899360979441,1,0.3076923076923077,0.13095238095238096,0.15476190476190477,0.16964285714285715,0.20833333333333334,0.23214285714285715,0.25892857142857145,0.2767857142857143
10_1,DOCTOR JUAN LEON MALLORQUIN,ALTO PARANA,2015,15,48,2146,3459,11633,0,4,7,9,9,12,13,13,15,0.3125,0.6204105232726221,0.29734376343161695,9.361601165816767,0,0,0.14583333333333334,0.1875,0.1875,0.25,0.2708333333333333,0.2708333333333333,0.3125
10_1,DOCTOR JUAN LEON MALLORQUIN,ALTO PARANA,2021,18,60,2747,4189,13284,0,3,6,10,11,12,12,13,18,0.3,0.6557650990689902,0.3153417645287564,9.494315582496638,1,0,0.1,0.16666666666666666,0.18333333333333332,0.2,0.2,0.21666666666666667,0.3
10_11,JUAN EMILIO O'LEARY,ALTO PARANA,2015,11,48,2073,4231,12483,0,3,4,5,6,6,8,9,11,0.22916666666666666,0.4899550933585441,0.33894095970519905,9.432122997651051,0,0,0.08333333333333333,0.10416666666666667,0.125,0.125,0.16666666666666666,0.1875,0.22916666666666666
10_11,JUAN EMILIO O'LEARY,ALTO PARANA,2021,21,60,2710,4978,14859,0,3,7,9,12,16,17,17,21,0.35,0.5443953394937726,0.33501581533077596,9.6063610212563475,1,0,0.11666666666666667,0.15,0.2,0.26666666666666666,0.2833333333333333,0.2833333333333333,0.35
10_13,LOS CEDRALES,ALTO PARANA,2015,35,81,1366,2118,5960,0,2,19,20,22,26,29,31,35,0.43209876543209874,0.6449480642115203,0.3553691275167785,8.692825760059396,0,0,0.2345679012345679,0.24691358024691357,0.2716049382716049,0.32098765432098764,0.35802469135802467,0.38271604938271603,0.43209876543209874
10_13,LOS CEDRALES,ALTO PARANA,2021,49,96,1594,2409,7342,0,2,31,34,39,43,45,45,49,0.5104166666666666,0.6616853466168535,0.3281122309997276,8.90136656405678,1,0,0.3229166666666667,0.3541666666666667,0.40625,0.4479166666666667,0.46875,0.46875,0.5104166666666666
10_15,MBARACAYU,ALTO PARANA,2015,25,70,655,958,3437,2,5,12,14,17,18,22,23,25,0.35714285714285715,0.6837160751565762,0.27873145184754144,8.142354276849835,0,0.4,0.17142857142857143,0.2,0.24285714285714285,0.2571428571428571,0.3142857142857143,0.32857142857142857,0.35714285714285715
10_15,MBARACAYU,ALTO PARANA,2021,23,60,1005,1401,4739,0,2,9,10,12,13,16,20,23,0.38333333333333336,0.7173447537473233,0.29563198987128086,8.463581421967588,1,0,0.15,0.16666666666666666,0.2,0.21666666666666667,0.26666666666666666,0.3333333333333333,0.38333333333333336
10_17,MINGA GUAZU,ALTO PARANA,2015,32,107,5816,13847,39023,0,7,19,20,21,23,26,28,32,0.29906542056074764,0.42001877663031706,0.3548420162468288,10.571906494871117,0,0,0.17757009345794392,0.18691588785046728,0.19626168224299065,0.21495327102803738,0.24299065420560748,0.2616822429906542,0.29906542056074764
10_17,MINGA GUAZU,ALTO PARANA,2021,49,168,9943,17893,50908,0,6,27,32,36,42,43,45,49,0.2916666666666667,0.5556921701223942,0.3514771745108824,10.837775361111937,1,0,0.16071428571428573,0.19047619047619047,0.21428571428571427,0.25,0.25595238095238093,0.26785714285714285,0.2916666666666667
10_19,MINGA PORA,ALTO PARANA,2015,39,107,2108,2956,7832,1,3,22,24,25,29,30,35,39,0.3644859813084112,0.713125845737483,0.3774259448416752,8.965973184210347,0,0.3333333333333333,0.205607476635514,0.22429906542056074,0.2336448598130841,0.27102803738317754,0.2803738317757009,0.32710280373831774,0.3644859813084112
10_19,MINGA PORA,ALTO PARANA,2021,33,83,2082,3039,9103,1,4,20,22,25,26,29,30,33,0.39759036144578314,0.6850937808489634,0.3338459848401626,9.116359308505288,1,0.25,0.24096385542168675,0.26506024096385544,0.30120481927710846,0.3132530120481928,0.3493975903614458,0.3614457831325301,0.39759036144578314
10_2,DOCTOR RAUL PEÑA,ALTO PARANA,2015,14,45,863,1233,3552,0,2,6,7,9,11,13,13,14,0.3111111111111111,0.699918896999189,0.3471283783783784,8.17526610411206,0,0,0.13333333333333333,0.15555555555555556,0.2,0.24444444444444444,0.28888888888888886,0.28888888888888886,0.3111111111111111
10_2,DOCTOR RAUL PEÑA,ALTO PARANA,2021,18,45,928,1344,4442,0,2,10,12,13,14,16,17,18,0.4,0.6904761904761905,0.3025664115263395,8.398860004454372,1,0,0.2222222222222222,0.26666666666666666,0.28888888888888886,0.3111111111111111,0.35555555555555557,0.37777777777777777,0.4
10_21,NARANJAL,ALTO PARANA,2015,12,36,760,1204,3645,0,3,7,9,9,10,11,11,12,0.3333333333333333,0.6312292358803987,0.33031550068587107,8.201111644442758,0,0,0.19444444444444445,0.25,0.25,0.2777777777777778,0.3055555555555556,0.3055555555555556,0.3333333333333333
10_21,NARANJAL,ALTO PARANA,2021,15,36,1010,1563,4894,0,2,4,6,7,11,13,15,15,0.4166666666666667,0.6461932181701855,0.3193706579485084,8.495765244002618,1,0,0.1111111111111111,0.16666666666666666,0.19444444444444445,0.3055555555555556,0.3611111111111111,0.4166666666666667,0.4166666666666667
10_23,ÑACUNDAY,ALTO PARANA,2015,19,48,901,1373,4336,1,4,6,7,8,9,13,16,19,0.3958333333333333,0.6562272396212673,0.31665129151291516,8.374707543119483,0,0.25,0.125,0.14583333333333334,0.16666666666666666,0.1875,0.2708333333333333,0.3333333333333333,0.3958333333333333
10_23,ÑACUNDAY,ALTO PARANA,2021,24,72,1015,1582,5008,2,4,13,16,18,21,21,23,24,0.3333333333333333,0.6415929203539823,0.31589456869009586,8.518791912779934,1,0.5,0.18055555555555555,0.2222222222222222,0.25,0.2916666666666667,0.2916666666666667,0.3194444444444444,0.3333333333333333
10_25,PRESIDENTE FRANCO,ALTO PARANA,2015,28,108,8349,17134,46551,4,6,12,16,19,21,23,25,28,0.25925925925925924,0.48727675965915723,0.3680694292281584,10.748303764751594,0,0.6666666666666666,0.1111111111111111,0.14814814814814814,0.17592592592592593,0.19444444444444445,0.21296296296296297,0.23148148148148148,0.25925925925925924
10_25,PRESIDENTE FRANCO,ALTO PARANA,2021,82,204,10236,18239,54421,1,7,33,42,51,57,67,75,82,0.4019607843137255,0.5612149788913866,0.33514635894232003,10.904505387765616,1,0.14285714285714285,0.16176470588235295,0.20588235294117646,0.25,0.27941176470588236,0.3284313725490196,0.36764705882352944,0.4019607843137255
10_27,SAN ALBERTO,ALTO PARANA,2015,36,120,1484,2278,6718,1,4,17,22,24,26,27,31,36,0.3,0.6514486391571555,0.33908901458767493,8.812545770172237,0,0.25,0.14166666666666666,0.18333333333333332,0.2,0.21666666666666667,0.225,0.25833333333333336,0.3
10_27,SAN ALBERTO,ALTO PARANA,2021,12,60,2271,3364,10101,0,3,6,7,8,8,9,10,12,0.2,0.675089179548157,0.333036333036333,9.220389707829185,1,0,0.1,0.11666666666666667,0.13333333333333333,0.13333333333333333,0.15,0.16666666666666666,0.2
10_29,SAN CRISTOBAL,ALTO PARANA,2015,21,48,1376,2025,5234,0,2,9,10,11,12,15,17,21,0.4375,0.6795061728395062,0.3868933893771494,8.562931083090092,0,0,0.1875,0.20833333333333334,0.22916666666666666,0.25,0.3125,0.3541666666666667,0.4375
10_29,SAN CRISTOBAL,ALTO PARANA,2021,34,84,2030,2852,7861,0,3,17,21,25,28,30,34,34,0.40476190476190477,0.711781206171108,0.3628037145401348,8.969669103793757,1,0,0.20238095238095238,0.25,0.2976190476190476,0.3333333333333333,0.35714285714285715,0.40476190476190477,0.40476190476190477
10_3,DOMINGO MARTINEZ DE IRALA,ALTO PARANA,2015,6,36,1069,1474,4625,2,3,4,4,4,4,5,5,6,0.16666666666666666,0.7252374491180461,0.3187027027027027,8.439231649946526,0,0.6666666666666666,0.1111111111111111,0.1111111111111111,0.1111111111111111,0.1111111111111111,0.1388888888888889,0.1388888888888889,0.16666666666666666
10_3,DOMINGO MARTINEZ DE IRALA,ALTO PARANA,2021,5,27,1055,1557,5293,0,2,3,3,3,3,3,4,5,0.18518518518518517,0.6775850995504175,0.29416210088796524,8.574140471857987,1,0,0.1111111111111111,0.1111111111111111,0.1111111111111111,0.1111111111111111,0.1111111111111111,0.14814814814814814,0.18518518518518517
10_30,SANTA FE DEL PARANA,ALTO PARANA,2015,15,47,778,973,2794,0,2,6,7,11,14,14,14,15,0.3191489361702128,0.7995889003083247,0.34824624194702936,7.935229539816907,0,0,0.1276595744680851,0.14893617021276595,0.23404255319148937,0.2978723404255319,0.2978723404255319,0.2978723404255319,0.3191489361702128
10_30,SANTA FE DEL PARANA,ALTO PARANA,2021,22,72,868,1208,3928,0,1,13,14,17,18,19,19,22,0.3055555555555556,0.7185430463576159,0.3075356415478615,8.275885669474356,1,0,0.18055555555555555,0.19444444444444445,0.2361111111111111,0.25,0.2638888888888889,0.2638888888888889,0.3055555555555556
10_31,SANTA RITA,ALTO PARANA,2015,32,72,3120,5505,13268,1,3,21,22,23,28,29,30,32,0.4444444444444444,0.5667574931880109,0.4149080494422671,9.493110400066943,0,0.3333333333333333,0.2916666666666667,0.3055555555555556,0.3194444444444444,0.3888888888888889,0.4027777777777778,0.4166666666666667,0.4444444444444444
10_31,SANTA RITA,ALTO PARANA,2021,31,72,4129,6831,17828,0,3,17,17,21,25,28,31,31,0.4305555555555556,0.604450300102474,0.38316131927305364,9.788525534066446,1,0,0.2361111111111111,0.2361111111111111,0.2916666666666667,0.3472222222222222,0.3888888888888889,0.4305555555555556,0.4305555555555556
10_33,SANTA ROSA DEL MONDAY,ALTO PARANA,2015,16,36,763,1154,3511,1,3,9,11,12,13,14,15,16,0.4444444444444444,0.6611785095320624,0.3286812873825121,8.163656176168432,0,0.3333333333333333,0.25,0.3055555555555556,0.3333333333333333,0.3611111111111111,0.3888888888888889,0.4166666666666667,0.4444444444444444
10_33,SANTA ROSA DEL MONDAY,ALTO PARANA,2021,12,36,913,1364,4595,0,2,4,6,6,7,8,9,12,0.3333333333333333,0.6693548387096774,0.2968443960826986,8.432724034789787,1,0,0.1111111111111111,0.16666666666666666,0.16666666666666666,0.19444444444444445,0.2222222222222222,0.25,0.3333333333333333
10_34,TAVAPY,ALTO PARANA,2015,23,62,1547,2065,5482,2,5,10,11,12,13,16,21,23,0.3709677419354839,0.7491525423728813,0.3766873403867202,8.60922527686273,0,0.4,0.16129032258064516,0.1774193548387097,0.1935483870967742,0.20967741935483872,0.25806451612903225,0.3387096774193548,0.3709677419354839
10_34,TAVAPY,ALTO PARANA,2021,7,27,1665,2308,7028,0,2,2,2,2,3,4,5,7,0.25925925925925924,0.7214038128249567,0.3284006829823563,8.857657449306988,1,0,0.07407407407407407,0.07407407407407407,0.07407407407407407,0.1111111111111111,0.14814814814814814,0.18518518518518517,0.25925925925925924
10_35,YGUAZU,ALTO PARANA,2015,31,84,1239,2171,6468,0,3,17,18,23,26,28,30,31,0.36904761904761907,0.570704744357439,0.33565244279529993,8.774622220696997,0,0,0.20238095238095238,0.21428571428571427,0.27380952380952384,0.30952380952380953,0.3333333333333333,0.35714285714285715,0.36904761904761907
10_35,YGUAZU,ALTO PARANA,2021,22,60,1600,2471,8042,0,4,7,11,12,17,20,20,22,0.36666666666666664,0.6475111290975314,0.30726187515543396,8.992433087457218,1,0,0.11666666666666667,0.18333333333333332,0.2,0.2833333333333333,0.3333333333333333,0.3333333333333333,0.36666666666666664
10_5,HERNANDARIAS,ALTO PARANA,2015,125,284,7681,14069,40301,1,7,69,77,88,97,106,114,125,0.44014084507042256,0.5459520932546734,0.34909803726954663,10.604131561522696,0,0.14285714285714285,0.24295774647887325,0.2711267605633803,0.30985915492957744,0.3415492957746479,0.3732394366197183,0.4014084507042254,0.44014084507042256
10_5,HERNANDARIAS,ALTO PARANA,2021,97,264,11093,17006,49480,2,9,53,63,72,77,84,88,97,0.36742424242424243,0.6522991885216982,0.3436944219886823,10.809323826506423,1,0.2222222222222222,0.20075757575757575,0.23863636363636365,0.2727272727272727,0.2916666666666667,0.3181818181818182,0.3333333333333333,0.36742424242424243
10_7,IRUÑA,ALTO PARANA,2015,17,36,523,826,2809,0,3,8,10,11,13,13,13,17,0.4722222222222222,0.6331719128329297,0.29405482378070485,7.940583827104244,0,0,0.2222222222222222,0.2777777777777778,0.3055555555555556,0.3611111111111111,0.3611111111111111,0.3611111111111111,0.4722222222222222
10_7,IRUÑA,ALTO PARANA,2021,9,36,676,923,3290,1,4,4,4,6,7,7,8,9,0.25,0.7323943661971831,0.2805471124620061,8.098642843759418,1,0.25,0.1111111111111111,0.1111111111111111,0.16666666666666666,0.19444444444444445,0.19444444444444445,0.2222222222222222,0.25
10_9,ITAKYRY,ALTO PARANA,2015,34,95,2058,3962,12293,2,6,17,21,22,24,30,31,34,0.35789473684210527,0.519434628975265,0.3222972423330351,9.41678527366734,0,0.3333333333333333,0.17894736842105263,0.22105263157894736,0.23157894736842105,0.25263157894736843,0.3157894736842105,0.3263157894736842,0.35789473684210527
10_9,ITAKYRY,ALTO PARANA,2021,31,84,3637,5887,17001,2,3,12,13,14,18,20,27,31,0.36904761904761907,0.6178019364701886,0.34627374860302335,9.741027444837728,1,0.6666666666666666,0.14285714285714285,0.15476190476190477,0.16666666666666666,0.21428571428571427,0.23809523809523808,0.32142857142857145,0.36904761904761907
11_0,AREGUA,CENTRAL,2015,49,120,5518,11420,34760,0,3,20,22,23,26,34,40,49,0.4083333333333333,0.48318739054290716,0.3285385500575374,10.456222579379329,0,0,0.16666666666666666,0.18333333333333332,0.19166666666666668,0.21666666666666667,0.2833333333333333,0.3333333333333333,0.4083333333333333
11_0,AREGUA,CENTRAL,2021,29,96,7400,14447,43868,1,5,17,22,25,25,25,26,29,0.3020833333333333,0.5122170692877414,0.3293288957782438,10.6889404038801,1,0.2,0.17708333333333334,0.22916666666666666,0.2604166666666667,0.2604166666666667,0.2604166666666667,0.2708333333333333,0.3020833333333333
11_1,CAPIATA,CENTRAL,2015,31,108,14005,37029,109686,1,3,12,17,20,22,27,28,31,0.28703703703703703,0.37821707310486374,0.33759094141458346,11.60537701733514,0,0.3333333333333333,0.1111111111111111,0.1574074074074074,0.18518518518518517,0.2037037037037037,0.25,0.25925925925925924,0.28703703703703703
11_1,CAPIATA,CENTRAL,2021,23,96,19369,47794,136818,1,4,12,12,12,17,21,22,23,0.23958333333333334,0.4052600744863372,0.3493253811632972,11.826406854462205,1,0.25,0.125,0.125,0.125,0.17708333333333334,0.21875,0.22916666666666666,0.23958333333333334
11_11,JULIAN AUGUSTO SALDIVAR,CENTRAL,2015,24,96,3640,9699,29562,2,5,10,14,17,18,20,20,24,0.25,0.3752964223115785,0.32809011568906027,10.294245031772018,0,0.4,0.10416666666666667,0.14583333333333334,0.17708333333333334,0.1875,0.20833333333333334,0.20833333333333334,0.25
11_11,JULIAN AUGUSTO SALDIVAR,CENTRAL,2021,25,60,6201,11897,37485,1,4,11,12,15,16,20,21,25,0.4166666666666667,0.5212238379423384,0.31738028544751234,10.531696131937162,1,0.25,0.18333333333333332,0.2,0.25,0.26666666666666666,0.3333333333333333,0.35,0.4166666666666667
11_13,LAMBARE,CENTRAL,2015,47,168,13416,32727,98912,0,2,23,32,35,40,44,44,47,0.27976190476190477,0.40993674947291225,0.3308698641216435,11.501985844931843,0,0,0.13690476190476192,0.19047619047619047,0.20833333333333334,0.23809523809523808,0.2619047619047619,0.2619047619047619,0.27976190476190477
11_13,LAMBARE,CENTRAL,2021,38,132,17481,33695,109583,1,6,13,16,21,26,31,35,38,0.2878787878787879,0.518801009051788,0.30748382504585564,11.60443753197628,1,0.16666666666666666,0.09848484848484848,0.12121212121212122,0.1590909090909091,0.19696969696969696,0.23484848484848486,0.26515151515151514,0.2878787878787879
11_15,LIMPIO,CENTRAL,2015,30,84,8982,18622,55311,0,3,16,18,23,23,26,28,30,0.35714285714285715,0.48233272473418537,0.3366780568060603,10.9207270827385,0,0,0.19047619047619047,0.21428571428571427,0.27380952380952384,0.27380952380952384,0.30952380952380953,0.3333333333333333,0.35714285714285715
11_15,LIMPIO,CENTRAL,2021,38,144,12859,24842,71262,0,8,14,18,22,25,30,33,38,0.2638888888888889,0.5176314306416553,0.34860093738598413,11.174118505002296,1,0,0.09722222222222222,0.125,0.1527777777777778,0.1736111111111111,0.20833333333333334,0.22916666666666666,0.2638888888888889
11_17,LUQUE,CENTRAL,2015,37,143,18980,45821,136117,0,7,20,21,25,26,29,34,37,0.25874125874125875,0.4142205538945025,0.33662951725353923,11.82127008899495,0,0,0.13986013986013987,0.14685314685314685,0.17482517482517482,0.18181818181818182,0.20279720279720279,0.23776223776223776,0.25874125874125875
11_17,LUQUE,CENTRAL,2021,62,168,25117,51973,157280,0,6,32,36,41,49,55,58,62,0.36904761904761907,0.4832701595058973,0.33044888097660224,11.965782935380993,1,0,0.19047619047619047,0.21428571428571427,0.24404761904761904,0.2916666666666667,0.3273809523809524,0.34523809523809523,0.36904761904761907
11_19,MARIANO ROQUE ALONSO,CENTRAL,2015,48,132,8449,17924,53144,1,4,27,30,34,37,43,46,48,0.36363636363636365,0.47137915643829503,0.3372723167243715,10.880760489345077,0,0.25,0.20454545454545456,0.22727272727272727,0.25757575757575757,0.2803030303030303,0.32575757575757575,0.3484848484848485,0.36363636363636365
11_19,MARIANO ROQUE ALONSO,CENTRAL,2021,52,144,12099,21021,64495,1,8,21,23,28,34,37,40,52,0.3611111111111111,0.5755672898530041,0.3259322428095201,11.074342980399237,1,0.125,0.14583333333333334,0.1597222222222222,0.19444444444444445,0.2361111111111111,0.2569444444444444,0.2777777777777778,0.3611111111111111
11_21,NUEVA ITALIA,CENTRAL,2015,12,36,1538,2083,7259,0,2,7,7,8,9,10,10,12,0.3333333333333333,0.7383581373019683,0.2869541259126601,8.889997357284841,0,0,0.19444444444444445,0.19444444444444445,0.2222222222222222,0.25,0.2777777777777778,0.2777777777777778,0.3333333333333333
11_21,NUEVA ITALIA,CENTRAL,2021,8,36,1620,2264,8238,0,2,3,4,5,7,7,7,8,0.2222222222222222,0.715547703180212,0.2748239864044671,9.016512874996026,1,0,0.08333333333333333,0.1111111111111111,0.1388888888888889,0.19444444444444445,0.19444444444444445,0.19444444444444445,0.2222222222222222
11_23,ÑEMBY,CENTRAL,2015,69,167,11305,23235,67451,2,4,35,40,48,51,57,63,69,0.41317365269461076,0.48655046266408436,0.3444722835836385,11.119156687322887,0,0.5,0.20958083832335328,0.23952095808383234,0.2874251497005988,0.30538922155688625,0.3413173652694611,0.3772455089820359,0.41317365269461076
11_23,ÑEMBY,CENTRAL,2021,39,144,14267,27205,79722,1,7,18,20,26,29,31,34,39,0.2708333333333333,0.5244256570483367,0.34124833797446125,11.286300861819363,1,0.14285714285714285,0.125,0.1388888888888889,0.18055555555555555,0.2013888888888889,0.2152777777777778,0.2361111111111111,0.2708333333333333
11_25,SAN ANTONIO,CENTRAL,2015,35,96,4593,9948,29396,0,2,10,15,20,25,30,31,35,0.3645833333333333,0.4617008443908323,0.33841338957681316,10.288613889648762,0,0,0.10416666666666667,0.15625,0.20833333333333334,0.2604166666666667,0.3125,0.3229166666666667,0.3645833333333333
11_25,SAN ANTONIO,CENTRAL,2021,35,144,7386,12337,36745,0,3,17,20,24,25,30,31,35,0.24305555555555555,0.5986868768744428,0.3357463600489863,10.511757440962972,1,0,0.11805555555555555,0.1388888888888889,0.16666666666666666,0.1736111111111111,0.20833333333333334,0.2152777777777778,0.24305555555555555
11_27,SAN LORENZO,CENTRAL,2015,50,144,16135,45216,142049,0,5,21,22,26,31,39,43,50,0.3472222222222222,0.3568427105449398,0.3183126949151349,11.863927347482827,0,0,0.14583333333333334,0.1527777777777778,0.18055555555555555,0.2152777777777778,0.2708333333333333,0.2986111111111111,0.3472222222222222
11_27,SAN LORENZO,CENTRAL,2021,42,168,23224,51153,160840,2,8,16,17,19,27,32,37,42,0.25,0.4540105174672062,0.3180365580701318,11.98816536101121,1,0.25,0.09523809523809523,0.10119047619047619,0.1130952380952381,0.16071428571428573,0.19047619047619047,0.22023809523809523,0.25
11_29,VILLA ELISA,CENTRAL,2015,38,120,7750,15068,45504,1,6,14,17,20,22,25,32,38,0.31666666666666665,0.5143350146004778,0.33113572433192684,10.725555513162913,0,0.16666666666666666,0.11666666666666667,0.14166666666666666,0.16666666666666666,0.18333333333333332,0.20833333333333334,0.26666666666666666,0.31666666666666665
11_29,VILLA ELISA,CENTRAL,2021,33,108,9624,16692,53246,2,6,14,15,22,23,26,29,33,0.3055555555555556,0.5765636232925953,0.3134883371520865,10.88267796337933,1,0.3333333333333333,0.12962962962962962,0.1388888888888889,0.2037037037037037,0.21296296296296297,0.24074074074074073,0.26851851851851855,0.3055555555555556
11_3,FERNANDO DE LA MORA,CENTRAL,2015,19,84,12880,29105,97975,0,2,10,14,15,17,18,18,19,0.2261904761904762,0.44253564679608315,0.2970655779535596,11.492467623067832,0,0,0.11904761904761904,0.16666666666666666,0.17857142857142858,0.20238095238095238,0.21428571428571427,0.21428571428571427,0.2261904761904762
11_3,FERNANDO DE LA MORA,CENTRAL,2021,30,108,15722,29683,105462,0,3,11,14,15,20,24,26,30,0.2777777777777778,0.5296634437219958,0.2814568280518101,11.566105977440953,1,0,0.10185185185185185,0.12962962962962962,0.1388888888888889,0.18518518518518517,0.2222222222222222,0.24074074074074073,0.2777777777777778
11_31,VILLETA,CENTRAL,2015,45,132,4406,6118,20216,0,2,19,25,29,30,38,39,45,0.3409090909090909,0.7201699901928735,0.3026315789473684,9.91422964906803,0,0,0.14393939393939395,0.1893939393939394,0.2196969696969697,0.22727272727272727,0.2878787878787879,0.29545454545454547,0.3409090909090909
11_31,VILLETA,CENTRAL,2021,39,108,4901,6565,22853,0,3,17,22,27,29,31,37,39,0.3611111111111111,0.7465346534653465,0.2872708178357327,10.036837678732885,1,0,0.1574074074074074,0.2037037037037037,0.25,0.26851851851851855,0.28703703703703703,0.3425925925925926,0.3611111111111111
11_33,YPACARAI,CENTRAL,2015,18,60,2859,4511,15515,1,2,10,10,11,13,16,17,18,0.3,0.6337840833518067,0.29075088623912343,9.64956257688248,0,0.5,0.16666666666666666,0.16666666666666666,0.18333333333333332,0.21666666666666667,0.26666666666666666,0.2833333333333333,0.3
11_33,YPACARAI,CENTRAL,2021,18,60,3034,4766,17013,0,3,8,11,14,15,17,17,18,0.3,0.6365925304238355,0.2801387174513607,9.741733036682138,1,0,0.13333333333333333,0.18333333333333332,0.23333333333333334,0.25,0.2833333333333333,0.2833333333333333,0.3
11_35,YPANE,CENTRAL,2015,37,108,4585,8827,26892,1,4,17,20,22,25,32,37,37,0.3425925925925926,0.5194290245836638,0.32823888145173286,10.199584123588927,0,0.25,0.1574074074074074,0.18518518518518517,0.2037037037037037,0.23148148148148148,0.2962962962962963,0.3425925925925926,0.3425925925925926
11_35,YPANE,CENTRAL,2021,23,84,6211,12105,36683,0,5,12,13,15,16,17,20,23,0.27380952380952384,0.5130937629078893,0.32998936837227055,10.510068711466475,1,0,0.14285714285714285,0.15476190476190477,0.17857142857142858,0.19047619047619047,0.20238095238095238,0.23809523809523808,0.27380952380952384
11_5,GUARAMBARE,CENTRAL,2015,35,84,2143,4541,14615,1,2,14,19,27,28,28,34,35,0.4166666666666667,0.47192248403435366,0.31070817653096133,9.589803677545346,0,0.5,0.16666666666666666,0.2261904761904762,0.32142857142857145,0.3333333333333333,0.3333333333333333,0.40476190476190477,0.4166666666666667
11_5,GUARAMBARE,CENTRAL,2021,21,60,3644,5473,17566,0,3,6,9,11,14,16,19,21,0.35,0.6658139959802668,0.31156780143458956,9.773720494477063,1,0,0.1,0.15,0.18333333333333332,0.23333333333333334,0.26666666666666666,0.31666666666666665,0.35
11_7,ITA,CENTRAL,2015,33,84,7651,13666,43891,0,3,16,19,23,26,28,32,33,0.39285714285714285,0.5598565783696766,0.3113622382720831,10.689464566656033,0,0,0.19047619047619047,0.2261904761904762,0.27380952380952384,0.30952380952380953,0.3333333333333333,0.38095238095238093,0.39285714285714285
11_7,ITA,CENTRAL,2021,41,96,8992,15077,50250,1,3,18,21,26,28,31,35,41,0.4270833333333333,0.5964051203820389,0.30003980099502486,10.824765825921322,1,0.3333333333333333,0.1875,0.21875,0.2708333333333333,0.2916666666666667,0.3229166666666667,0.3645833333333333,0.4270833333333333
11_9,ITAUGUA,CENTRAL,2015,27,96,7104,14425,45907,0,5,10,13,18,20,23,24,27,0.28125,0.49247833622183707,0.31422223190363124,10.734372889867487,0,0,0.10416666666666667,0.13541666666666666,0.1875,0.20833333333333334,0.23958333333333334,0.25,0.28125
11_9,ITAUGUA,CENTRAL,2021,30,84,12262,19308,58317,1,2,15,16,18,20,26,29,30,0.35714285714285715,0.6350735446447069,0.3310869900715057,10.973648925030222,1,0.5,0.17857142857142858,0.19047619047619047,0.21428571428571427,0.23809523809523808,0.30952380952380953,0.34523809523809523,0.35714285714285715
12_0,PILAR,ÑEEMBUCU,2015,39,96,4067,6413,23256,1,3,17,21,23,27,33,35,39,0.40625,0.6341805707157336,0.27575679394564845,10.054318442238712,0,0.3333333333333333,0.17708333333333334,0.21875,0.23958333333333334,0.28125,0.34375,0.3645833333333333,0.40625
12_0,PILAR,ÑEEMBUCU,2021,36,108,4499,6454,25051,1,2,22,23,25,29,34,35,36,0.3333333333333333,0.6970870777812209,0.2576344257714263,10.128669025875903,1,0.5,0.2037037037037037,0.21296296296296297,0.23148148148148148,0.26851851851851855,0.3148148148148148,0.32407407407407407,0.3333333333333333
12_1,ALBERDI,ÑEEMBUCU,2015,11,27,739,1500,6225,1,2,3,6,6,6,9,11,11,0.4074074074074074,0.49266666666666664,0.24096385542168675,8.736328721332908,0,0.5,0.1111111111111111,0.2222222222222222,0.2222222222222222,0.2222222222222222,0.3333333333333333,0.4074074074074074,0.4074074074074074
12_1,ALBERDI,ÑEEMBUCU,2021,11,27,1274,1876,7555,1,3,3,5,7,9,9,10,11,0.4074074074074074,0.6791044776119403,0.2483123759099934,8.92996487470684,1,0.3333333333333333,0.1111111111111111,0.18518518518518517,0.25925925925925924,0.3333333333333333,0.3333333333333333,0.37037037037037035,0.4074074074074074
12_11,HUMAITA,ÑEEMBUCU,2015,12,24,359,530,2297,0,2,5,5,8,11,11,11,12,0.5,0.6773584905660377,0.23073574227252938,7.739359202689098,0,0,0.20833333333333334,0.20833333333333334,0.3333333333333333,0.4583333333333333,0.4583333333333333,0.4583333333333333,0.5
12_11,HUMAITA,ÑEEMBUCU,2021,14,36,371,531,2503,0,3,7,10,11,11,11,13,14,0.3888888888888889,0.6986817325800376,0.2121454254894127,7.8252452914317745,1,0,0.19444444444444445,0.2777777777777778,0.3055555555555556,0.3055555555555556,0.3055555555555556,0.3611111111111111,0.3888888888888889
12_13,ISLA UMBU,ÑEEMBUCU,2015,12,24,381,491,2329,1,2,7,8,9,12,12,12,12,0.5,0.7759674134419552,0.2108200944611421,7.753194269884341,0,0.5,0.2916666666666667,0.3333333333333333,0.375,0.5,0.5,0.5,0.5
12_13,ISLA UMBU,ÑEEMBUCU,2021,10,18,378,479,2580,0,2,3,4,4,4,6,9,10,0.5555555555555556,0.7891440501043842,0.18565891472868218,7.855544677915663,1,0,0.16666666666666666,0.2222222222222222,0.2222222222222222,0.2222222222222222,0.3333333333333333,0.5,0.5555555555555556
12_15,LAURELES,ÑEEMBUCU,2015,12,36,352,514,2514,0,4,7,7,8,10,10,10,12,0.3333333333333333,0.6848249027237354,0.20445505171042164,7.829630389150193,0,0,0.19444444444444445,0.19444444444444445,0.2222222222222222,0.2777777777777778,0.2777777777777778,0.2777777777777778,0.3333333333333333
12_15,LAURELES,ÑEEMBUCU,2021,6,18,424,630,2798,0,2,3,3,4,4,6,6,6,0.3333333333333333,0.6730158730158731,0.22516082916368835,7.936660155225426,1,0,0.16666666666666666,0.16666666666666666,0.2222222222222222,0.2222222222222222,0.3333333333333333,0.3333333333333333,0.3333333333333333
12_17,MAYOR JOSE DEJESUS MARTINEZ,ÑEEMBUCU,2015,18,48,473,873,3315,1,4,10,11,11,12,15,16,18,0.375,0.5418098510882016,0.26334841628959277,8.106212902619962,0,0.25,0.20833333333333334,0.22916666666666666,0.22916666666666666,0.25,0.3125,0.3333333333333333,0.375
12_17,MAYOR JOSE DEJESUS MARTINEZ,ÑEEMBUCU,2021,12,36,486,822,3585,0,2,8,9,10,10,11,11,12,0.3333333333333333,0.5912408759124088,0.2292887029288703,8.184513753033722,1,0,0.2222222222222222,0.25,0.2777777777777778,0.2777777777777778,0.3055555555555556,0.3055555555555556,0.3333333333333333
12_19,PASO DE PATRIA,ÑEEMBUCU,2015,10,27,257,357,1481,0,2,2,5,5,6,7,9,10,0.37037037037037035,0.7198879551820728,0.24105334233625927,7.300472814267799,0,0,0.07407407407407407,0.18518518518518517,0.18518518518518517,0.2222222222222222,0.25925925925925924,0.3333333333333333,0.37037037037037035
12_19,PASO DE PATRIA,ÑEEMBUCU,2021,7,27,235,317,1632,0,3,2,4,4,4,5,6,7,0.25925925925925924,0.7413249211356467,0.19424019607843138,7.397561535524052,1,0,0.07407407407407407,0.14814814814814814,0.14814814814814814,0.14814814814814814,0.18518518518518517,0.2222222222222222,0.25925925925925924
12_21,SAN JUAN BAUTISTA,ÑEEMBUCU,2015,8,27,568,994,3799,0,3,5,5,6,6,6,7,8,0.2962962962962963,0.5714285714285714,0.2616478020531719,8.242493153187626,0,0,0.18518518518518517,0.18518518518518517,0.2222222222222222,0.2222222222222222,0.2222222222222222,0.25925925925925924,0.2962962962962963
12_21,SAN JUAN BAUTISTA,ÑEEMBUCU,2021,3,18,592,1020,4092,1,2,2,3,3,3,3,3,3,0.16666666666666666,0.5803921568627451,0.24926686217008798,8.316789127071518,1,0.5,0.1111111111111111,0.16666666666666666,0.16666666666666666,0.16666666666666666,0.16666666666666666,0.16666666666666666,0.16666666666666666
12_23,TACUARAS,ÑEEMBUCU,2015,7,36,362,798,2676,1,2,4,4,5,6,6,7,7,0.19444444444444445,0.45363408521303256,0.2982062780269058,7.892078421248119,0,0.5,0.1111111111111111,0.1111111111111111,0.1388888888888889,0.16666666666666666,0.16666666666666666,0.19444444444444445,0.19444444444444445
12_23,TACUARAS,ÑEEMBUCU,2021,8,27,442,783,2823,0,3,3,3,4,6,7,7,8,0.2962962962962963,0.5644955300127714,0.2773645058448459,7.945555428253489,1,0,0.1111111111111111,0.1111111111111111,0.14814814814814814,0.2222222222222222,0.25925925925925924,0.25925925925925924,0.2962962962962963
12_25,VILLA FRANCA,ÑEEMBUCU,2015,8,24,168,225,919,1,2,5,5,6,6,8,8,8,0.3333333333333333,0.7466666666666667,0.24483133841131666,6.823286122355687,0,0.5,0.20833333333333334,0.20833333333333334,0.25,0.25,0.3333333333333333,0.3333333333333333,0.3333333333333333
12_25,VILLA FRANCA,ÑEEMBUCU,2021,8,18,217,267,1194,0,1,3,5,5,5,6,6,8,0.4444444444444444,0.8127340823970037,0.2236180904522613,7.085064293952548,1,0,0.16666666666666666,0.2777777777777778,0.2777777777777778,0.2777777777777778,0.3333333333333333,0.3333333333333333,0.4444444444444444
12_27,VILLA OLIVA,ÑEEMBUCU,2015,8,27,521,653,2542,0,2,2,3,5,6,7,8,8,0.2962962962962963,0.7978560490045942,0.25688434303697877,7.8407064517494,0,0,0.07407407407407407,0.1111111111111111,0.18518518518518517,0.2222222222222222,0.25925925925925924,0.2962962962962963,0.2962962962962963
12_27,VILLA OLIVA,ÑEEMBUCU,2021,6,27,623,828,3227,0,2,5,5,5,5,5,5,6,0.2222222222222222,0.7524154589371981,0.2565850635264952,8.079308192051961,1,0,0.18518518518518517,0.18518518518518517,0.18518518518518517,0.18518518518518517,0.18518518518518517,0.18518518518518517,0.2222222222222222
12_29,VILLALBIN,ÑEEMBUCU,2015,11,35,322,572,1951,0,2,6,6,8,8,9,10,11,0.3142857142857143,0.5629370629370629,0.29318298308559715,7.576097340623111,0,0,0.17142857142857143,0.17142857142857143,0.22857142857142856,0.22857142857142856,0.2571428571428571,0.2857142857142857,0.3142857142857143
12_29,VILLALBIN,ÑEEMBUCU,2021,14,24,371,558,2199,0,2,7,9,9,9,12,13,14,0.5833333333333334,0.6648745519713262,0.25375170532060026,7.695757990554761,1,0,0.2916666666666667,0.375,0.375,0.375,0.5,0.5416666666666666,0.5833333333333334
12_3,CERRITO,ÑEEMBUCU,2015,9,36,543,958,3601,0,2,3,4,5,5,6,7,9,0.25,0.5668058455114823,0.2660372118855873,8.188966863648876,0,0,0.08333333333333333,0.1111111111111111,0.1388888888888889,0.1388888888888889,0.16666666666666666,0.19444444444444445,0.25
12_3,CERRITO,ÑEEMBUCU,2021,10,48,550,1046,4042,0,2,4,5,6,7,9,10,10,0.20833333333333334,0.5258126195028681,0.2587827808015834,8.304494897963567,1,0,0.08333333333333333,0.10416666666666667,0.125,0.14583333333333334,0.1875,0.20833333333333334,0.20833333333333334
12_5,DESMOCHADOS,ÑEEMBUCU,2015,3,18,204,322,1415,0,1,1,1,1,1,2,2,3,0.16666666666666666,0.6335403726708074,0.2275618374558304,7.254884810077338,0,0,0.05555555555555555,0.05555555555555555,0.05555555555555555,0.05555555555555555,0.1111111111111111,0.1111111111111111,0.16666666666666666
12_5,DESMOCHADOS,ÑEEMBUCU,2021,3,18,154,267,1423,0,2,1,2,2,2,2,3,3,0.16666666666666666,0.5767790262172284,0.1876317638791286,7.260522598089852,1,0,0.05555555555555555,0.1111111111111111,0.1111111111111111,0.1111111111111111,0.1111111111111111,0.16666666666666666,0.16666666666666666
12_7,GENERAL JOSE EDUVIGIS DIAZ,ÑEEMBUCU,2015,17,48,387,679,2969,0,4,7,8,10,11,12,16,17,0.3541666666666667,0.5699558173784978,0.2286965308184574,7.99598047476376,0,0,0.14583333333333334,0.16666666666666666,0.20833333333333334,0.22916666666666666,0.25,0.3333333333333333,0.3541666666666667
12_7,GENERAL JOSE EDUVIGIS DIAZ,ÑEEMBUCU,2021,20,48,504,845,3536,1,3,10,11,13,14,17,19,20,0.4166666666666667,0.5964497041420118,0.23897058823529413,8.170751423757535,1,0.3333333333333333,0.20833333333333334,0.22916666666666666,0.2708333333333333,0.2916666666666667,0.3541666666666667,0.3958333333333333,0.4166666666666667
12_9,GUAZU CUA,ÑEEMBUCU,2015,5,18,163,326,1409,0,1,3,3,3,3,3,5,5,0.2777777777777778,0.5,0.2313697657913414,7.25063551189868,0,0,0.16666666666666666,0.16666666666666666,0.16666666666666666,0.16666666666666666,0.16666666666666666,0.2777777777777778,0.2777777777777778
12_9,GUAZU CUA,ÑEEMBUCU,2021,5,18,384,494,2095,0,2,4,4,4,4,4,5,5,0.2777777777777778,0.7773279352226721,0.23579952267303103,7.647308832356238,1,0,0.2222222222222222,0.2222222222222222,0.2222222222222222,0.2222222222222222,0.2222222222222222,0.2777777777777778,0.2777777777777778
13_1,BELLA VISTA,AMAMBAY,2015,10,36,1064,1701,7201,0,2,3,4,4,5,6,10,10,0.2777777777777778,0.6255144032921811,0.2362171920566588,8.881975184248867,0,0,0.08333333333333333,0.1111111111111111,0.1111111111111111,0.1388888888888889,0.16666666666666666,0.2777777777777778,0.2777777777777778
13_1,BELLA VISTA,AMAMBAY,2021,16,60,1051,1958,8085,1,3,6,10,12,14,16,16,16,0.26666666666666666,0.5367722165474974,0.24217687074829933,8.997765772011208,1,0.3333333333333333,0.1,0.16666666666666666,0.2,0.23333333333333334,0.26666666666666666,0.26666666666666666,0.26666666666666666
13_3,CAPITAN BADO,AMAMBAY,2015,16,48,2099,3222,11084,1,2,8,10,11,12,14,14,16,0.3333333333333333,0.6514587212911235,0.2906892818477084,9.31325790598287,0,0.5,0.16666666666666666,0.20833333333333334,0.22916666666666666,0.25,0.2916666666666667,0.2916666666666667,0.3333333333333333
13_3,CAPITAN BADO,AMAMBAY,2021,31,72,2504,4007,13141,0,4,10,13,17,20,24,27,31,0.4305555555555556,0.6249064137758922,0.3049235218019938,9.483492392643639,1,0,0.1388888888888889,0.18055555555555555,0.2361111111111111,0.2777777777777778,0.3333333333333333,0.375,0.4305555555555556
13_4,ZANJA PYTA,AMAMBAY,2015,3,27,934,1352,4419,0,3,2,2,2,3,3,3,3,0.1111111111111111,0.6908284023668639,0.30595157275401674,8.39366870513074,0,0,0.07407407407407407,0.07407407407407407,0.07407407407407407,0.1111111111111111,0.1111111111111111,0.1111111111111111,0.1111111111111111
13_4,ZANJA PYTA,AMAMBAY,2021,4,18,1070,1852,6379,0,2,3,3,3,3,3,4,4,0.2222222222222222,0.5777537796976242,0.2903276375607462,8.760766624241956,1,0,0.16666666666666666,0.16666666666666666,0.16666666666666666,0.16666666666666666,0.16666666666666666,0.2222222222222222,0.2222222222222222
13_5,KARAPAI,AMAMBAY,2015,6,27,358,520,1727,0,3,1,2,3,3,3,4,6,0.2222222222222222,0.6884615384615385,0.30110017371163866,7.454141078146678,0,0,0.037037037037037035,0.07407407407407407,0.1111111111111111,0.1111111111111111,0.1111111111111111,0.14814814814814814,0.2222222222222222
13_5,KARAPAI,AMAMBAY,2021,10,18,679,1028,3069,0,2,5,6,7,7,7,8,10,0.5555555555555556,0.6605058365758755,0.3349625285109156,8.029107054619736,1,0,0.2777777777777778,0.3333333333333333,0.3888888888888889,0.3888888888888889,0.3888888888888889,0.4444444444444444,0.5555555555555556
13_6,CERRO CORA,AMAMBAY,2015,29,108,11703,20862,64209,0,3,6,10,13,16,19,26,29,0.26851851851851855,0.5609721023871154,0.3249077232163715,11.069898666768673,0,0,0.05555555555555555,0.09259259259259259,0.12037037037037036,0.14814814814814814,0.17592592592592593,0.24074074074074073,0.26851851851851855
13_6,CERRO CORA,AMAMBAY,2021,65,227,12971,23664,77812,2,7,23,31,39,44,53,60,65,0.28634361233480177,0.548132183908046,0.30411761682002775,11.262050939917708,1,0.2857142857142857,0.1013215859030837,0.13656387665198239,0.17180616740088106,0.19383259911894274,0.23348017621145375,0.2643171806167401,0.28634361233480177
14_1,CORPUS CHRISTI,CANINDEYU,2015,27,55,1006,1583,4781,0,2,10,11,14,18,21,24,27,0.4909090909090909,0.6355022109917877,0.33110227985777035,8.472405008626103,0,0,0.18181818181818182,0.2,0.2545454545454545,0.32727272727272727,0.38181818181818183,0.43636363636363634,0.4909090909090909
14_1,CORPUS CHRISTI,CANINDEYU,2021,19,48,1103,1972,6083,0,2,7,10,14,14,16,16,19,0.3958333333333333,0.5593306288032455,0.3241821469669571,8.713253274320705,1,0,0.14583333333333334,0.20833333333333334,0.2916666666666667,0.2916666666666667,0.3333333333333333,0.3333333333333333,0.3958333333333333
14_12,MARACANA,CANINDEYU,2015,14,82,4394,10214,26760,1,3,5,6,6,8,9,12,14,0.17073170731707318,0.4301938515762679,0.38168908819133035,10.194663514242166,0,0.3333333333333333,0.06097560975609756,0.07317073170731707,0.07317073170731707,0.0975609756097561,0.10975609756097561,0.14634146341463414,0.17073170731707318
14_12,MARACANA,CANINDEYU,2021,28,96,6074,14436,35471,1,5,12,13,16,22,23,28,28,0.2916666666666667,0.4207536713771128,0.406980350145189,10.476470740209276,1,0.2,0.125,0.13541666666666666,0.16666666666666666,0.22916666666666666,0.23958333333333334,0.2916666666666667,0.2916666666666667
14_14,PUERTO ADELA,CANINDEYU,2015,68,146,4225,6824,16105,1,4,34,38,44,49,56,62,68,0.4657534246575342,0.6191383352872216,0.42371934181931076,9.686885061765299,0,0.25,0.2328767123287671,0.2602739726027397,0.3013698630136986,0.3356164383561644,0.3835616438356164,0.4246575342465753,0.4657534246575342
14_14,PUERTO ADELA,CANINDEYU,2021,142,282,4568,7480,21491,1,8,65,75,86,104,117,129,142,0.5035460992907801,0.6106951871657754,0.34805267321204225,9.975389521825207,1,0.125,0.23049645390070922,0.26595744680851063,0.3049645390070922,0.36879432624113473,0.4148936170212766,0.4574468085106383,0.5035460992907801
14_15,VILLA YGATIMI,CANINDEYU,2015,13,45,1494,2723,7615,0,4,4,5,6,7,10,11,13,0.28888888888888886,0.5486595666544253,0.3575837163493106,8.937875265329263,0,0,0.08888888888888889,0.1111111111111111,0.13333333333333333,0.15555555555555556,0.2222222222222222,0.24444444444444444,0.28888888888888886
14_15,VILLA YGATIMI,CANINDEYU,2021,24,60,2000,3190,8883,0,2,10,15,16,17,18,22,24,0.4,0.6269592476489029,0.3591129123044017,9.0918946167697,1,0,0.16666666666666666,0.25,0.26666666666666666,0.2833333333333333,0.3,0.36666666666666664,0.4
14_16,YASY CAÑY,CANINDEYU,2015,18,44,2186,4691,13657,2,3,8,9,13,14,15,15,18,0.4090909090909091,0.46599872095502026,0.34348685655707695,9.522007489678424,0,0.6666666666666666,0.18181818181818182,0.20454545454545456,0.29545454545454547,0.3181818181818182,0.3409090909090909,0.3409090909090909,0.4090909090909091
14_16,YASY CAÑY,CANINDEYU,2021,12,48,2687,5564,16365,1,2,7,8,10,10,11,11,12,0.25,0.4829259525521208,0.3399938893981057,9.702900186935281,1,0.5,0.14583333333333334,0.16666666666666666,0.20833333333333334,0.20833333333333334,0.22916666666666666,0.22916666666666666,0.25
14_17,YPEJHU,CANINDEYU,2015,13,36,669,1190,4455,1,3,7,10,10,10,10,11,13,0.3611111111111111,0.5621848739495798,0.2671156004489338,8.40178233990491,0,0.3333333333333333,0.19444444444444445,0.2777777777777778,0.2777777777777778,0.2777777777777778,0.2777777777777778,0.3055555555555556,0.3611111111111111
14_17,YPEJHU,CANINDEYU,2021,10,36,1036,1718,5942,0,2,4,4,5,6,8,10,10,0.2777777777777778,0.6030267753201397,0.2891282396499495,8.689801056022553,1,0,0.1111111111111111,0.1111111111111111,0.1388888888888889,0.16666666666666666,0.2222222222222222,0.2777777777777778,0.2777777777777778
14_19,YBYPYTA,CANINDEYU,2015,24,60,1467,2321,6324,1,5,10,11,16,16,20,23,24,0.4,0.6320551486428264,0.3670145477545857,8.752107198329362,0,0.2,0.16666666666666666,0.18333333333333332,0.26666666666666666,0.26666666666666666,0.3333333333333333,0.38333333333333336,0.4
14_19,YBYPYTA,CANINDEYU,2021,7,27,1929,3181,8978,1,2,4,4,4,5,6,6,7,0.25925925925925924,0.6064130776485382,0.3543105368678993,9.102532419341877,1,0.5,0.14814814814814814,0.14814814814814814,0.14814814814814814,0.18518518518518517,0.2222222222222222,0.2222222222222222,0.25925925925925924
14_20,LAUREL,CANINDEYU,2015,62,163,2824,4934,13112,1,8,28,34,39,44,49,55,62,0.3803680981595092,0.5723550871503851,0.37629652226967664,9.481283120423665,0,0.125,0.17177914110429449,0.2085889570552147,0.2392638036809816,0.26993865030674846,0.3006134969325153,0.3374233128834356,0.3803680981595092
14_20,LAUREL,CANINDEYU,2021,32,126,3578,5878,17190,3,8,16,18,18,18,25,28,32,0.25396825396825395,0.6087104457298401,0.34194299011052937,9.752083098376895,1,0.375,0.12698412698412698,0.14285714285714285,0.14285714285714285,0.14285714285714285,0.1984126984126984,0.2222222222222222,0.25396825396825395
14_3,FRANCISCO CABALLERO ALVAREZ,CANINDEYU,2015,23,58,1164,1754,5303,1,2,9,9,15,16,18,19,23,0.39655172413793105,0.6636259977194983,0.3307561757495757,8.57602797713713,0,0.5,0.15517241379310345,0.15517241379310345,0.25862068965517243,0.27586206896551724,0.3103448275862069,0.3275862068965517,0.39655172413793105
14_3,FRANCISCO CABALLERO ALVAREZ,CANINDEYU,2021,23,60,1172,1602,5679,0,4,12,17,20,20,22,22,23,0.38333333333333336,0.731585518102372,0.2820919175911252,8.644530439877432,1,0,0.2,0.2833333333333333,0.3333333333333333,0.3333333333333333,0.36666666666666664,0.36666666666666664,0.38333333333333336
14_5,ITANARA,CANINDEYU,2015,6,27,360,454,1280,1,2,1,2,3,4,5,6,6,0.2222222222222222,0.7929515418502202,0.3546875,7.154615356913663,0,0.5,0.037037037037037035,0.07407407407407407,0.1111111111111111,0.14814814814814814,0.18518518518518517,0.2222222222222222,0.2222222222222222
14_5,ITANARA,CANINDEYU,2021,8,23,515,678,1894,1,2,3,4,4,4,5,5,8,0.34782608695652173,0.7595870206489675,0.3579725448785639,7.546446273746024,1,0.5,0.13043478260869565,0.17391304347826086,0.17391304347826086,0.17391304347826086,0.21739130434782608,0.21739130434782608,0.34782608695652173
14_7,KATUETE,CANINDEYU,2015,58,108,1348,1858,5165,1,3,20,24,29,35,40,47,58,0.5370370370370371,0.7255113024757804,0.35972894482090995,8.549660381553739,0,0.3333333333333333,0.18518518518518517,0.2222222222222222,0.26851851851851855,0.32407407407407407,0.37037037037037035,0.4351851851851852,0.5370370370370371
14_7,KATUETE,CANINDEYU,2021,15,60,1443,2030,6557,0,3,8,8,11,12,14,14,15,0.25,0.7108374384236453,0.3095928015860912,8.788288460263619,1,0,0.13333333333333333,0.13333333333333333,0.18333333333333332,0.2,0.23333333333333334,0.23333333333333334,0.25
14_9,LA PALOMA,CANINDEYU,2015,18,36,943,1498,4569,0,2,6,8,10,13,14,16,18,0.5,0.6295060080106809,0.32786167651564896,8.427049641563272,0,0,0.16666666666666666,0.2222222222222222,0.2777777777777778,0.3611111111111111,0.3888888888888889,0.4444444444444444,0.5
14_9,LA PALOMA,CANINDEYU,2021,12,36,1182,1798,5897,0,2,4,4,6,6,7,9,12,0.3333333333333333,0.657397107897664,0.3049007970154316,8.682199026000504,1,0,0.1111111111111111,0.1111111111111111,0.16666666666666666,0.16666666666666666,0.19444444444444445,0.25,0.3333333333333333
15_0,VILLA HAYES,PDTE. HAYES,2015,110,288,4783,9243,29575,1,9,52,60,73,80,91,101,110,0.3819444444444444,0.517472682029644,0.31252747252747254,10.294684688846587,0,0.1111111111111111,0.18055555555555555,0.20833333333333334,0.2534722222222222,0.2777777777777778,0.3159722222222222,0.3506944444444444,0.3819444444444444
15_0,VILLA HAYES,PDTE. HAYES,2021,84,252,6360,11743,36243,1,7,49,52,57,62,70,75,84,0.3333333333333333,0.5415992506173891,0.3240073945313578,10.498001538187674,1,0.14285714285714285,0.19444444444444445,0.20634920634920634,0.2261904761904762,0.24603174603174602,0.2777777777777778,0.2976190476190476,0.3333333333333333
15_1,BENJAMIN ACEVAL,PDTE. HAYES,2015,85,216,2134,3923,12115,1,5,31,35,45,53,65,72,85,0.39351851851851855,0.5439714504205965,0.3238134543953776,9.402199633250627,0,0.2,0.14351851851851852,0.16203703703703703,0.20833333333333334,0.24537037037037038,0.30092592592592593,0.3333333333333333,0.39351851851851855
15_1,BENJAMIN ACEVAL,PDTE. HAYES,2021,69,180,3275,4997,14483,0,4,34,39,43,47,55,62,69,0.38333333333333336,0.655393235941565,0.3450252019609197,9.580730826800856,1,0,0.18888888888888888,0.21666666666666667,0.2388888888888889,0.2611111111111111,0.3055555555555556,0.34444444444444444,0.38333333333333336
15_11,TENIENTE ESTEBAN MARTINEZ,PDTE. HAYES,2015,7,27,183,246,976,0,2,4,5,5,6,7,7,7,0.25925925925925924,0.7439024390243902,0.2520491803278688,6.883462586413092,0,0,0.14814814814814814,0.18518518518518517,0.18518518518518517,0.2222222222222222,0.25925925925925924,0.25925925925925924,0.25925925925925924
15_11,TENIENTE ESTEBAN MARTINEZ,PDTE. HAYES,2021,5,36,188,281,1182,1,2,4,4,4,4,4,5,5,0.1388888888888889,0.6690391459074733,0.2377326565143824,7.074963197966044,1,0.5,0.1111111111111111,0.1111111111111111,0.1111111111111111,0.1111111111111111,0.1111111111111111,0.1388888888888889,0.1388888888888889
15_2,CAMPO ACEVAL,PDTE. HAYES,2015,17,60,944,2676,10418,1,4,5,7,8,9,13,15,17,0.2833333333333333,0.35276532137518685,0.2568631215204454,9.251290358305138,0,0.25,0.08333333333333333,0.11666666666666667,0.13333333333333333,0.15,0.21666666666666667,0.25,0.2833333333333333
15_2,CAMPO ACEVAL,PDTE. HAYES,2021,25,102,1493,3771,12977,0,7,13,14,15,17,17,20,25,0.24509803921568626,0.3959162025987802,0.2905910456962318,9.470933838737231,1,0,0.12745098039215685,0.13725490196078433,0.14705882352941177,0.16666666666666666,0.16666666666666666,0.19607843137254902,0.24509803921568626
15_3,JOSE FALCON,PDTE. HAYES,2015,16,48,608,771,2898,1,2,7,10,10,11,15,15,16,0.3333333333333333,0.788586251621271,0.2660455486542443,7.971776122880628,0,0.5,0.14583333333333334,0.20833333333333334,0.20833333333333334,0.22916666666666666,0.3125,0.3125,0.3333333333333333
15_3,JOSE FALCON,PDTE. HAYES,2021,12,48,845,1075,3829,0,2,5,6,7,8,9,11,12,0.25,0.786046511627907,0.28075215460955866,8.250358951477294,1,0,0.10416666666666667,0.125,0.14583333333333334,0.16666666666666666,0.1875,0.22916666666666666,0.25
15_4,GENERAL JOSE MARIA BRUGUEZ,PDTE. HAYES,2015,8,27,253,495,1676,0,2,4,4,5,6,7,7,8,0.2962962962962963,0.5111111111111111,0.29534606205250596,7.424165281042028,0,0,0.14814814814814814,0.14814814814814814,0.18518518518518517,0.2222222222222222,0.25925925925925924,0.25925925925925924,0.2962962962962963
15_4,GENERAL JOSE MARIA BRUGUEZ,PDTE. HAYES,2021,3,24,317,632,2292,0,1,1,1,1,1,2,3,3,0.125,0.5015822784810127,0.2757417102966841,7.73718007783463,1,0,0.041666666666666664,0.041666666666666664,0.041666666666666664,0.041666666666666664,0.08333333333333333,0.125,0.125
15_5,NANAWA,PDTE. HAYES,2015,17,45,839,1258,6247,2,3,6,9,9,10,11,13,17,0.37777777777777777,0.6669316375198728,0.20137666079718264,8.73985662749357,0,0.6666666666666666,0.13333333333333333,0.2,0.2,0.2222222222222222,0.24444444444444444,0.28888888888888886,0.37777777777777777
15_5,NANAWA,PDTE. HAYES,2021,22,48,799,1156,6843,1,2,10,13,14,16,19,21,22,0.4583333333333333,0.6911764705882353,0.1689317550781821,8.830981510952498,1,0.5,0.20833333333333334,0.2708333333333333,0.2916666666666667,0.3333333333333333,0.3958333333333333,0.4375,0.4583333333333333
15_7,PUERTO PINASCO,PDTE. HAYES,2015,10,36,512,794,2495,1,3,3,4,5,7,8,9,10,0.2777777777777778,0.6448362720403022,0.3182364729458918,7.822044008185619,0,0.3333333333333333,0.08333333333333333,0.1111111111111111,0.1388888888888889,0.19444444444444445,0.2222222222222222,0.25,0.2777777777777778
15_7,PUERTO PINASCO,PDTE. HAYES,2021,1,24,838,1384,3783,0,2,0,0,0,0,0,0,1,0.041666666666666664,0.6054913294797688,0.3658472112080359,8.23827262463303,1,0,0,0,0,0,0,0,0.041666666666666664
16_0,FUERTE OLIMPO,ALTO PARAGUAY,2015,12,36,652,1076,3483,0,2,4,6,8,10,10,10,12,0.3333333333333333,0.6059479553903345,0.30892908412288256,8.155649270366002,0,0,0.1111111111111111,0.16666666666666666,0.2222222222222222,0.2777777777777778,0.2777777777777778,0.2777777777777778,0.3333333333333333
16_0,FUERTE OLIMPO,ALTO PARAGUAY,2021,13,48,888,1354,4305,0,2,10,10,11,11,11,13,13,0.2708333333333333,0.6558345642540621,0.31451800232288035,8.367532416861831,1,0,0.20833333333333334,0.20833333333333334,0.22916666666666666,0.22916666666666666,0.22916666666666666,0.2708333333333333,0.2708333333333333
16_1,PUERTO CASADO,ALTO PARAGUAY,2015,45,96,702,1093,3603,1,3,23,28,32,34,39,41,45,0.46875,0.6422689844464776,0.30335831251734663,8.189522110748094,0,0.3333333333333333,0.23958333333333334,0.2916666666666667,0.3333333333333333,0.3541666666666667,0.40625,0.4270833333333333,0.46875
16_1,PUERTO CASADO,ALTO PARAGUAY,2021,17,48,901,1372,4467,0,2,6,6,6,8,11,17,17,0.3541666666666667,0.6567055393586005,0.30714125811506604,8.404472321352118,1,0,0.125,0.125,0.125,0.16666666666666666,0.22916666666666666,0.3541666666666667,0.3541666666666667
16_2,CARMELO PERALTA,ALTO PARAGUAY,2015,17,36,481,669,2492,0,2,10,10,11,12,13,15,17,0.4722222222222222,0.71898355754858,0.26845906902086675,7.820840879907344,0,0,0.2777777777777778,0.2777777777777778,0.3055555555555556,0.3333333333333333,0.3611111111111111,0.4166666666666667,0.4722222222222222
16_2,CARMELO PERALTA,ALTO PARAGUAY,2021,7,27,617,954,3445,0,2,2,4,4,6,7,7,7,0.25925925925925924,0.6467505241090147,0.27692307692307694,8.144679183447758,1,0,0.07407407407407407,0.14814814814814814,0.14814814814814814,0.2222222222222222,0.25925925925925924,0.25925925925925924,0.25925925925925924
16_3,BAHIA NEGRA,ALTO PARAGUAY,2015,7,18,310,496,1587,1,2,1,3,4,4,4,5,7,0.3888888888888889,0.625,0.3125393824826717,7.369600720526409,0,0.5,0.05555555555555555,0.16666666666666666,0.2222222222222222,0.2222222222222222,0.2222222222222222,0.2777777777777778,0.3888888888888889
16_3,BAHIA NEGRA,ALTO PARAGUAY,2021,21,48,412,628,1938,1,4,10,11,14,14,15,17,21,0.4375,0.6560509554140127,0.3240454076367389,7.569411792450712,1,0.25,0.20833333333333334,0.22916666666666666,0.2916666666666667,0.2916666666666667,0.3125,0.3541666666666667,0.4375
17_0,FILADELFIA,BOQUERON,2015,8,35,1110,3083,9201,0,2,4,4,5,5,6,7,8,0.22857142857142856,0.3600389231268245,0.33507227475274426,9.127067452782361,0,0,0.11428571428571428,0.11428571428571428,0.14285714285714285,0.14285714285714285,0.17142857142857143,0.2,0.22857142857142856
17_0,FILADELFIA,BOQUERON,2021,14,48,1961,3992,11400,0,3,4,4,6,6,10,12,14,0.2916666666666667,0.4912324649298597,0.35017543859649125,9.341368634382587,1,0,0.08333333333333333,0.08333333333333333,0.125,0.125,0.20833333333333334,0.25,0.2916666666666667
17_1,LOMA PLATA,BOQUERON,2015,29,84,1627,3578,11181,0,3,17,20,21,25,28,28,29,0.34523809523809523,0.4547233091112353,0.3200071549950809,9.321971188147367,0,0,0.20238095238095238,0.23809523809523808,0.25,0.2976190476190476,0.3333333333333333,0.3333333333333333,0.34523809523809523
17_1,LOMA PLATA,BOQUERON,2021,11,60,1560,4152,13287,1,5,4,5,7,9,11,11,11,0.18333333333333332,0.37572254335260113,0.3124858884624069,9.494541392591309,1,0.2,0.06666666666666667,0.08333333333333333,0.11666666666666667,0.15,0.18333333333333332,0.18333333333333332,0.18333333333333332
17_4,BOQUERON,BOQUERON,2015,7,36,1313,3142,11410,0,2,6,6,6,7,7,7,7,0.19444444444444445,0.41788669637173775,0.27537248028045574,9.342245442856122,0,0,0.16666666666666666,0.16666666666666666,0.16666666666666666,0.19444444444444445,0.19444444444444445,0.19444444444444445,0.19444444444444445
17_4,BOQUERON,BOQUERON,2021,29,93,2745,5220,16305,0,6,9,12,16,18,21,23,29,0.3118279569892473,0.5258620689655172,0.3201471941122355,9.69922708822342,1,0,0.0967741935483871,0.12903225806451613,0.17204301075268819,0.1935483870967742,0.22580645161290322,0.24731182795698925,0.3118279569892473
1_1,BELEN,CONCEPCION,2015,5,27,1259,2364,7079,1,2,2,2,3,3,3,3,5,0.18518518518518517,0.5325719120135364,0.33394547252436785,8.86488793377419,0,0.5,0.07407407407407407,0.07407407407407407,0.1111111111111111,0.1111111111111111,0.1111111111111111,0.1111111111111111,0.18518518518518517
1_1,BELEN,CONCEPCION,2021,12,44,1707,2555,8347,1,2,8,9,9,10,10,10,12,0.2727272727272727,0.6681017612524461,0.30609799928117887,9.029657471850737,1,0.5,0.18181818181818182,0.20454545454545456,0.20454545454545456,0.22727272727272727,0.22727272727272727,0.22727272727272727,0.2727272727272727
1_10,PASO BARRETO,CONCEPCION,2015,11,27,769,1128,3168,0,2,6,6,7,9,9,11,11,0.4074074074074074,0.6817375886524822,0.3560606060606061,8.060855752934316,0,0,0.2222222222222222,0.2222222222222222,0.25925925925925924,0.3333333333333333,0.3333333333333333,0.4074074074074074,0.4074074074074074
1_10,PASO BARRETO,CONCEPCION,2021,9,27,886,1404,3979,1,2,5,5,5,6,6,8,9,0.3333333333333333,0.6310541310541311,0.35285247549635584,8.288785810426928,1,0.5,0.18518518518518517,0.18518518518518517,0.18518518518518517,0.2222222222222222,0.2222222222222222,0.2962962962962963,0.3333333333333333
1_11,ARROYITO,CONCEPCION,2015,22,60,4581,11037,33413,0,4,7,10,11,16,18,21,22,0.36666666666666664,0.4150584397934221,0.3303205339239218,10.416700324794617,0,0,0.11666666666666667,0.16666666666666666,0.18333333333333332,0.26666666666666666,0.3,0.35,0.36666666666666664
1_11,ARROYITO,CONCEPCION,2021,60,135,5886,12885,39250,2,7,25,31,33,41,48,57,60,0.4444444444444444,0.4568102444703143,0.32828025477707007,10.577706723210554,1,0.2857142857142857,0.18518518518518517,0.22962962962962963,0.24444444444444444,0.3037037037037037,0.35555555555555557,0.4222222222222222,0.4444444444444444
1_12,PASO HORQUETA,CONCEPCION,2015,31,111,7424,16808,51572,1,5,10,10,13,18,21,28,31,0.27927927927927926,0.44169443122322705,0.3259132862793764,10.850734168530728,0,0.2,0.09009009009009009,0.09009009009009009,0.11711711711711711,0.16216216216216217,0.1891891891891892,0.25225225225225223,0.27927927927927926
1_12,PASO HORQUETA,CONCEPCION,2021,71,210,9895,19970,61078,2,11,33,39,44,50,58,66,71,0.3380952380952381,0.49549323985978966,0.3269589704967419,11.019907014854104,1,0.18181818181818182,0.15714285714285714,0.18571428571428572,0.20952380952380953,0.23809523809523808,0.2761904761904762,0.3142857142857143,0.3380952380952381
1_2,AZOTEY,CONCEPCION,2015,10,36,1051,1628,4401,1,3,2,5,7,8,9,10,10,0.2777777777777778,0.6455773955773956,0.3699159281981368,8.38958706681109,0,0.3333333333333333,0.05555555555555555,0.1388888888888889,0.19444444444444445,0.2222222222222222,0.25,0.2777777777777778,0.2777777777777778
1_2,AZOTEY,CONCEPCION,2021,6,27,1231,1931,5552,0,2,1,1,3,5,6,6,6,0.2222222222222222,0.6374935266701192,0.34780259365994237,8.62191350218664,1,0,0.037037037037037035,0.037037037037037035,0.1111111111111111,0.18518518518518517,0.2222222222222222,0.2222222222222222,0.2222222222222222
1_4,SARGENTO JOSE FELIX LOPEZ,CONCEPCION,2015,9,27,862,1372,3764,0,2,2,2,4,6,7,8,9,0.3333333333333333,0.6282798833819242,0.3645058448459086,8.23323750070527,0,0,0.07407407407407407,0.07407407407407407,0.14814814814814814,0.2222222222222222,0.25925925925925924,0.2962962962962963,0.3333333333333333
1_4,SARGENTO JOSE FELIX LOPEZ,CONCEPCION,2021,4,18,1052,1710,4796,0,2,2,3,3,4,4,4,4,0.2222222222222222,0.6152046783625731,0.3565471226021685,8.475537516147405,1,0,0.1111111111111111,0.16666666666666666,0.16666666666666666,0.2222222222222222,0.2222222222222222,0.2222222222222222,0.2222222222222222
1_5,LORETO,CONCEPCION,2015,9,27,1816,3814,10851,0,2,2,3,4,4,5,7,9,0.3333333333333333,0.47614053487152597,0.3514883420882868,9.292012520620208,0,0,0.07407407407407407,0.1111111111111111,0.14814814814814814,0.14814814814814814,0.18518518518518517,0.25925925925925924,0.3333333333333333
1_5,LORETO,CONCEPCION,2021,2,18,1936,4385,12368,0,2,1,1,1,1,2,2,2,0.1111111111111111,0.44150513112884837,0.3545439844760673,9.422867770827203,1,0,0.05555555555555555,0.05555555555555555,0.05555555555555555,0.05555555555555555,0.1111111111111111,0.1111111111111111,0.1111111111111111
1_6,SAN CARLOS DEL APA,CONCEPCION,2015,13,36,197,239,811,0,3,7,9,10,11,11,11,13,0.3611111111111111,0.8242677824267782,0.29469790382244143,6.698268054115413,0,0,0.19444444444444445,0.25,0.2777777777777778,0.3055555555555556,0.3055555555555556,0.3055555555555556,0.3611111111111111
1_6,SAN CARLOS DEL APA,CONCEPCION,2021,8,27,205,299,963,2,3,5,5,5,6,7,7,8,0.2962962962962963,0.68561872909699,0.31048805815160957,6.870053411798126,1,0.6666666666666666,0.18518518518518517,0.18518518518518517,0.18518518518518517,0.2222222222222222,0.25925925925925924,0.25925925925925924,0.2962962962962963
1_7,SAN LAZARO,CONCEPCION,2015,21,45,1043,1727,6462,1,3,12,14,15,17,17,20,21,0.4666666666666667,0.6039374638100753,0.26725471990095945,8.773694146384443,0,0.3333333333333333,0.26666666666666666,0.3111111111111111,0.3333333333333333,0.37777777777777777,0.37777777777777777,0.4444444444444444,0.4666666666666667
1_7,SAN LAZARO,CONCEPCION,2021,15,48,1644,2426,7939,0,3,5,8,9,9,10,11,15,0.3125,0.6776586974443528,0.3055800478649704,8.979542601725113,1,0,0.10416666666666667,0.16666666666666666,0.1875,0.1875,0.20833333333333334,0.22916666666666666,0.3125
1_9,YBY YAU,CONCEPCION,2015,14,48,1890,4157,13037,0,2,3,4,5,7,10,11,14,0.2916666666666667,0.4546547991339909,0.3188617013116515,9.47554674766278,0,0,0.0625,0.08333333333333333,0.10416666666666667,0.14583333333333334,0.20833333333333334,0.22916666666666666,0.2916666666666667
1_9,YBY YAU,CONCEPCION,2021,22,60,2567,5100,15506,0,2,10,13,15,17,19,22,22,0.36666666666666664,0.5033333333333333,0.3289049400232168,9.648982324778904,1,0,0.16666666666666666,0.21666666666666667,0.25,0.2833333333333333,0.31666666666666665,0.36666666666666664,0.36666666666666664
2_0,SAN PEDRO DEL YCUAMANDIYU,SAN PEDRO,2015,9,60,3333,6499,21655,1,4,3,3,3,4,5,7,9,0.15,0.5128481304816126,0.30011544677903484,9.982991653648726,0,0.25,0.05,0.05,0.05,0.06666666666666667,0.08333333333333333,0.11666666666666667,0.15
2_0,SAN PEDRO DEL YCUAMANDIYU,SAN PEDRO,2021,46,132,3396,7306,24362,1,8,23,29,31,35,42,45,46,0.3484848484848485,0.464823432794963,0.29989327641408753,10.100779820259904,1,0.125,0.17424242424242425,0.2196969696969697,0.23484848484848486,0.26515151515151514,0.3181818181818182,0.3409090909090909,0.3484848484848485
2_1,25 DE DICIEMBRE,SAN PEDRO,2015,17,45,1018,1994,6672,1,4,10,10,10,13,14,17,17,0.37777777777777777,0.5105315947843531,0.2988609112709832,8.805674944038582,0,0.25,0.2222222222222222,0.2222222222222222,0.2222222222222222,0.28888888888888886,0.3111111111111111,0.37777777777777777,0.37777777777777777
2_1,25 DE DICIEMBRE,SAN PEDRO,2021,9,36,1595,2540,8445,0,3,4,5,5,5,5,6,9,0.25,0.6279527559055118,0.30076968620485495,9.041329829241901,1,0,0.1111111111111111,0.1388888888888889,0.1388888888888889,0.1388888888888889,0.1388888888888889,0.16666666666666666,0.25
2_13,GUAJAYVI,SAN PEDRO,2015,10,54,2910,5312,15364,1,4,4,5,6,7,9,10,10,0.18518518518518517,0.547816265060241,0.3457432960166623,9.639782389465795,0,0.25,0.07407407407407407,0.09259259259259259,0.1111111111111111,0.12962962962962962,0.16666666666666666,0.18518518518518517,0.18518518518518517
2_13,GUAJAYVI,SAN PEDRO,2021,22,63,3809,6909,20448,1,2,13,14,14,15,18,20,22,0.3492063492063492,0.5513098856563902,0.33788145539906106,9.925640357177262,1,0.5,0.20634920634920634,0.2222222222222222,0.2222222222222222,0.23809523809523808,0.2857142857142857,0.31746031746031744,0.3492063492063492
2_15,ITACURUBI DEL ROSARIO,SAN PEDRO,2015,14,27,962,2082,8131,0,2,10,11,11,12,14,14,14,0.5185185185185185,0.4620557156580211,0.2560570655515927,9.003439196207838,0,0,0.37037037037037035,0.4074074074074074,0.4074074074074074,0.4444444444444444,0.5185185185185185,0.5185185185185185,0.5185185185185185
2_15,ITACURUBI DEL ROSARIO,SAN PEDRO,2021,7,18,1180,2422,9013,0,2,3,3,3,4,5,5,7,0.3888888888888889,0.48720066061106526,0.26872295573061133,9.10642325855641,1,0,0.16666666666666666,0.16666666666666666,0.16666666666666666,0.2222222222222222,0.2777777777777778,0.2777777777777778,0.3888888888888889
2_16,LIBERACION,SAN PEDRO,2015,6,36,2726,4420,13144,2,3,4,4,4,5,5,6,6,0.16666666666666666,0.6167420814479638,0.33627510651247716,9.483720659717104,0,0.6666666666666666,0.1111111111111111,0.1111111111111111,0.1111111111111111,0.1388888888888889,0.1388888888888889,0.16666666666666666,0.16666666666666666
2_16,LIBERACION,SAN PEDRO,2021,12,45,2959,4826,15412,0,3,5,6,6,7,7,10,12,0.26666666666666666,0.6131371736427683,0.31313262392940566,9.642901705746048,1,0,0.1111111111111111,0.13333333333333333,0.13333333333333333,0.15555555555555556,0.15555555555555556,0.2222222222222222,0.26666666666666666
2_17,LIMA,SAN PEDRO,2015,11,45,911,1838,6223,2,4,7,7,7,7,9,10,11,0.24444444444444444,0.4956474428726877,0.2953559376506508,8.736007384569218,0,0.5,0.15555555555555556,0.15555555555555556,0.15555555555555556,0.15555555555555556,0.2,0.2222222222222222,0.24444444444444444
2_17,LIMA,SAN PEDRO,2021,16,54,1297,2310,7430,0,2,7,9,10,11,14,15,16,0.2962962962962963,0.5614718614718615,0.31090174966352624,8.913281137711804,1,0,0.12962962962962962,0.16666666666666666,0.18518518518518517,0.2037037037037037,0.25925925925925924,0.2777777777777778,0.2962962962962963
2_19,NUEVA GERMANIA,SAN PEDRO,2015,9,27,736,1621,5040,0,2,5,5,5,5,9,9,9,0.3333333333333333,0.4540407156076496,0.32162698412698415,8.525161361065415,0,0,0.18518518518518517,0.18518518518518517,0.18518518518518517,0.18518518518518517,0.3333333333333333,0.3333333333333333,0.3333333333333333
2_19,NUEVA GERMANIA,SAN PEDRO,2021,23,54,1036,1968,6072,0,3,13,15,16,18,19,21,23,0.42592592592592593,0.5264227642276422,0.3241106719367589,8.711443319075466,1,0,0.24074074074074073,0.2777777777777778,0.2962962962962963,0.3333333333333333,0.35185185185185186,0.3888888888888889,0.42592592592592593
2_21,SAN ESTANISLAO,SAN PEDRO,2015,23,72,3448,10467,29899,1,4,12,14,14,18,19,22,23,0.3194444444444444,0.3294162606286424,0.3500785979464196,10.305580314003434,0,0.25,0.16666666666666666,0.19444444444444445,0.19444444444444445,0.25,0.2638888888888889,0.3055555555555556,0.3194444444444444
2_21,SAN ESTANISLAO,SAN PEDRO,2021,45,120,5419,12015,34059,0,3,27,28,33,35,38,41,45,0.375,0.45101955888472745,0.35277019290055495,10.435849593832643,1,0,0.225,0.23333333333333334,0.275,0.2916666666666667,0.31666666666666665,0.3416666666666667,0.375
2_22,SAN VICENTE PANCHOLO,SAN PEDRO,2015,18,48,2235,5252,14528,0,4,8,8,9,11,15,17,18,0.375,0.42555217060167555,0.36150881057268724,9.583833100841074,0,0,0.16666666666666666,0.16666666666666666,0.1875,0.22916666666666666,0.3125,0.3541666666666667,0.375
2_22,SAN VICENTE PANCHOLO,SAN PEDRO,2021,32,99,3924,6803,18341,4,8,13,15,18,25,27,29,32,0.32323232323232326,0.5768043510216081,0.37091761626956,9.816894269951032,1,0.5,0.13131313131313133,0.15151515151515152,0.18181818181818182,0.25252525252525254,0.2727272727272727,0.29292929292929293,0.32323232323232326
2_23,SAN PABLO,SAN PEDRO,2015,18,54,563,880,2807,1,6,7,8,10,12,13,15,18,0.3333333333333333,0.6397727272727273,0.3135019593872462,7.939871576361883,0,0.16666666666666666,0.12962962962962962,0.14814814814814814,0.18518518518518517,0.2222222222222222,0.24074074074074073,0.2777777777777778,0.3333333333333333
2_23,SAN PABLO,SAN PEDRO,2021,18,54,641,949,3396,0,3,10,10,10,11,14,15,18,0.3333333333333333,0.6754478398314014,0.2794464075382803,8.130353547431238,1,0,0.18518518518518517,0.18518518518518517,0.18518518518518517,0.2037037037037037,0.25925925925925924,0.2777777777777778,0.3333333333333333
2_24,SANTA ROSA DEL AGUARAY,SAN PEDRO,2015,29,72,2449,6106,16865,1,4,11,14,16,19,19,24,29,0.4027777777777778,0.4010809040288241,0.3620515861251112,9.732995747495751,0,0.25,0.1527777777777778,0.19444444444444445,0.2222222222222222,0.2638888888888889,0.2638888888888889,0.3333333333333333,0.4027777777777778
2_24,SANTA ROSA DEL AGUARAY,SAN PEDRO,2021,23,72,3941,8523,21773,1,5,11,13,15,16,19,22,23,0.3194444444444444,0.4623958699988267,0.39144812382308364,9.988425949052319,1,0.2,0.1527777777777778,0.18055555555555555,0.20833333333333334,0.2222222222222222,0.2638888888888889,0.3055555555555556,0.3194444444444444
2_25,TACUATI,SAN PEDRO,2015,12,36,1035,1960,5438,0,3,7,7,7,7,11,12,12,0.3333333333333333,0.5280612244897959,0.36042662743655757,8.601166625192416,0,0,0.19444444444444445,0.19444444444444445,0.19444444444444445,0.19444444444444445,0.3055555555555556,0.3333333333333333,0.3333333333333333
2_25,TACUATI,SAN PEDRO,2021,7,27,1600,2975,7790,0,2,2,3,4,6,6,7,7,0.25925925925925924,0.5378151260504201,0.38189987163029526,8.960596138864794,1,0,0.07407407407407407,0.1111111111111111,0.14814814814814814,0.2222222222222222,0.2222222222222222,0.25925925925925924,0.25925925925925924
2_27,UNION,SAN PEDRO,2015,14,36,719,1186,4093,0,4,5,7,8,8,10,11,14,0.3888888888888889,0.606239460370995,0.28976301001710236,8.317033476492403,0,0,0.1388888888888889,0.19444444444444445,0.2222222222222222,0.2222222222222222,0.2777777777777778,0.3055555555555556,0.3888888888888889
2_27,UNION,SAN PEDRO,2021,7,27,657,1317,4539,0,2,2,2,2,2,3,6,7,0.25925925925925924,0.4988610478359909,0.29015201586252476,8.420462002456466,1,0,0.07407407407407407,0.07407407407407407,0.07407407407407407,0.07407407407407407,0.1111111111111111,0.2222222222222222,0.25925925925925924
2_31,YATAITY DEL NORTE,SAN PEDRO,2015,14,36,1601,2813,8964,0,4,8,8,8,9,11,11,14,0.3888888888888889,0.5691432634198365,0.3138107987505578,9.100971834920818,0,0,0.2222222222222222,0.2222222222222222,0.2222222222222222,0.25,0.3055555555555556,0.3055555555555556,0.3888888888888889
2_31,YATAITY DEL NORTE,SAN PEDRO,2021,7,27,1942,3096,10271,2,2,5,6,6,7,7,7,7,0.25925925925925924,0.6272609819121447,0.30143121409794565,9.237079669165805,1,1,0.18518518518518517,0.2222222222222222,0.2222222222222222,0.25925925925925924,0.25925925925925924,0.25925925925925924,0.25925925925925924
2_32,YRYBUCUA,SAN PEDRO,2015,14,36,1597,2622,7353,1,3,5,6,7,8,8,9,14,0.3888888888888889,0.6090770404271548,0.35658914728682173,8.902863672196222,0,0.3333333333333333,0.1388888888888889,0.16666666666666666,0.19444444444444445,0.2222222222222222,0.2222222222222222,0.25,0.3888888888888889
2_32,YRYBUCUA,SAN PEDRO,2021,15,48,1731,3152,8905,1,3,8,9,12,12,13,15,15,0.3125,0.5491751269035533,0.3539584503088153,9.094368195723762,1,0.3333333333333333,0.16666666666666666,0.1875,0.25,0.25,0.2708333333333333,0.3125,0.3125
2_33,SAN JOSE DEL ROSARIO,SAN PEDRO,2015,47,132,3001,6883,25558,1,10,22,24,28,31,37,39,47,0.3560606060606061,0.43600174342583176,0.2693090226152281,10.148705658168648,0,0.1,0.16666666666666666,0.18181818181818182,0.21212121212121213,0.23484848484848486,0.2803030303030303,0.29545454545454547,0.3560606060606061
2_33,SAN JOSE DEL ROSARIO,SAN PEDRO,2021,32,153,3856,8376,28896,1,11,13,16,19,24,28,29,32,0.20915032679738563,0.4603629417382999,0.2898671096345515,10.271458456216711,1,0.09090909090909091,0.08496732026143791,0.10457516339869281,0.12418300653594772,0.1568627450980392,0.1830065359477124,0.1895424836601307,0.20915032679738563
2_5,CAPIIBARY,SAN PEDRO,2015,22,54,3653,7821,21628,2,5,8,12,16,16,17,20,22,0.4074074074074074,0.46707582150620125,0.3616145737007583,9.981744050501895,0,0.4,0.14814814814814814,0.2222222222222222,0.2962962962962963,0.2962962962962963,0.3148148148148148,0.37037037037037035,0.4074074074074074
2_5,CAPIIBARY,SAN PEDRO,2021,23,84,4905,8926,25689,3,4,10,11,12,15,18,21,23,0.27380952380952384,0.5495182612592426,0.34746389505235703,10.153818163694302,1,0.75,0.11904761904761904,0.13095238095238096,0.14285714285714285,0.17857142857142858,0.21428571428571427,0.25,0.27380952380952384
2_7,CHORE,SAN PEDRO,2015,24,72,2513,5668,17020,1,6,10,13,13,14,16,20,24,0.3333333333333333,0.4433662667607622,0.3330199764982374,9.742144402127366,0,0.16666666666666666,0.1388888888888889,0.18055555555555555,0.18055555555555555,0.19444444444444445,0.2222222222222222,0.2777777777777778,0.3333333333333333
2_7,CHORE,SAN PEDRO,2021,12,36,2844,7313,19967,0,3,4,5,6,6,7,10,12,0.3333333333333333,0.38889648571037877,0.3662543196273852,9.901836189786897,1,0,0.1111111111111111,0.1388888888888889,0.16666666666666666,0.16666666666666666,0.19444444444444445,0.2777777777777778,0.3333333333333333
3_0,CAACUPE,CORDILLERA,2015,30,72,6044,11068,34144,1,3,14,17,21,23,25,28,30,0.4166666666666667,0.5460787856884712,0.32415651358950326,10.43834215410148,0,0.3333333333333333,0.19444444444444445,0.2361111111111111,0.2916666666666667,0.3194444444444444,0.3472222222222222,0.3888888888888889,0.4166666666666667
3_0,CAACUPE,CORDILLERA,2021,40,96,8443,13126,39835,0,3,27,29,32,33,37,39,40,0.4166666666666667,0.6432271826908426,0.3295092255554161,10.592501201814466,1,0,0.28125,0.3020833333333333,0.3333333333333333,0.34375,0.3854166666666667,0.40625,0.4166666666666667
3_1,PRIMERO DE MARZO,CORDILLERA,2015,8,36,510,1158,4738,0,2,7,8,8,8,8,8,8,0.2222222222222222,0.44041450777202074,0.24440692275221612,8.463370384718731,0,0,0.19444444444444445,0.2222222222222222,0.2222222222222222,0.2222222222222222,0.2222222222222222,0.2222222222222222,0.2222222222222222
3_1,PRIMERO DE MARZO,CORDILLERA,2021,5,27,693,1210,5048,2,3,3,3,4,4,5,5,5,0.18518518518518517,0.5727272727272728,0.23969889064976227,8.52674740422105,1,0.6666666666666666,0.1111111111111111,0.1111111111111111,0.14814814814814814,0.14814814814814814,0.18518518518518517,0.18518518518518517,0.18518518518518517
3_11,EMBOSCADA,CORDILLERA,2015,24,45,2234,3394,9913,1,4,13,14,15,16,18,22,24,0.5333333333333333,0.6582203889216264,0.34237869464339754,9.201602306032898,0,0.25,0.28888888888888886,0.3111111111111111,0.3333333333333333,0.35555555555555557,0.4,0.4888888888888889,0.5333333333333333
3_11,EMBOSCADA,CORDILLERA,2021,13,36,2961,4161,12324,1,3,3,6,8,9,9,12,13,0.3611111111111111,0.7116077865897621,0.3376338851022395,9.419303859716559,1,0.3333333333333333,0.08333333333333333,0.16666666666666666,0.2222222222222222,0.25,0.25,0.3333333333333333,0.3611111111111111
3_13,EUSEBIO AYALA,CORDILLERA,2015,24,60,1690,3905,13288,1,4,10,12,15,20,22,23,24,0.4,0.4327784891165173,0.29387417218543044,9.49461665129313,0,0.25,0.16666666666666666,0.2,0.25,0.3333333333333333,0.36666666666666664,0.38333333333333336,0.4
3_13,EUSEBIO AYALA,CORDILLERA,2021,38,72,2764,4334,14893,0,3,20,24,26,27,31,34,38,0.5277777777777778,0.6377480387632672,0.291009198952528,9.608646582885868,1,0,0.2777777777777778,0.3333333333333333,0.3611111111111111,0.375,0.4305555555555556,0.4722222222222222,0.5277777777777778
3_15,ISLA PUCU,CORDILLERA,2015,8,36,764,1355,5212,0,2,2,2,5,5,5,6,8,0.2222222222222222,0.5638376383763838,0.25997697620874904,8.558718938244736,0,0,0.05555555555555555,0.05555555555555555,0.1388888888888889,0.1388888888888889,0.1388888888888889,0.16666666666666666,0.2222222222222222
3_15,ISLA PUCU,CORDILLERA,2021,8,27,872,1467,5793,0,3,3,4,4,5,5,5,8,0.2962962962962963,0.5944103612815269,0.2532366649404454,8.664405571096625,1,0,0.1111111111111111,0.14814814814814814,0.14814814814814814,0.18518518518518517,0.18518518518518517,0.18518518518518517,0.2962962962962963
3_17,ITACURUBI DE LA CORDILLERA,CORDILLERA,2015,13,36,1619,2295,8043,1,2,10,10,10,11,11,13,13,0.3611111111111111,0.7054466230936819,0.28534129056322266,8.99255742690407,0,0.5,0.2777777777777778,0.2777777777777778,0.2777777777777778,0.3055555555555556,0.3055555555555556,0.3611111111111111,0.3611111111111111
3_17,ITACURUBI DE LA CORDILLERA,CORDILLERA,2021,9,36,1642,2393,8850,1,3,5,5,6,7,7,7,9,0.25,0.686167989970748,0.2703954802259887,9.088172738001974,1,0.3333333333333333,0.1388888888888889,0.1388888888888889,0.16666666666666666,0.19444444444444445,0.19444444444444445,0.19444444444444445,0.25
3_19,JUAN DE MENA,CORDILLERA,2015,9,45,643,1352,4371,0,4,7,7,7,7,8,9,9,0.2,0.4755917159763314,0.30931137039579043,8.382747094863314,0,0,0.15555555555555556,0.15555555555555556,0.15555555555555556,0.15555555555555556,0.17777777777777778,0.2,0.2
3_19,JUAN DE MENA,CORDILLERA,2021,12,36,1194,1846,5619,1,4,5,7,9,9,10,10,12,0.3333333333333333,0.6468039003250271,0.3285282078661684,8.633908991112198,1,0.25,0.1388888888888889,0.19444444444444445,0.25,0.25,0.2777777777777778,0.2777777777777778,0.3333333333333333
3_21,LOMA GRANDE,CORDILLERA,2015,4,18,668,822,3050,0,2,1,2,2,2,3,4,4,0.2222222222222222,0.8126520681265207,0.2695081967213115,8.022896869601457,0,0,0.05555555555555555,0.1111111111111111,0.1111111111111111,0.1111111111111111,0.16666666666666666,0.2222222222222222,0.2222222222222222
3_21,LOMA GRANDE,CORDILLERA,2021,13,27,1092,1334,4449,0,3,8,9,10,10,10,11,13,0.48148148148148145,0.8185907046476761,0.299842661272196,8.400434630806041,1,0,0.2962962962962963,0.3333333333333333,0.37037037037037035,0.37037037037037035,0.37037037037037035,0.4074074074074074,0.48148148148148145
3_23,MBOCAYATY DEL YHAGUY,CORDILLERA,2015,4,18,614,1031,3523,0,2,0,2,2,3,3,3,4,0.2222222222222222,0.5955383123181377,0.2926483110984956,8.167068178341237,0,0,0,0.1111111111111111,0.1111111111111111,0.16666666666666666,0.16666666666666666,0.16666666666666666,0.2222222222222222
3_23,MBOCAYATY DEL YHAGUY,CORDILLERA,2021,3,18,758,1122,4103,0,2,2,2,2,2,2,2,3,0.16666666666666666,0.6755793226381461,0.2734584450402145,8.319473692442186,1,0,0.1111111111111111,0.1111111111111111,0.1111111111111111,0.1111111111111111,0.1111111111111111,0.1111111111111111,0.16666666666666666
3_25,NUEVA COLOMBIA,CORDILLERA,2015,8,27,804,1138,3888,2,3,2,4,4,4,6,6,8,0.2962962962962963,0.7065026362038664,0.2926954732510288,8.265650165580329,0,0.6666666666666666,0.07407407407407407,0.14814814814814814,0.14814814814814814,0.14814814814814814,0.2222222222222222,0.2222222222222222,0.2962962962962963
3_25,NUEVA COLOMBIA,CORDILLERA,2021,8,27,877,1124,4357,2,3,5,6,7,8,8,8,8,0.2962962962962963,0.7802491103202847,0.25797567133348637,8.379539026117442,1,0.6666666666666666,0.18518518518518517,0.2222222222222222,0.25925925925925924,0.2962962962962963,0.2962962962962963,0.2962962962962963,0.2962962962962963
3_27,PIRIBEBUY,CORDILLERA,2015,18,60,2823,5840,20503,0,3,7,7,11,14,15,16,18,0.3,0.4833904109589041,0.28483636540994,9.928326495883047,0,0,0.11666666666666667,0.11666666666666667,0.18333333333333332,0.23333333333333334,0.25,0.26666666666666666,0.3
3_27,PIRIBEBUY,CORDILLERA,2021,50,132,3924,6147,23003,0,4,25,28,37,40,42,48,50,0.3787878787878788,0.6383601756954612,0.26722601399817414,10.043379921188018,1,0,0.1893939393939394,0.21212121212121213,0.2803030303030303,0.30303030303030304,0.3181818181818182,0.36363636363636365,0.3787878787878788
3_29,SAN BERNARDINO,CORDILLERA,2015,31,72,1934,2906,9932,0,2,21,23,25,26,31,31,31,0.4305555555555556,0.6655196145905025,0.29258960934353606,9.203517146628057,0,0,0.2916666666666667,0.3194444444444444,0.3472222222222222,0.3611111111111111,0.4305555555555556,0.4305555555555556,0.4305555555555556
3_29,SAN BERNARDINO,CORDILLERA,2021,41,108,2098,2756,10800,1,5,16,20,23,29,33,36,41,0.37962962962962965,0.7612481857764877,0.2551851851851852,9.287301413112312,1,0.2,0.14814814814814814,0.18518518518518517,0.21296296296296297,0.26851851851851855,0.3055555555555556,0.3333333333333333,0.37962962962962965
3_3,ALTOS,CORDILLERA,2015,13,36,1698,2782,8857,1,2,6,6,8,9,11,12,13,0.3611111111111111,0.6103522645578721,0.31410184035226374,9.088963385809583,0,0.5,0.16666666666666666,0.16666666666666666,0.2222222222222222,0.25,0.3055555555555556,0.3333333333333333,0.3611111111111111
3_3,ALTOS,CORDILLERA,2021,7,27,1981,3048,9918,2,3,4,4,4,5,5,5,7,0.25925925925925924,0.6499343832020997,0.3073200241984271,9.202106567049078,1,0.6666666666666666,0.14814814814814814,0.14814814814814814,0.14814814814814814,0.18518518518518517,0.18518518518518517,0.18518518518518517,0.25925925925925924
3_31,SAN JOSE OBRERO,CORDILLERA,2015,7,27,388,768,3199,0,3,4,4,5,6,7,7,7,0.25925925925925924,0.5052083333333334,0.2400750234448265,8.070593539949519,0,0,0.14814814814814814,0.14814814814814814,0.18518518518518517,0.2222222222222222,0.25925925925925924,0.25925925925925924,0.25925925925925924
3_31,SAN JOSE OBRERO,CORDILLERA,2021,10,27,542,1033,3891,1,2,6,6,6,7,7,7,10,0.37037037037037035,0.5246853823814134,0.26548445129786685,8.266421472984554,1,0.5,0.2222222222222222,0.2222222222222222,0.2222222222222222,0.25925925925925924,0.25925925925925924,0.25925925925925924,0.37037037037037035
3_33,SANTA ELENA,CORDILLERA,2015,13,45,899,1248,4351,1,2,8,9,9,9,10,11,13,0.28888888888888886,0.7203525641025641,0.286830613652034,8.37816098272068,0,0.5,0.17777777777777778,0.2,0.2,0.2,0.2222222222222222,0.24444444444444444,0.28888888888888886
3_33,SANTA ELENA,CORDILLERA,2021,11,27,763,1160,4607,0,2,6,7,8,8,9,9,11,0.4074074074074074,0.6577586206896552,0.2517907532016497,8.435332164935916,1,0,0.2222222222222222,0.25925925925925924,0.2962962962962963,0.2962962962962963,0.3333333333333333,0.3333333333333333,0.4074074074074074
3_35,TOBATI,CORDILLERA,2015,21,60,3242,5452,17229,3,4,9,10,11,15,18,20,21,0.35,0.5946441672780631,0.31644320622206745,9.754349289532406,0,0.75,0.15,0.16666666666666666,0.18333333333333332,0.25,0.3,0.3333333333333333,0.35
3_35,TOBATI,CORDILLERA,2021,35,96,3781,6186,19734,0,2,12,15,19,24,29,30,35,0.3645833333333333,0.6112188813449725,0.31346913955609607,9.890098315417111,1,0,0.125,0.15625,0.19791666666666666,0.25,0.3020833333333333,0.3125,0.3645833333333333
3_37,VALENZUELA,CORDILLERA,2015,9,36,1003,1478,5364,0,2,3,4,5,6,6,7,9,0.25,0.6786197564276049,0.27554064131245337,8.587465244401569,0,0,0.08333333333333333,0.1111111111111111,0.1388888888888889,0.16666666666666666,0.16666666666666666,0.19444444444444445,0.25
3_37,VALENZUELA,CORDILLERA,2021,10,27,1108,1623,6429,0,2,6,6,8,9,9,9,10,0.37037037037037035,0.6826863832409119,0.25244983667755483,8.768574284141687,1,0,0.2222222222222222,0.2222222222222222,0.2962962962962963,0.3333333333333333,0.3333333333333333,0.3333333333333333,0.37037037037037035
3_5,ARROYOS Y ESTEROS,CORDILLERA,2015,9,36,1400,4157,14746,0,3,6,7,8,8,9,9,9,0.25,0.33678133269184507,0.2819069578190696,9.598727138549595,0,0,0.16666666666666666,0.19444444444444445,0.2222222222222222,0.2222222222222222,0.25,0.25,0.25
3_5,ARROYOS Y ESTEROS,CORDILLERA,2021,16,60,2802,4778,16864,0,4,7,9,10,10,11,14,16,0.26666666666666666,0.5864378401004604,0.28332542694497154,9.73293645134109,1,0,0.11666666666666667,0.15,0.16666666666666666,0.16666666666666666,0.18333333333333332,0.23333333333333334,0.26666666666666666
3_7,ATYRA,CORDILLERA,2015,14,45,1945,3265,10977,0,2,5,6,8,9,10,13,14,0.3111111111111111,0.5957120980091883,0.29744010203152044,9.303557453687317,0,0,0.1111111111111111,0.13333333333333333,0.17777777777777778,0.2,0.2222222222222222,0.28888888888888886,0.3111111111111111
3_7,ATYRA,CORDILLERA,2021,5,27,2500,3508,12314,1,2,3,4,4,4,5,5,5,0.18518518518518517,0.7126567844925884,0.2848789995127497,9.418492105471156,1,0.5,0.1111111111111111,0.14814814814814814,0.14814814814814814,0.14814814814814814,0.18518518518518517,0.18518518518518517,0.18518518518518517
3_9,CARAGUATAY,CORDILLERA,2015,12,35,1016,2621,9111,1,3,4,5,7,8,8,9,12,0.34285714285714286,0.38763830599008015,0.2876742399297552,9.117237753713859,0,0.3333333333333333,0.11428571428571428,0.14285714285714285,0.2,0.22857142857142856,0.22857142857142856,0.2571428571428571,0.34285714285714286
3_9,CARAGUATAY,CORDILLERA,2021,15,48,1437,2761,9979,0,3,7,8,8,10,12,13,15,0.3125,0.520463600144875,0.276681030163343,9.208238163884312,1,0,0.14583333333333334,0.16666666666666666,0.16666666666666666,0.20833333333333334,0.25,0.2708333333333333,0.3125
4_0,VILLARRICA,GUAIRA,2015,26,72,7320,13734,43385,0,3,13,13,16,21,22,26,26,0.3611111111111111,0.5329838357361293,0.31656102339518266,10.67786903822759,0,0,0.18055555555555555,0.18055555555555555,0.2222222222222222,0.2916666666666667,0.3055555555555556,0.3611111111111111,0.3611111111111111
4_0,VILLARRICA,GUAIRA,2021,32,108,8504,15014,48770,2,4,17,20,23,27,30,31,32,0.2962962962962963,0.5664046889569735,0.3078531884355136,10.794870648704098,1,0.5,0.1574074074074074,0.18518518518518517,0.21296296296296297,0.25,0.2777777777777778,0.28703703703703703,0.2962962962962963
4_1,BORJA,GUAIRA,2015,10,18,669,1838,6291,0,2,4,4,4,6,8,10,10,0.5555555555555556,0.36398258977149073,0.29216340804323637,8.74687531957003,0,0,0.2222222222222222,0.2222222222222222,0.2222222222222222,0.3333333333333333,0.4444444444444444,0.5555555555555556,0.5555555555555556
4_1,BORJA,GUAIRA,2021,9,36,960,1879,6673,1,3,1,1,2,4,5,7,9,0.25,0.5109100585417775,0.2815824966282032,8.805824812903607,1,0.3333333333333333,0.027777777777777776,0.027777777777777776,0.05555555555555555,0.1111111111111111,0.1388888888888889,0.19444444444444445,0.25
4_11,GENERAL EUGENIO ALEJANDRINO GARAY,GUAIRA,2015,10,27,894,1822,6055,2,2,1,1,1,3,5,5,10,0.37037037037037035,0.49066959385290887,0.3009083402146986,8.708639655987193,0,1,0.037037037037037035,0.037037037037037035,0.037037037037037035,0.1111111111111111,0.18518518518518517,0.18518518518518517,0.37037037037037035
4_11,GENERAL EUGENIO ALEJANDRINO GARAY,GUAIRA,2021,3,18,893,1779,6819,0,2,1,1,1,2,2,3,3,0.16666666666666666,0.5019673974142776,0.2608886933567972,8.827468112520654,1,0,0.05555555555555555,0.05555555555555555,0.05555555555555555,0.1111111111111111,0.1111111111111111,0.16666666666666666,0.16666666666666666
4_13,INDEPENDENCIA,GUAIRA,2015,23,72,1695,5044,15431,3,5,8,10,11,15,18,21,23,0.3194444444444444,0.33604282315622525,0.32687447346251053,9.644133752071205,0,0.6,0.1111111111111111,0.1388888888888889,0.1527777777777778,0.20833333333333334,0.25,0.2916666666666667,0.3194444444444444
4_13,INDEPENDENCIA,GUAIRA,2021,14,36,2558,5701,17710,1,4,9,10,12,12,14,14,14,0.3888888888888889,0.4486932117172426,0.32190852625635236,9.781884730776879,1,0.25,0.25,0.2777777777777778,0.3333333333333333,0.3333333333333333,0.3888888888888889,0.3888888888888889,0.3888888888888889
4_15,ITAPE,GUAIRA,2015,10,36,938,1209,4265,0,2,6,6,6,7,8,10,10,0.2777777777777778,0.7758478081058726,0.2834701055099648,8.35819745992578,0,0,0.16666666666666666,0.16666666666666666,0.16666666666666666,0.19444444444444445,0.2222222222222222,0.2777777777777778,0.2777777777777778
4_15,ITAPE,GUAIRA,2021,9,27,1044,1297,4791,1,2,3,3,4,4,6,7,9,0.3333333333333333,0.8049344641480339,0.2707159256940096,8.474494436883122,1,0.5,0.1111111111111111,0.1111111111111111,0.14814814814814814,0.14814814814814814,0.2222222222222222,0.25925925925925924,0.3333333333333333
4_17,ITURBE,GUAIRA,2015,9,45,1088,1942,6992,0,2,5,6,6,6,7,9,9,0.2,0.5602471678681772,0.27774599542334094,8.852521917335372,0,0,0.1111111111111111,0.13333333333333333,0.13333333333333333,0.13333333333333333,0.15555555555555556,0.2,0.2
4_17,ITURBE,GUAIRA,2021,8,27,1138,2024,7568,0,2,3,3,4,6,6,7,8,0.2962962962962963,0.5622529644268774,0.26744186046511625,8.931684110731714,1,0,0.1111111111111111,0.1111111111111111,0.14814814814814814,0.2222222222222222,0.2222222222222222,0.25925925925925924,0.2962962962962963
4_19,JOSE FASSARDI,GUAIRA,2015,16,54,824,1262,3961,0,4,5,6,7,9,13,16,16,0.2962962962962963,0.652931854199683,0.3186064125220904,8.284251797621916,0,0,0.09259259259259259,0.1111111111111111,0.12962962962962962,0.16666666666666666,0.24074074074074073,0.2962962962962963,0.2962962962962963
4_19,JOSE FASSARDI,GUAIRA,2021,15,54,833,1324,4502,0,4,9,9,11,13,14,14,15,0.2777777777777778,0.629154078549849,0.29409151488227453,8.412277021466677,1,0,0.16666666666666666,0.16666666666666666,0.2037037037037037,0.24074074074074073,0.25925925925925924,0.25925925925925924,0.2777777777777778
4_21,MBOCAYATY DEL GUAIRA,GUAIRA,2015,15,45,725,1396,5137,0,4,7,9,11,12,12,13,15,0.3333333333333333,0.5193409742120344,0.27175394198948805,8.544224530467268,0,0,0.15555555555555556,0.2,0.24444444444444444,0.26666666666666666,0.26666666666666666,0.28888888888888886,0.3333333333333333
4_21,MBOCAYATY DEL GUAIRA,GUAIRA,2021,14,45,1004,1462,5851,0,3,10,11,12,12,13,13,14,0.3111111111111111,0.6867305061559508,0.24987181678345582,8.674367865788236,1,0,0.2222222222222222,0.24444444444444444,0.26666666666666666,0.26666666666666666,0.28888888888888886,0.28888888888888886,0.3111111111111111
4_23,NATALICIO TALAVERA,GUAIRA,2015,13,36,621,962,3119,0,2,8,9,9,10,11,12,13,0.3611111111111111,0.6455301455301455,0.3084321898044245,8.045267716607803,0,0,0.2222222222222222,0.25,0.25,0.2777777777777778,0.3055555555555556,0.3333333333333333,0.3611111111111111
4_23,NATALICIO TALAVERA,GUAIRA,2021,5,18,687,958,3430,0,2,3,4,4,4,4,5,5,0.2777777777777778,0.7171189979123174,0.2793002915451895,8.140315540159985,1,0,0.16666666666666666,0.2222222222222222,0.2222222222222222,0.2222222222222222,0.2222222222222222,0.2777777777777778,0.2777777777777778
4_25,ÑUMI,GUAIRA,2015,7,18,631,1010,3332,0,2,2,2,2,4,5,7,7,0.3888888888888889,0.6247524752475248,0.30312124849939975,8.111328003286733,0,0,0.1111111111111111,0.1111111111111111,0.1111111111111111,0.2222222222222222,0.2777777777777778,0.3888888888888889,0.3888888888888889
4_25,ÑUMI,GUAIRA,2021,15,36,668,1020,3809,1,3,6,9,10,12,12,15,15,0.4166666666666667,0.6549019607843137,0.2677868206878446,8.245121966478605,1,0.3333333333333333,0.16666666666666666,0.25,0.2777777777777778,0.3333333333333333,0.3333333333333333,0.4166666666666667,0.4166666666666667
4_27,PASO YOBAI,GUAIRA,2015,12,54,2166,4265,12825,1,2,4,6,7,8,11,11,12,0.2222222222222222,0.507854630715123,0.33255360623781677,9.45915167003897,0,0.5,0.07407407407407407,0.1111111111111111,0.12962962962962962,0.14814814814814814,0.2037037037037037,0.2037037037037037,0.2222222222222222
4_27,PASO YOBAI,GUAIRA,2021,20,45,2834,5618,16843,1,3,12,14,16,16,17,19,20,0.4444444444444444,0.5044499822000712,0.33355103010152587,9.731690419198387,1,0.3333333333333333,0.26666666666666666,0.3111111111111111,0.35555555555555557,0.35555555555555557,0.37777777777777777,0.4222222222222222,0.4444444444444444
4_29,SAN SALVADOR,GUAIRA,2015,5,27,302,759,2609,1,1,2,3,4,4,4,4,5,0.18518518518518517,0.39789196310935443,0.29091605979302415,7.866722285136729,0,1,0.07407407407407407,0.1111111111111111,0.14814814814814814,0.14814814814814814,0.14814814814814814,0.14814814814814814,0.18518518518518517
4_29,SAN SALVADOR,GUAIRA,2021,5,18,634,971,3490,0,2,2,3,3,3,3,4,5,0.2777777777777778,0.6529351184346035,0.2782234957020057,8.157657015196472,1,0,0.1111111111111111,0.16666666666666666,0.16666666666666666,0.16666666666666666,0.16666666666666666,0.2222222222222222,0.2777777777777778
4_3,CAPITAN MAURICIO JOSE TROCHE,GUAIRA,2015,17,54,1209,1994,6766,1,3,9,9,9,13,14,16,17,0.3148148148148148,0.6063189568706119,0.29470883830919303,8.819665349340653,0,0.3333333333333333,0.16666666666666666,0.16666666666666666,0.16666666666666666,0.24074074074074073,0.25925925925925924,0.2962962962962963,0.3148148148148148
4_3,CAPITAN MAURICIO JOSE TROCHE,GUAIRA,2021,17,63,1525,2250,8298,1,4,4,5,6,9,12,13,17,0.2698412698412698,0.6777777777777778,0.27114967462039047,9.023769800892813,1,0.25,0.06349206349206349,0.07936507936507936,0.09523809523809523,0.14285714285714285,0.19047619047619047,0.20634920634920634,0.2698412698412698
4_30,TEBICUARY,GUAIRA,2015,13,45,412,532,1857,0,3,8,9,10,12,12,13,13,0.28888888888888886,0.7744360902255639,0.28648357565966615,7.526717561352706,0,0,0.17777777777777778,0.2,0.2222222222222222,0.26666666666666666,0.26666666666666666,0.28888888888888886,0.28888888888888886
4_30,TEBICUARY,GUAIRA,2021,11,36,620,768,2524,0,3,4,6,8,9,10,10,11,0.3055555555555556,0.8072916666666666,0.30427892234548337,7.8336002236611035,1,0,0.1111111111111111,0.16666666666666666,0.2222222222222222,0.25,0.2777777777777778,0.2777777777777778,0.3055555555555556
4_31,YATAITY DEL GUAIRA,GUAIRA,2015,24,45,580,855,3449,2,4,15,17,17,20,21,23,24,0.5333333333333333,0.6783625730994152,0.2478979414322992,8.145839612936841,0,0.5,0.3333333333333333,0.37777777777777777,0.37777777777777777,0.4444444444444444,0.4666666666666667,0.5111111111111111,0.5333333333333333
4_31,YATAITY DEL GUAIRA,GUAIRA,2021,7,36,591,807,3651,0,3,2,2,3,3,6,7,7,0.19444444444444445,0.7323420074349443,0.22103533278553822,8.202756381655638,1,0,0.05555555555555555,0.05555555555555555,0.08333333333333333,0.08333333333333333,0.16666666666666666,0.19444444444444445,0.19444444444444445
4_5,CORONEL MARTINEZ,GUAIRA,2015,12,36,886,1150,3777,1,4,7,8,9,11,11,12,12,0.3333333333333333,0.7704347826086957,0.3044744506221869,8.236685322712457,0,0.25,0.19444444444444445,0.2222222222222222,0.25,0.3055555555555556,0.3055555555555556,0.3333333333333333,0.3333333333333333
4_5,CORONEL MARTINEZ,GUAIRA,2021,11,36,1079,1463,4953,1,3,6,6,6,8,9,11,11,0.3055555555555556,0.7375256322624744,0.29537653947102765,8.507748732588238,1,0.3333333333333333,0.16666666666666666,0.16666666666666666,0.16666666666666666,0.2222222222222222,0.25,0.3055555555555556,0.3055555555555556
4_7,DOCTOR BOTRELL,GUAIRA,2015,19,54,257,352,1206,2,3,8,11,15,15,17,18,19,0.35185185185185186,0.7301136363636364,0.29187396351575456,7.095064377287131,0,0.6666666666666666,0.14814814814814814,0.2037037037037037,0.2777777777777778,0.2777777777777778,0.3148148148148148,0.3333333333333333,0.35185185185185186
4_7,DOCTOR BOTRELL,GUAIRA,2021,9,27,255,340,1355,0,2,3,4,5,6,9,9,9,0.3333333333333333,0.75,0.25092250922509224,7.2115567333138015,1,0,0.1111111111111111,0.14814814814814814,0.18518518518518517,0.2222222222222222,0.3333333333333333,0.3333333333333333,0.3333333333333333
4_9,FELIX PEREZ CARDOZO,GUAIRA,2015,6,18,706,1215,4202,1,2,3,4,4,5,5,6,6,0.3333333333333333,0.5810699588477366,0.28914802475011897,8.343315881404946,0,0.5,0.16666666666666666,0.2222222222222222,0.2222222222222222,0.2777777777777778,0.2777777777777778,0.3333333333333333,0.3333333333333333
4_9,FELIX PEREZ CARDOZO,GUAIRA,2021,8,27,826,1083,4635,1,2,5,5,6,7,7,7,8,0.2962962962962963,0.76269621421976,0.2336569579288026,8.441391477999955,1,0.5,0.18518518518518517,0.18518518518518517,0.2222222222222222,0.25925925925925924,0.25925925925925924,0.25925925925925924,0.2962962962962963
5_0,CORONEL OVIEDO,CAAGUAZU,2015,23,60,9133,21250,65576,1,3,18,19,20,22,22,22,23,0.38333333333333336,0.42978823529411764,0.3240514822496035,11.090965054332866,0,0.3333333333333333,0.3,0.31666666666666665,0.3333333333333333,0.36666666666666664,0.36666666666666664,0.36666666666666664,0.38333333333333336
5_0,CORONEL OVIEDO,CAAGUAZU,2021,43,120,13830,24633,76479,2,5,25,28,29,33,39,42,43,0.35833333333333334,0.5614419680915844,0.3220884164280391,11.244771472325993,1,0.4,0.20833333333333334,0.23333333333333334,0.24166666666666667,0.275,0.325,0.35,0.35833333333333334
5_1,3 DE FEBRERO,CAAGUAZU,2015,6,18,1463,2387,7066,1,2,1,1,4,4,5,6,6,0.3333333333333333,0.6129032258064516,0.33781488819699973,8.86304982791909,0,0.5,0.05555555555555555,0.05555555555555555,0.2222222222222222,0.2222222222222222,0.2777777777777778,0.3333333333333333,0.3333333333333333
5_1,3 DE FEBRERO,CAAGUAZU,2021,3,18,1483,2516,8184,0,2,0,0,0,0,2,2,3,0.16666666666666666,0.5894276629570747,0.3074291300097752,9.009936307631463,1,0,0,0,0,0,0.1111111111111111,0.1111111111111111,0.16666666666666666
5_11,DOCTOR JUAN MANUEL FRUTOS,CAAGUAZU,2015,24,66,2223,3692,12870,0,2,12,13,15,18,20,22,24,0.36363636363636365,0.602112676056338,0.2868686868686869,9.462654300590172,0,0,0.18181818181818182,0.19696969696969696,0.22727272727272727,0.2727272727272727,0.30303030303030304,0.3333333333333333,0.36363636363636365
5_11,DOCTOR JUAN MANUEL FRUTOS,CAAGUAZU,2021,35,96,2678,4245,14955,1,4,13,16,20,25,27,33,35,0.3645833333333333,0.6308598351001178,0.283851554663992,9.612800971064049,1,0.25,0.13541666666666666,0.16666666666666666,0.20833333333333334,0.2604166666666667,0.28125,0.34375,0.3645833333333333
5_13,JOSE DOMINGO OCAMPOS,CAAGUAZU,2015,10,36,940,1746,5628,1,3,3,4,4,7,9,9,10,0.2777777777777778,0.5383734249713631,0.31023454157782515,8.63550941823428,0,0.3333333333333333,0.08333333333333333,0.1111111111111111,0.1111111111111111,0.19444444444444445,0.25,0.25,0.2777777777777778
5_13,JOSE DOMINGO OCAMPOS,CAAGUAZU,2021,12,36,1292,2143,6704,1,3,11,11,11,11,11,12,12,0.3333333333333333,0.6028931404573028,0.3196599045346062,8.810459642161918,1,0.3333333333333333,0.3055555555555556,0.3055555555555556,0.3055555555555556,0.3055555555555556,0.3055555555555556,0.3333333333333333,0.3333333333333333
5_15,LA PASTORA,CAAGUAZU,2015,7,18,498,951,3048,0,2,3,3,4,5,5,6,7,0.3888888888888889,0.5236593059936908,0.31200787401574803,8.022240916806537,0,0,0.16666666666666666,0.16666666666666666,0.2222222222222222,0.2777777777777778,0.2777777777777778,0.3333333333333333,0.3888888888888889
5_15,LA PASTORA,CAAGUAZU,2021,3,18,730,1104,3572,1,2,1,1,1,1,2,3,3,0.16666666666666666,0.6612318840579711,0.3090705487122061,8.18088094199639,1,0.5,0.05555555555555555,0.05555555555555555,0.05555555555555555,0.05555555555555555,0.1111111111111111,0.16666666666666666,0.16666666666666666
5_17,MARISCAL FRANCISCO SOLANO LOPEZ,CAAGUAZU,2015,3,27,556,962,2955,0,3,2,2,2,3,3,3,3,0.1111111111111111,0.577962577962578,0.3255499153976311,7.991253929840199,0,0,0.07407407407407407,0.07407407407407407,0.07407407407407407,0.1111111111111111,0.1111111111111111,0.1111111111111111,0.1111111111111111
5_17,MARISCAL FRANCISCO SOLANO LOPEZ,CAAGUAZU,2021,9,36,874,1344,4072,0,2,5,7,7,7,7,8,9,0.25,0.6502976190476191,0.3300589390962672,8.311889558230359,1,0,0.1388888888888889,0.19444444444444445,0.19444444444444445,0.19444444444444445,0.19444444444444445,0.2222222222222222,0.25
5_19,NUEVA LONDRES,CAAGUAZU,2015,9,45,682,834,3290,1,4,4,5,7,7,8,8,9,0.2,0.8177458033573142,0.25349544072948327,8.098642843759418,0,0.25,0.08888888888888889,0.1111111111111111,0.15555555555555556,0.15555555555555556,0.17777777777777778,0.17777777777777778,0.2
5_19,NUEVA LONDRES,CAAGUAZU,2021,12,27,723,874,3776,2,3,7,8,9,9,10,10,12,0.4444444444444444,0.8272311212814645,0.23146186440677965,8.236420527265391,1,0.6666666666666666,0.25925925925925924,0.2962962962962963,0.3333333333333333,0.3333333333333333,0.37037037037037035,0.37037037037037035,0.4444444444444444
5_20,NUEVA TOLEDO,CAAGUAZU,2015,9,27,590,883,2553,0,3,3,3,3,4,5,8,9,0.3333333333333333,0.6681766704416761,0.34586760673717193,7.845024417241484,0,0,0.1111111111111111,0.1111111111111111,0.1111111111111111,0.14814814814814814,0.18518518518518517,0.2962962962962963,0.3333333333333333
5_20,NUEVA TOLEDO,CAAGUAZU,2021,14,45,704,924,3008,0,2,6,8,11,12,14,14,14,0.3111111111111111,0.7619047619047619,0.3071808510638298,8.00903068506973,1,0,0.13333333333333333,0.17777777777777778,0.24444444444444444,0.26666666666666666,0.3111111111111111,0.3111111111111111,0.3111111111111111
5_21,RI 3 CORRALES,CAAGUAZU,2015,5,18,984,1739,5165,0,2,3,3,3,3,5,5,5,0.2777777777777778,0.5658424381828637,0.3366892545982575,8.549660381553739,0,0,0.16666666666666666,0.16666666666666666,0.16666666666666666,0.16666666666666666,0.2777777777777778,0.2777777777777778,0.2777777777777778
5_21,RI 3 CORRALES,CAAGUAZU,2021,9,27,1381,2233,6555,0,2,2,3,4,5,6,8,9,0.3333333333333333,0.6184505150022391,0.3406559877955759,8.7879833961978,1,0,0.07407407407407407,0.1111111111111111,0.14814814814814814,0.18518518518518517,0.2222222222222222,0.2962962962962963,0.3333333333333333
5_23,RAUL ARSENIO OVIEDO,CAAGUAZU,2015,8,36,2070,3498,9406,0,3,5,6,6,7,7,7,8,0.2222222222222222,0.5917667238421955,0.3718902827982139,9.149103062504993,0,0,0.1388888888888889,0.16666666666666666,0.16666666666666666,0.19444444444444445,0.19444444444444445,0.19444444444444445,0.2222222222222222
5_23,RAUL ARSENIO OVIEDO,CAAGUAZU,2021,10,27,2366,4278,11479,1,3,4,4,7,7,7,9,10,0.37037037037037035,0.5530621785881253,0.3726805470859831,9.348274558065496,1,0.3333333333333333,0.14814814814814814,0.14814814814814814,0.25925925925925924,0.25925925925925924,0.25925925925925924,0.3333333333333333,0.37037037037037035
5_25,REPATRIACION,CAAGUAZU,2015,13,47,2724,6551,19799,1,3,5,8,8,9,12,13,13,0.2765957446808511,0.41581437948404826,0.3308752967321582,9.8933867103567,0,0.3333333333333333,0.10638297872340426,0.1702127659574468,0.1702127659574468,0.19148936170212766,0.2553191489361702,0.2765957446808511,0.2765957446808511
5_25,REPATRIACION,CAAGUAZU,2021,16,48,3059,8252,23818,0,4,10,10,11,12,14,16,16,0.3333333333333333,0.37069801260300533,0.3464606600050382,10.078196876327942,1,0,0.20833333333333334,0.20833333333333334,0.22916666666666666,0.25,0.2916666666666667,0.3333333333333333,0.3333333333333333
5_27,SAN JOAQUIN,CAAGUAZU,2015,9,27,1428,2718,8651,2,3,5,5,5,5,6,8,9,0.3333333333333333,0.5253863134657837,0.3141833314067738,9.065430200180375,0,0.6666666666666666,0.18518518518518517,0.18518518518518517,0.18518518518518517,0.18518518518518517,0.2222222222222222,0.2962962962962963,0.3333333333333333
5_27,SAN JOAQUIN,CAAGUAZU,2021,9,45,1725,3480,10371,1,4,5,6,7,8,9,9,9,0.2,0.4956896551724138,0.3355510558287533,9.246768728589734,1,0.25,0.1111111111111111,0.13333333333333333,0.15555555555555556,0.17777777777777778,0.2,0.2,0.2
5_29,SAN JOSE DE LOS ARROYOS,CAAGUAZU,2015,12,36,1356,3161,11030,1,3,4,8,9,11,11,12,12,0.3333333333333333,0.42897817146472633,0.2865820489573889,9.308374112247549,0,0.3333333333333333,0.1111111111111111,0.2222222222222222,0.25,0.3055555555555556,0.3055555555555556,0.3333333333333333,0.3333333333333333
5_29,SAN JOSE DE LOS ARROYOS,CAAGUAZU,2021,10,36,2251,3499,12341,1,3,3,4,6,9,10,10,10,0.2777777777777778,0.6433266647613604,0.28352645652702374,9.420682331453184,1,0.3333333333333333,0.08333333333333333,0.1111111111111111,0.16666666666666666,0.25,0.2777777777777778,0.2777777777777778,0.2777777777777778
5_3,CAAGUAZU,CAAGUAZU,2015,42,120,8364,22724,67114,0,4,17,19,22,30,34,40,42,0.35,0.36806900193627884,0.33858807402330365,11.114147945011881,0,0,0.14166666666666666,0.15833333333333333,0.18333333333333332,0.25,0.2833333333333333,0.3333333333333333,0.35
5_3,CAAGUAZU,CAAGUAZU,2021,24,84,12319,28657,80180,1,4,11,12,14,17,21,23,24,0.2857142857142857,0.429877516837073,0.35740833125467697,11.292029386196498,1,0.25,0.13095238095238096,0.14285714285714285,0.16666666666666666,0.20238095238095238,0.25,0.27380952380952384,0.2857142857142857
5_31,SANTA ROSA DEL MBUTUY,CAAGUAZU,2015,4,27,1910,3080,9602,0,2,4,4,4,4,4,4,4,0.14814814814814814,0.6201298701298701,0.320766506977713,9.169726689090886,0,0,0.14814814814814814,0.14814814814814814,0.14814814814814814,0.14814814814814814,0.14814814814814814,0.14814814814814814,0.14814814814814814
5_31,SANTA ROSA DEL MBUTUY,CAAGUAZU,2021,8,18,1681,3013,10055,0,2,4,4,4,5,6,6,8,0.4444444444444444,0.55791569863923,0.29965191447041273,9.215825302206753,1,0,0.2222222222222222,0.2222222222222222,0.2222222222222222,0.2777777777777778,0.3333333333333333,0.3333333333333333,0.4444444444444444
5_33,SIMON BOLIVAR,CAAGUAZU,2015,15,36,1034,1604,4882,0,3,7,8,10,10,14,14,15,0.4166666666666667,0.6446384039900249,0.328553871364195,8.493310250952906,0,0,0.19444444444444445,0.2222222222222222,0.2777777777777778,0.2777777777777778,0.3888888888888889,0.3888888888888889,0.4166666666666667
5_33,SIMON BOLIVAR,CAAGUAZU,2021,7,36,1041,1665,5406,0,3,3,3,3,5,6,7,7,0.19444444444444445,0.6252252252252253,0.30799112097669257,8.595264726836392,1,0,0.08333333333333333,0.08333333333333333,0.08333333333333333,0.1388888888888889,0.16666666666666666,0.19444444444444445,0.19444444444444445
5_34,TEMBIAPORA,CAAGUAZU,2015,11,45,1692,2558,6471,1,4,6,6,6,6,9,9,11,0.24444444444444444,0.6614542611415168,0.3953021171380003,8.775085935057266,0,0.25,0.13333333333333333,0.13333333333333333,0.13333333333333333,0.13333333333333333,0.2,0.2,0.24444444444444444
5_34,TEMBIAPORA,CAAGUAZU,2021,18,60,2058,3162,8338,0,4,8,9,9,11,14,17,18,0.3,0.650853889943074,0.37922763252578556,9.028578658440741,1,0,0.13333333333333333,0.15,0.15,0.18333333333333332,0.23333333333333334,0.2833333333333333,0.3
5_35,VAQUERIA,CAAGUAZU,2015,14,36,1296,2656,7728,0,4,6,7,10,11,12,13,14,0.3888888888888889,0.4879518072289157,0.34368530020703936,8.952605375892354,0,0,0.16666666666666666,0.19444444444444445,0.2777777777777778,0.3055555555555556,0.3333333333333333,0.3611111111111111,0.3888888888888889
5_35,VAQUERIA,CAAGUAZU,2021,8,18,1703,3377,9252,0,2,5,6,6,6,7,8,8,0.4444444444444444,0.5042937518507551,0.3650021616947687,9.13259502335133,1,0,0.2777777777777778,0.3333333333333333,0.3333333333333333,0.3333333333333333,0.3888888888888889,0.4444444444444444,0.4444444444444444
5_37,YHU,CAAGUAZU,2015,6,24,2371,5336,14986,1,2,2,2,3,4,4,4,6,0.25,0.4443403298350825,0.35606566128386496,9.614871710924255,0,0.5,0.08333333333333333,0.08333333333333333,0.125,0.16666666666666666,0.16666666666666666,0.16666666666666666,0.25
5_37,YHU,CAAGUAZU,2021,22,84,2895,7192,18726,1,4,8,11,13,15,17,17,22,0.2619047619047619,0.4025305895439377,0.38406493645199186,9.837668211498835,1,0.25,0.09523809523809523,0.13095238095238096,0.15476190476190477,0.17857142857142858,0.20238095238095238,0.20238095238095238,0.2619047619047619
5_5,CARAYAO,CAAGUAZU,2015,19,45,1657,3173,9334,1,3,4,8,10,13,16,18,19,0.4222222222222222,0.5222187204538292,0.33994000428540816,9.141418926509761,0,0.3333333333333333,0.08888888888888889,0.17777777777777778,0.2222222222222222,0.28888888888888886,0.35555555555555557,0.4,0.4222222222222222
5_5,CARAYAO,CAAGUAZU,2021,8,36,2048,3539,10953,1,2,5,6,7,8,8,8,8,0.2222222222222222,0.5786945464820571,0.3231078243403634,9.301368670323747,1,0.5,0.1388888888888889,0.16666666666666666,0.19444444444444445,0.2222222222222222,0.2222222222222222,0.2222222222222222,0.2222222222222222
5_7,DOCTOR CECILIO BAEZ,CAAGUAZU,2015,11,27,678,1301,4144,0,2,5,6,6,8,10,11,11,0.4074074074074074,0.5211375864719446,0.3139478764478765,8.329416783939319,0,0,0.18518518518518517,0.2222222222222222,0.2222222222222222,0.2962962962962963,0.37037037037037035,0.4074074074074074,0.4074074074074074
5_7,DOCTOR CECILIO BAEZ,CAAGUAZU,2021,9,27,890,1571,4885,0,2,3,4,8,8,8,9,9,0.3333333333333333,0.5665181413112667,0.321596724667349,8.493924564476883,1,0,0.1111111111111111,0.14814814814814814,0.2962962962962963,0.2962962962962963,0.2962962962962963,0.3333333333333333,0.3333333333333333
5_9,DOCTOR JOSE EULOGIO ESTIGARRIBIA,CAAGUAZU,2015,21,72,4181,7566,18469,2,4,9,10,12,14,18,19,21,0.2916666666666667,0.5526037536346815,0.4096594293139856,9.823848929875911,0,0.5,0.125,0.1388888888888889,0.16666666666666666,0.19444444444444445,0.25,0.2638888888888889,0.2916666666666667
5_9,DOCTOR JOSE EULOGIO ESTIGARRIBIA,CAAGUAZU,2021,26,72,5520,10693,25279,2,5,11,14,15,17,19,22,26,0.3611111111111111,0.5162255681286824,0.4229993275050437,10.13772929051637,1,0.4,0.1527777777777778,0.19444444444444445,0.20833333333333334,0.2361111111111111,0.2638888888888889,0.3055555555555556,0.3611111111111111
6_0,CAAZAPA,CAAZAPA,2015,24,96,2180,4991,16781,1,3,14,15,17,18,20,24,24,0.25,0.43678621518733723,0.29741970085215425,9.728002573001161,0,0.3333333333333333,0.14583333333333334,0.15625,0.17708333333333334,0.1875,0.20833333333333334,0.25,0.25
6_0,CAAZAPA,CAAZAPA,2021,25,84,2834,6043,19535,0,2,13,15,16,17,17,22,25,0.2976190476190476,0.4689723647195102,0.3093422062963911,9.87996300748917,1,0,0.15476190476190477,0.17857142857142858,0.19047619047619047,0.20238095238095238,0.20238095238095238,0.2619047619047619,0.2976190476190476
6_1,ABAI,CAAZAPA,2015,24,72,2133,4765,13670,2,3,12,15,16,19,19,22,24,0.3333333333333333,0.4476390346274921,0.34857351865398684,9.522958929717996,0,0.6666666666666666,0.16666666666666666,0.20833333333333334,0.2222222222222222,0.2638888888888889,0.2638888888888889,0.3055555555555556,0.3333333333333333
6_1,ABAI,CAAZAPA,2021,30,96,2953,5732,16367,1,5,15,19,20,22,26,26,30,0.3125,0.5151779483600838,0.35021689985947335,9.703022391505884,1,0.2,0.15625,0.19791666666666666,0.20833333333333334,0.22916666666666666,0.2708333333333333,0.2708333333333333,0.3125
6_11,MACIEL,CAAZAPA,2015,11,45,339,937,3275,1,1,4,5,6,6,7,11,11,0.24444444444444444,0.3617929562433298,0.28610687022900766,8.094073148069352,0,1,0.08888888888888889,0.1111111111111111,0.13333333333333333,0.13333333333333333,0.15555555555555556,0.24444444444444444,0.24444444444444444
6_11,MACIEL,CAAZAPA,2021,9,27,589,1064,3838,2,3,5,5,5,7,8,8,9,0.3333333333333333,0.5535714285714286,0.27722772277227725,8.252706676567644,1,0.6666666666666666,0.18518518518518517,0.18518518518518517,0.18518518518518517,0.25925925925925924,0.2962962962962963,0.2962962962962963,0.3333333333333333
6_13,SAN JUAN NEPOMUCENO,CAAZAPA,2015,16,48,3156,7036,21472,0,4,8,8,9,10,12,14,16,0.3333333333333333,0.44855031267765777,0.32768256333830104,9.974505039771408,0,0,0.16666666666666666,0.16666666666666666,0.1875,0.20833333333333334,0.25,0.2916666666666667,0.3333333333333333
6_13,SAN JUAN NEPOMUCENO,CAAZAPA,2021,34,84,4078,9060,26219,0,4,13,17,18,22,26,32,34,0.40476190476190477,0.45011037527593817,0.34555093634387274,10.174239617765064,1,0,0.15476190476190477,0.20238095238095238,0.21428571428571427,0.2619047619047619,0.30952380952380953,0.38095238095238093,0.40476190476190477
6_15,TAVAI,CAAZAPA,2015,7,27,1172,2763,8302,1,3,4,4,6,6,6,7,7,0.25925925925925924,0.42417661961635905,0.33281137075403516,9.024251728612985,0,0.3333333333333333,0.14814814814814814,0.14814814814814814,0.2222222222222222,0.2222222222222222,0.2222222222222222,0.25925925925925924,0.25925925925925924
6_15,TAVAI,CAAZAPA,2021,15,54,1673,3415,10468,1,4,10,10,11,11,13,14,15,0.2777777777777778,0.48989751098096634,0.32623232709209016,9.256078263650036,1,0.25,0.18518518518518517,0.18518518518518517,0.2037037037037037,0.2037037037037037,0.24074074074074073,0.25925925925925924,0.2777777777777778
6_17,YUTY,CAAZAPA,2015,14,60,1754,4178,14114,1,3,9,9,10,11,11,13,14,0.23333333333333334,0.41981809478219245,0.29601813801898824,9.554922491560776,0,0.3333333333333333,0.15,0.15,0.16666666666666666,0.18333333333333332,0.18333333333333332,0.21666666666666667,0.23333333333333334
6_17,YUTY,CAAZAPA,2021,11,60,2467,5893,16716,0,3,5,6,6,6,6,9,11,0.18333333333333332,0.41863227558119803,0.35253649198372816,9.724121623567806,1,0,0.08333333333333333,0.1,0.1,0.1,0.1,0.15,0.18333333333333332
6_2,3 DE MAYO,CAAZAPA,2015,14,45,973,2251,8599,3,5,3,4,7,8,9,13,14,0.3111111111111111,0.43225233229675697,0.26177462495639026,9.059401196410896,0,0.6,0.06666666666666667,0.08888888888888889,0.15555555555555556,0.17777777777777778,0.2,0.28888888888888886,0.3111111111111111
6_2,3 DE MAYO,CAAZAPA,2021,9,45,1248,2669,10226,0,4,4,6,6,9,9,9,9,0.2,0.46759085799925065,0.2610013690592607,9.232688775639945,1,0,0.08888888888888889,0.13333333333333333,0.13333333333333333,0.2,0.2,0.2,0.2
6_3,BUENA VISTA,CAAZAPA,2015,7,27,974,1464,4707,1,2,3,4,4,5,5,6,7,0.25925925925925924,0.6653005464480874,0.31102613129381773,8.456806041401142,0,0.5,0.1111111111111111,0.14814814814814814,0.14814814814814814,0.18518518518518517,0.18518518518518517,0.2222222222222222,0.25925925925925924
6_3,BUENA VISTA,CAAZAPA,2021,12,45,996,1547,5293,0,2,5,6,8,10,12,12,12,0.26666666666666666,0.6438267614738203,0.29227281314944265,8.574140471857987,1,0,0.1111111111111111,0.13333333333333333,0.17777777777777778,0.2222222222222222,0.26666666666666666,0.26666666666666666,0.26666666666666666
6_5,DOCTOR SANTIAGO MOISES BERTONI,CAAZAPA,2015,4,18,494,1343,4057,1,2,1,1,1,1,1,4,4,0.2222222222222222,0.3678332092330603,0.33103278284446636,8.308199063206446,0,0.5,0.05555555555555555,0.05555555555555555,0.05555555555555555,0.05555555555555555,0.05555555555555555,0.2222222222222222,0.2222222222222222
6_5,DOCTOR SANTIAGO MOISES BERTONI,CAAZAPA,2021,12,27,648,1420,4755,2,3,12,12,12,12,12,12,12,0.4444444444444444,0.4563380281690141,0.29863301787592006,8.46695197497949,1,0.6666666666666666,0.4444444444444444,0.4444444444444444,0.4444444444444444,0.4444444444444444,0.4444444444444444,0.4444444444444444,0.4444444444444444
6_7,FULGENCIO YEGROS,CAAZAPA,2015,4,18,624,1360,5093,0,2,2,2,3,3,3,4,4,0.2222222222222222,0.4588235294117647,0.26703318279992144,8.535622326884605,0,0,0.1111111111111111,0.1111111111111111,0.16666666666666666,0.16666666666666666,0.16666666666666666,0.2222222222222222,0.2222222222222222
6_7,FULGENCIO YEGROS,CAAZAPA,2021,8,18,776,1432,5622,0,2,4,6,6,6,8,8,8,0.4444444444444444,0.5418994413407822,0.25471362504446815,8.634442751466477,1,0,0.2222222222222222,0.3333333333333333,0.3333333333333333,0.3333333333333333,0.4444444444444444,0.4444444444444444,0.4444444444444444
6_9,GENERAL HIGINIO MORINIGO,CAAZAPA,2015,18,36,852,1314,4437,0,2,9,10,11,13,13,17,18,0.5,0.6484018264840182,0.2961460446247465,8.39773375137891,0,0,0.25,0.2777777777777778,0.3055555555555556,0.3611111111111111,0.3611111111111111,0.4722222222222222,0.5
6_9,GENERAL HIGINIO MORINIGO,CAAZAPA,2021,9,36,652,1185,4583,0,3,7,7,7,7,7,7,9,0.25,0.550210970464135,0.2585642592188523,8.430109084509125,1,0,0.19444444444444445,0.19444444444444445,0.19444444444444445,0.19444444444444445,0.19444444444444445,0.19444444444444445,0.25
7_0,ENCARNACION,ITAPUA,2015,34,144,9907,22350,71450,0,4,12,15,19,20,27,28,34,0.2361111111111111,0.4432662192393736,0.31280615815255425,11.176753183358013,0,0,0.08333333333333333,0.10416666666666667,0.13194444444444445,0.1388888888888889,0.1875,0.19444444444444445,0.2361111111111111
7_0,ENCARNACION,ITAPUA,2021,42,144,13838,27207,82470,0,2,23,25,27,30,33,36,42,0.2916666666666667,0.5086191053772926,0.3299017824663514,11.3201898698274,1,0,0.1597222222222222,0.1736111111111111,0.1875,0.20833333333333334,0.22916666666666666,0.25,0.2916666666666667
7_1,ALTO VERA,ITAPUA,2015,9,36,1294,2978,8304,2,2,6,6,7,7,7,8,9,0.25,0.43451981195433176,0.3586223506743738,9.024492605405669,0,1,0.16666666666666666,0.16666666666666666,0.19444444444444445,0.19444444444444445,0.19444444444444445,0.2222222222222222,0.25
7_1,ALTO VERA,ITAPUA,2021,14,60,1605,4265,10632,2,4,8,9,11,11,11,12,14,0.23333333333333334,0.37631887456037516,0.4011474793077502,9.271623600393081,1,0.5,0.13333333333333333,0.15,0.18333333333333332,0.18333333333333332,0.18333333333333332,0.2,0.23333333333333334
7_11,CARLOS ANTONIO LOPEZ,ITAPUA,2015,10,36,1606,3103,9449,0,2,8,8,9,9,10,10,10,0.2777777777777778,0.5175636480825008,0.32839453910466715,9.153664194782626,0,0,0.2222222222222222,0.2222222222222222,0.25,0.25,0.2777777777777778,0.2777777777777778,0.2777777777777778
7_11,CARLOS ANTONIO LOPEZ,ITAPUA,2021,12,48,1804,3650,11498,1,3,6,6,7,9,9,11,12,0.25,0.49424657534246574,0.31744651243694555,9.349928386183237,1,0.3333333333333333,0.125,0.125,0.14583333333333334,0.1875,0.1875,0.22916666666666666,0.25
7_13,CARMEN DEL PARANA,ITAPUA,2015,10,36,789,1446,5000,1,2,6,6,6,7,9,10,10,0.2777777777777778,0.5456431535269709,0.2892,8.517193191416238,0,0.5,0.16666666666666666,0.16666666666666666,0.16666666666666666,0.19444444444444445,0.25,0.2777777777777778,0.2777777777777778
7_13,CARMEN DEL PARANA,ITAPUA,2021,18,36,1015,1589,5562,0,3,10,12,13,15,16,16,18,0.5,0.6387665198237885,0.28568860122258183,8.62371303479391,1,0,0.2777777777777778,0.3333333333333333,0.3611111111111111,0.4166666666666667,0.4444444444444444,0.4444444444444444,0.5
7_15,CORONEL BOGADO,ITAPUA,2015,20,72,2175,3371,12955,0,2,13,14,15,15,18,20,20,0.2777777777777778,0.6452091367546722,0.26020841373986875,9.46923709299621,0,0,0.18055555555555555,0.19444444444444445,0.20833333333333334,0.20833333333333334,0.25,0.2777777777777778,0.2777777777777778
7_15,CORONEL BOGADO,ITAPUA,2021,19,72,2589,4166,14919,0,4,5,7,9,12,14,17,19,0.2638888888888889,0.6214594335093615,0.27924123600777534,9.610390847382849,1,0,0.06944444444444445,0.09722222222222222,0.125,0.16666666666666666,0.19444444444444445,0.2361111111111111,0.2638888888888889
7_17,EDELIRA,ITAPUA,2015,12,72,2009,4752,14811,0,3,5,7,8,9,10,11,12,0.16666666666666666,0.4227693602693603,0.3208426169738708,9.603125426926972,0,0,0.06944444444444445,0.09722222222222222,0.1111111111111111,0.125,0.1388888888888889,0.1527777777777778,0.16666666666666666
7_17,EDELIRA,ITAPUA,2021,47,120,2394,6048,17361,0,5,21,24,29,32,34,39,47,0.39166666666666666,0.3958333333333333,0.3483670295489891,9.761981590241948,1,0,0.175,0.2,0.24166666666666667,0.26666666666666666,0.2833333333333333,0.325,0.39166666666666666
7_19,FRAM,ITAPUA,2015,24,72,986,1398,5088,1,4,9,10,12,14,16,21,24,0.3333333333333333,0.7052932761087267,0.27476415094339623,8.534640105019959,0,0.25,0.125,0.1388888888888889,0.16666666666666666,0.19444444444444445,0.2222222222222222,0.2916666666666667,0.3333333333333333
7_19,FRAM,ITAPUA,2021,12,36,1219,1692,5937,0,2,3,4,6,9,10,10,12,0.3333333333333333,0.7204491725768322,0.2849924204143507,8.688959234270676,1,0,0.08333333333333333,0.1111111111111111,0.16666666666666666,0.25,0.2777777777777778,0.2777777777777778,0.3333333333333333
7_21,GENERAL ARTIGAS,ITAPUA,2015,14,48,1087,2253,8956,1,2,7,7,7,8,9,9,14,0.2916666666666667,0.48246782068353306,0.2515631978561858,9.100078977718645,0,0.5,0.14583333333333334,0.14583333333333334,0.14583333333333334,0.16666666666666666,0.1875,0.1875,0.2916666666666667
7_21,GENERAL ARTIGAS,ITAPUA,2021,6,24,1303,2508,9862,0,2,3,3,3,5,6,6,6,0.25,0.5195374800637959,0.2543094706955993,9.196444266784072,1,0,0.125,0.125,0.125,0.20833333333333334,0.25,0.25,0.25
7_23,GENERAL DELGADO,ITAPUA,2015,14,45,738,1235,5253,2,3,6,7,10,11,12,12,14,0.3111111111111111,0.5975708502024292,0.23510375023795926,8.566554620953962,0,0.6666666666666666,0.13333333333333333,0.15555555555555556,0.2222222222222222,0.24444444444444444,0.26666666666666666,0.26666666666666666,0.3111111111111111
7_23,GENERAL DELGADO,ITAPUA,2021,12,45,955,1443,6005,1,3,4,5,6,7,8,10,12,0.26666666666666666,0.6618156618156619,0.24029975020815986,8.700347734514084,1,0.3333333333333333,0.08888888888888889,0.1111111111111111,0.13333333333333333,0.15555555555555556,0.17777777777777778,0.2222222222222222,0.26666666666666666
7_25,HOHENAU,ITAPUA,2015,10,60,1311,2416,7359,0,2,3,3,5,6,8,10,10,0.16666666666666666,0.5426324503311258,0.3283054762875391,8.903679332926599,0,0,0.05,0.05,0.08333333333333333,0.1,0.13333333333333333,0.16666666666666666,0.16666666666666666
7_25,HOHENAU,ITAPUA,2021,24,72,1689,3592,9383,0,3,14,14,14,16,18,20,24,0.3333333333333333,0.47021158129175944,0.38281999360545665,9.146654820290049,1,0,0.19444444444444445,0.19444444444444445,0.19444444444444445,0.2222222222222222,0.25,0.2777777777777778,0.3333333333333333
7_27,ITAPUA POTY,ITAPUA,2015,19,48,1397,2736,8582,0,3,6,10,10,12,13,17,19,0.3958333333333333,0.5105994152046783,0.3188068049405733,9.05742226555147,0,0,0.125,0.20833333333333334,0.20833333333333334,0.25,0.2708333333333333,0.3541666666666667,0.3958333333333333
7_27,ITAPUA POTY,ITAPUA,2021,15,60,1611,3177,10212,0,2,9,10,13,13,14,14,15,0.25,0.5070821529745042,0.3111045828437133,9.231318778361375,1,0,0.15,0.16666666666666666,0.21666666666666667,0.21666666666666667,0.23333333333333334,0.23333333333333334,0.25
7_29,JESUS,ITAPUA,2015,14,48,863,1257,4369,1,3,5,6,8,9,10,12,14,0.2916666666666667,0.6865552903739062,0.287708857862211,8.382289428951436,0,0.3333333333333333,0.10416666666666667,0.125,0.16666666666666666,0.1875,0.20833333333333334,0.25,0.2916666666666667
7_29,JESUS,ITAPUA,2021,22,63,856,1385,5005,0,5,12,13,16,16,17,20,22,0.3492063492063492,0.6180505415162455,0.27672327672327673,8.518192691749322,1,0,0.19047619047619047,0.20634920634920634,0.25396825396825395,0.25396825396825395,0.2698412698412698,0.31746031746031744,0.3492063492063492
7_3,BELLA VISTA,ITAPUA,2015,17,48,1008,1890,6442,0,4,8,8,10,13,15,17,17,0.3541666666666667,0.5333333333333333,0.29338714684880474,8.770594329891145,0,0,0.16666666666666666,0.16666666666666666,0.20833333333333334,0.2708333333333333,0.3125,0.3541666666666667,0.3541666666666667
7_3,BELLA VISTA,ITAPUA,2021,9,36,975,2022,7068,0,1,4,6,7,7,7,9,9,0.25,0.4821958456973294,0.2860780984719864,8.863332833439587,1,0,0.1111111111111111,0.16666666666666666,0.19444444444444445,0.19444444444444445,0.19444444444444445,0.25,0.25
7_31,JOSE LEANDRO OVIEDO,ITAPUA,2015,5,27,1142,1640,5091,0,2,2,2,2,2,2,3,5,0.18518518518518517,0.6963414634146341,0.32213710469455903,8.535229553902337,0,0,0.07407407407407407,0.07407407407407407,0.07407407407407407,0.07407407407407407,0.07407407407407407,0.1111111111111111,0.18518518518518517
7_31,JOSE LEANDRO OVIEDO,ITAPUA,2021,5,24,597,1089,4493,1,2,3,3,4,4,4,5,5,0.20833333333333334,0.5482093663911846,0.24237703093701313,8.41027590907016,1,0.5,0.125,0.125,0.16666666666666666,0.16666666666666666,0.16666666666666666,0.20833333333333334,0.20833333333333334
7_33,LA PAZ,ITAPUA,2015,5,18,420,706,2297,0,2,3,3,3,3,4,4,5,0.2777777777777778,0.5949008498583569,0.30735742272529387,7.739359202689098,0,0,0.16666666666666666,0.16666666666666666,0.16666666666666666,0.16666666666666666,0.2222222222222222,0.2222222222222222,0.2777777777777778
7_33,LA PAZ,ITAPUA,2021,3,18,487,876,2709,0,1,2,3,3,3,3,3,3,0.16666666666666666,0.5559360730593608,0.3233665559246955,7.904334842085095,1,0,0.1111111111111111,0.16666666666666666,0.16666666666666666,0.16666666666666666,0.16666666666666666,0.16666666666666666,0.16666666666666666
7_35,MAYOR JULIO DIONISIO OTAÑO,ITAPUA,2015,13,48,1582,3092,9106,0,3,6,7,9,9,9,13,13,0.2708333333333333,0.5116429495472187,0.3395563364814408,9.116688815894728,0,0,0.125,0.14583333333333334,0.1875,0.1875,0.1875,0.2708333333333333,0.2708333333333333
7_35,MAYOR JULIO DIONISIO OTAÑO,ITAPUA,2021,16,60,2391,3930,11481,0,2,6,8,10,11,12,13,16,0.26666666666666666,0.6083969465648855,0.34230467729291875,9.348448774093812,1,0,0.1,0.13333333333333333,0.16666666666666666,0.18333333333333332,0.2,0.21666666666666667,0.26666666666666666
7_37,NATALIO,ITAPUA,2015,16,60,1495,3933,12485,2,3,10,10,11,11,13,14,16,0.26666666666666666,0.38011695906432746,0.31501802162595116,9.432283202713874,0,0.6666666666666666,0.16666666666666666,0.16666666666666666,0.18333333333333332,0.18333333333333332,0.21666666666666667,0.23333333333333334,0.26666666666666666
7_37,NATALIO,ITAPUA,2021,23,84,2331,5440,15352,2,6,5,7,10,15,16,20,23,0.27380952380952384,0.4284926470588235,0.3543512245961438,9.639001037687535,1,0.3333333333333333,0.05952380952380952,0.08333333333333333,0.11904761904761904,0.17857142857142858,0.19047619047619047,0.23809523809523808,0.27380952380952384
7_39,NUEVA ALBORADA,ITAPUA,2015,7,24,1213,1626,4715,1,2,5,5,6,7,7,7,7,0.2916666666666667,0.7460024600246002,0.34485683987274657,8.458504195067558,0,0.5,0.20833333333333334,0.20833333333333334,0.25,0.2916666666666667,0.2916666666666667,0.2916666666666667,0.2916666666666667
7_39,NUEVA ALBORADA,ITAPUA,2021,15,36,1168,1803,5556,1,3,7,9,10,11,12,14,15,0.4166666666666667,0.6478092068774265,0.32451403887688984,8.622633703874234,1,0.3333333333333333,0.19444444444444445,0.25,0.2777777777777778,0.3055555555555556,0.3333333333333333,0.3888888888888889,0.4166666666666667
7_41,OBLIGADO,ITAPUA,2015,13,48,1207,2272,7727,0,2,7,8,8,10,11,13,13,0.2708333333333333,0.53125,0.2940339070790734,8.952475967933584,0,0,0.14583333333333334,0.16666666666666666,0.16666666666666666,0.20833333333333334,0.22916666666666666,0.2708333333333333,0.2708333333333333
7_41,OBLIGADO,ITAPUA,2021,8,36,1656,2969,9713,0,2,5,5,5,6,7,7,8,0.2222222222222222,0.5577635567531155,0.30567280963656956,9.18122047340233,1,0,0.1388888888888889,0.1388888888888889,0.1388888888888889,0.16666666666666666,0.19444444444444445,0.19444444444444445,0.2222222222222222
7_43,PIRAPO,ITAPUA,2015,13,48,647,1266,4236,0,3,3,5,5,5,7,11,13,0.2708333333333333,0.5110584518167457,0.2988668555240793,8.351374706721296,0,0,0.0625,0.10416666666666667,0.10416666666666667,0.10416666666666667,0.14583333333333334,0.22916666666666666,0.2708333333333333
7_43,PIRAPO,ITAPUA,2021,9,36,733,1510,4867,0,2,3,4,4,4,6,7,9,0.25,0.48543046357615893,0.31025272241627283,8.490233009833455,1,0,0.08333333333333333,0.1111111111111111,0.1111111111111111,0.1111111111111111,0.16666666666666666,0.19444444444444445,0.25
7_45,SAN COSME Y DAMIAN,ITAPUA,2015,13,36,869,1437,4908,1,3,9,10,10,10,12,13,13,0.3611111111111111,0.60473208072373,0.2927872860635697,8.498621805830801,0,0.3333333333333333,0.25,0.2777777777777778,0.2777777777777778,0.2777777777777778,0.3333333333333333,0.3611111111111111,0.3611111111111111
7_45,SAN COSME Y DAMIAN,ITAPUA,2021,21,48,1145,1846,6117,0,4,8,10,14,16,18,18,21,0.4375,0.6202600216684724,0.30178191924145825,8.718827059242566,1,0,0.16666666666666666,0.20833333333333334,0.2916666666666667,0.3333333333333333,0.375,0.375,0.4375
7_47,SAN JUAN DEL PARANA,ITAPUA,2015,22,60,1440,2112,6498,3,3,11,12,13,15,18,19,22,0.36666666666666664,0.6818181818181818,0.3250230840258541,8.779249716229046,0,1,0.18333333333333332,0.2,0.21666666666666667,0.25,0.3,0.31666666666666665,0.36666666666666664
7_47,SAN JUAN DEL PARANA,ITAPUA,2021,11,36,1813,2620,8385,0,2,5,7,9,10,10,10,11,0.3055555555555556,0.6919847328244275,0.3124627310673822,9.034199674257309,1,0,0.1388888888888889,0.19444444444444445,0.25,0.2777777777777778,0.2777777777777778,0.2777777777777778,0.3055555555555556
7_49,SAN PEDRO DEL PARANA,ITAPUA,2015,7,36,2597,6479,21421,0,4,2,3,4,4,6,6,7,0.19444444444444445,0.40083346195400527,0.3024602026049204,9.972127028252816,0,0,0.05555555555555555,0.08333333333333333,0.1111111111111111,0.1111111111111111,0.16666666666666666,0.16666666666666666,0.19444444444444445
7_49,SAN PEDRO DEL PARANA,ITAPUA,2021,17,60,3139,8336,25661,1,5,7,9,11,12,12,14,17,0.2833333333333333,0.37655950095969287,0.32485094111686996,10.152727608571611,1,0.2,0.11666666666666667,0.15,0.18333333333333332,0.2,0.2,0.23333333333333334,0.2833333333333333
7_5,CAMBYRETA,ITAPUA,2015,24,72,3811,6677,20563,0,3,8,8,11,14,17,20,24,0.3333333333333333,0.5707653137636663,0.3247094295579439,9.931248623321519,0,0,0.1111111111111111,0.1111111111111111,0.1527777777777778,0.19444444444444445,0.2361111111111111,0.2777777777777778,0.3333333333333333
7_5,CAMBYRETA,ITAPUA,2021,16,60,5680,9522,28501,0,3,8,8,8,10,13,15,16,0.26666666666666666,0.5965133375341315,0.3340935405775236,10.25769445336048,1,0,0.13333333333333333,0.13333333333333333,0.13333333333333333,0.16666666666666666,0.21666666666666667,0.25,0.26666666666666666
7_51,SAN RAFAEL DEL PARANA,ITAPUA,2015,11,48,2164,4136,12406,1,3,5,6,8,9,10,11,11,0.22916666666666666,0.52321083172147,0.333387070772207,9.425935505533063,0,0.3333333333333333,0.10416666666666667,0.125,0.16666666666666666,0.1875,0.20833333333333334,0.22916666666666666,0.22916666666666666
7_51,SAN RAFAEL DEL PARANA,ITAPUA,2021,16,60,2341,4653,14528,1,4,4,6,8,9,13,14,16,0.26666666666666666,0.5031162690737159,0.32027808370044053,9.583833100841074,1,0.25,0.06666666666666667,0.1,0.13333333333333333,0.15,0.21666666666666667,0.23333333333333334,0.26666666666666666
7_53,TOMAS ROMERO PEREIRA,ITAPUA,2015,24,84,2966,5657,18497,1,4,15,18,19,20,20,23,24,0.2857142857142857,0.5243061693477108,0.30583337838568414,9.82536383575455,0,0.25,0.17857142857142858,0.21428571428571427,0.2261904761904762,0.23809523809523808,0.23809523809523808,0.27380952380952384,0.2857142857142857
7_53,TOMAS ROMERO PEREIRA,ITAPUA,2021,34,96,2924,6652,21779,0,4,13,15,21,26,27,31,34,0.3541666666666667,0.4395670475045099,0.30543183800909135,9.988701481750608,1,0,0.13541666666666666,0.15625,0.21875,0.2708333333333333,0.28125,0.3229166666666667,0.3541666666666667
7_55,TRINIDAD,ITAPUA,2015,16,48,728,1659,5176,0,2,10,11,13,13,14,14,16,0.3333333333333333,0.4388185654008439,0.3205177743431221,8.551787836180736,0,0,0.20833333333333334,0.22916666666666666,0.2708333333333333,0.2708333333333333,0.2916666666666667,0.2916666666666667,0.3333333333333333
7_55,TRINIDAD,ITAPUA,2021,16,48,1103,1979,6475,1,4,8,9,11,13,14,16,16,0.3333333333333333,0.5573521980798383,0.30563706563706566,8.775703886567738,1,0.25,0.16666666666666666,0.1875,0.22916666666666666,0.2708333333333333,0.2916666666666667,0.3333333333333333,0.3333333333333333
7_57,YATYTAY,ITAPUA,2015,18,54,1230,2517,8073,0,2,9,10,11,13,15,17,18,0.3333333333333333,0.48867699642431467,0.31178000743218137,8.996280439395015,0,0,0.16666666666666666,0.18518518518518517,0.2037037037037037,0.24074074074074073,0.2777777777777778,0.3148148148148148,0.3333333333333333
7_57,YATYTAY,ITAPUA,2021,11,48,1358,2836,9430,0,4,7,8,8,9,11,11,11,0.22916666666666666,0.4788434414668547,0.3007423117709438,9.151651375627504,1,0,0.14583333333333334,0.16666666666666666,0.16666666666666666,0.1875,0.22916666666666666,0.22916666666666666,0.22916666666666666
7_7,CAPITAN MEZA,ITAPUA,2015,6,36,916,1839,6502,0,2,4,4,4,4,4,6,6,0.16666666666666666,0.4980967917346384,0.2828360504460166,8.779865100863852,0,0,0.1111111111111111,0.1111111111111111,0.1111111111111111,0.1111111111111111,0.1111111111111111,0.16666666666666666,0.16666666666666666
7_7,CAPITAN MEZA,ITAPUA,2021,12,36,1155,2022,7458,0,3,4,4,5,6,7,8,12,0.3333333333333333,0.5712166172106825,0.2711182622687047,8.917042560738766,1,0,0.1111111111111111,0.1111111111111111,0.1388888888888889,0.16666666666666666,0.19444444444444445,0.2222222222222222,0.3333333333333333
7_9,CAPITAN MIRANDA,ITAPUA,2015,15,48,1048,2000,6739,1,3,9,9,11,11,12,13,15,0.3125,0.524,0.2967799376762131,8.815666824946216,0,0.3333333333333333,0.1875,0.1875,0.22916666666666666,0.22916666666666666,0.25,0.2708333333333333,0.3125
7_9,CAPITAN MIRANDA,ITAPUA,2021,12,48,1468,2622,8418,0,4,5,5,6,10,10,11,12,0.25,0.5598779557589626,0.3114754098360656,9.038127549330516,1,0,0.10416666666666667,0.10416666666666667,0.125,0.20833333333333334,0.20833333333333334,0.22916666666666666,0.25
8_0,SAN JUAN BAUTISTA,MISIONES,2015,18,48,3108,4783,14772,1,3,8,8,11,13,13,17,18,0.375,0.6498013798871002,0.32378824803682643,9.600488775972455,0,0.3333333333333333,0.16666666666666666,0.16666666666666666,0.22916666666666666,0.2708333333333333,0.2708333333333333,0.3541666666666667,0.375
8_0,SAN JUAN BAUTISTA,MISIONES,2021,21,49,3360,4702,16389,2,3,7,10,12,14,14,18,21,0.42857142857142855,0.7145895363675032,0.2868997498322045,9.704365657063827,1,0.6666666666666666,0.14285714285714285,0.20408163265306123,0.24489795918367346,0.2857142857142857,0.2857142857142857,0.3673469387755102,0.42857142857142855
8_1,AYOLAS,MISIONES,2015,21,71,2187,3594,11521,1,3,14,14,15,17,19,21,21,0.29577464788732394,0.6085141903171953,0.31195208749240516,9.351926736038054,0,0.3333333333333333,0.19718309859154928,0.19718309859154928,0.2112676056338028,0.23943661971830985,0.2676056338028169,0.29577464788732394,0.29577464788732394
8_1,AYOLAS,MISIONES,2021,6,36,2682,4030,13295,0,2,4,4,4,5,6,6,6,0.16666666666666666,0.6655086848635235,0.3031214742384355,9.49514330367712,1,0,0.1111111111111111,0.1111111111111111,0.1111111111111111,0.1388888888888889,0.16666666666666666,0.16666666666666666,0.16666666666666666
8_11,SANTA ROSA,MISIONES,2015,22,72,2641,4676,15260,2,4,5,6,12,16,18,18,22,0.3055555555555556,0.5647989734816082,0.30642201834862387,9.632990304838447,0,0.5,0.06944444444444445,0.08333333333333333,0.16666666666666666,0.2222222222222222,0.25,0.25,0.3055555555555556
8_11,SANTA ROSA,MISIONES,2021,19,48,2720,4535,16611,1,3,7,8,10,11,14,17,19,0.3958333333333333,0.5997794928335171,0.2730118596111011,9.717820405491077,1,0.3333333333333333,0.14583333333333334,0.16666666666666666,0.20833333333333334,0.22916666666666666,0.2916666666666667,0.3541666666666667,0.3958333333333333
8_13,SANTIAGO,MISIONES,2015,12,36,995,1493,5606,0,2,7,8,8,10,12,12,12,0.3333333333333333,0.666443402545211,0.2663217980734927,8.631592731724734,0,0,0.19444444444444445,0.2222222222222222,0.2222222222222222,0.2777777777777778,0.3333333333333333,0.3333333333333333,0.3333333333333333
8_13,SANTIAGO,MISIONES,2021,9,36,1137,1571,6115,1,3,6,6,6,6,9,9,9,0.25,0.7237428389560789,0.25690923957481604,8.718500048121273,1,0.3333333333333333,0.16666666666666666,0.16666666666666666,0.16666666666666666,0.16666666666666666,0.25,0.25,0.25
8_15,VILLA FLORIDA,MISIONES,2015,8,27,740,855,2910,2,2,6,7,7,7,8,8,8,0.2962962962962963,0.8654970760233918,0.29381443298969073,7.975908360165538,0,1,0.2222222222222222,0.25925925925925924,0.25925925925925924,0.25925925925925924,0.2962962962962963,0.2962962962962963,0.2962962962962963
8_15,VILLA FLORIDA,MISIONES,2021,4,18,678,891,3431,1,2,1,3,3,4,4,4,4,0.2222222222222222,0.7609427609427609,0.2596910521713786,8.14060704285845,1,0.5,0.05555555555555555,0.16666666666666666,0.16666666666666666,0.2222222222222222,0.2222222222222222,0.2222222222222222,0.2222222222222222
8_17,YABEBYRY,MISIONES,2015,12,48,305,598,2394,1,2,4,5,6,6,11,12,12,0.25,0.5100334448160535,0.24979114452798662,7.780720886117918,0,0.5,0.08333333333333333,0.10416666666666667,0.125,0.125,0.22916666666666666,0.25,0.25
8_17,YABEBYRY,MISIONES,2021,16,48,473,716,2770,1,2,9,10,11,13,13,14,16,0.3333333333333333,0.6606145251396648,0.2584837545126354,7.926602599181384,1,0.5,0.1875,0.20833333333333334,0.22916666666666666,0.2708333333333333,0.2708333333333333,0.2916666666666667,0.3333333333333333
8_3,SAN IGNACIO,MISIONES,2015,30,72,2335,5986,19871,1,4,14,16,19,21,23,28,30,0.4166666666666667,0.3900768459739392,0.301243017462634,9.897016661405816,0,0.25,0.19444444444444445,0.2222222222222222,0.2638888888888889,0.2916666666666667,0.3194444444444444,0.3888888888888889,0.4166666666666667
8_3,SAN IGNACIO,MISIONES,2021,38,84,3986,7123,23149,0,4,14,17,20,25,29,30,38,0.4523809523809524,0.5595956759792222,0.30770227655622273,10.049706862037105,1,0,0.16666666666666666,0.20238095238095238,0.23809523809523808,0.2976190476190476,0.34523809523809523,0.35714285714285715,0.4523809523809524
8_5,SAN MIGUEL,MISIONES,2015,14,36,516,995,3652,0,2,5,7,7,10,13,14,14,0.3888888888888889,0.5185929648241207,0.27245345016429356,8.20303024171486,0,0,0.1388888888888889,0.19444444444444445,0.19444444444444445,0.2777777777777778,0.3611111111111111,0.3888888888888889,0.3888888888888889
8_5,SAN MIGUEL,MISIONES,2021,15,36,724,1102,4371,0,2,8,9,10,13,13,13,15,0.4166666666666667,0.6569872958257713,0.25211622054449784,8.382747094863314,1,0,0.2222222222222222,0.25,0.2777777777777778,0.3611111111111111,0.3611111111111111,0.3611111111111111,0.4166666666666667
8_7,SAN PATRICIO,MISIONES,2015,6,18,801,1085,3567,1,2,1,1,3,4,5,5,6,0.3333333333333333,0.7382488479262673,0.30417717970283153,8.17948018535889,0,0.5,0.05555555555555555,0.05555555555555555,0.16666666666666666,0.2222222222222222,0.2777777777777778,0.2777777777777778,0.3333333333333333
8_7,SAN PATRICIO,MISIONES,2021,3,27,1123,1512,4794,2,2,1,1,2,3,3,3,3,0.1111111111111111,0.7427248677248677,0.31539424280350437,8.475120414994329,1,1,0.037037037037037035,0.037037037037037035,0.07407407407407407,0.1111111111111111,0.1111111111111111,0.1111111111111111,0.1111111111111111
8_9,SANTA MARIA,MISIONES,2015,9,36,1002,1740,5843,1,4,5,5,6,7,7,8,9,0.25,0.5758620689655173,0.29779223001882593,8.672999642554437,0,0.25,0.1388888888888889,0.1388888888888889,0.16666666666666666,0.19444444444444445,0.19444444444444445,0.2222222222222222,0.25
8_9,SANTA MARIA,MISIONES,2021,23,60,1233,1836,6744,0,2,17,19,20,21,23,23,23,0.38333333333333336,0.6715686274509803,0.2722419928825623,8.81640849968169,1,0,0.2833333333333333,0.31666666666666665,0.3333333333333333,0.35,0.38333333333333336,0.38333333333333336,0.38333333333333336
9_0,PARAGUARI,PARAGUARI,2015,18,60,2062,4622,15068,0,4,9,10,12,14,15,16,18,0.3,0.44612721765469493,0.30674276612689144,9.620328568811932,0,0,0.15,0.16666666666666666,0.2,0.23333333333333334,0.25,0.26666666666666666,0.3
9_0,PARAGUARI,PARAGUARI,2021,25,84,2475,5793,17741,1,3,10,12,14,15,15,19,25,0.2976190476190476,0.42723977213878817,0.3265317625838453,9.783633624060649,1,0.3333333333333333,0.11904761904761904,0.14285714285714285,0.16666666666666666,0.17857142857142858,0.17857142857142858,0.2261904761904762,0.2976190476190476
9_1,ACAHAY,PARAGUARI,2015,26,72,2007,3423,12170,0,4,10,12,14,18,23,25,26,0.3611111111111111,0.5863277826468011,0.28126540673788003,9.406729185981574,0,0,0.1388888888888889,0.16666666666666666,0.19444444444444445,0.25,0.3194444444444444,0.3472222222222222,0.3611111111111111
9_1,ACAHAY,PARAGUARI,2021,12,72,2241,3577,13144,0,6,5,8,10,11,12,12,12,0.16666666666666666,0.6265026558568633,0.2721393791844188,9.483720659717104,1,0,0.06944444444444445,0.1111111111111111,0.1388888888888889,0.1527777777777778,0.16666666666666666,0.16666666666666666,0.16666666666666666
9_11,LA COLMENA,PARAGUARI,2015,10,36,818,1399,4998,0,2,3,4,6,9,9,9,10,0.2777777777777778,0.5847033595425304,0.27991196478591435,8.516793111394898,0,0,0.08333333333333333,0.1111111111111111,0.16666666666666666,0.25,0.25,0.25,0.2777777777777778
9_11,LA COLMENA,PARAGUARI,2021,5,27,959,1543,5702,0,2,2,2,3,4,4,5,5,0.18518518518518517,0.6215165262475697,0.2706068046299544,8.648572269472618,1,0,0.07407407407407407,0.07407407407407407,0.1111111111111111,0.14814814814814814,0.14814814814814814,0.18518518518518517,0.18518518518518517
9_12,MARIA ANTONIA,PARAGUARI,2015,3,36,1423,2711,8568,0,2,1,1,1,1,2,2,3,0.08333333333333333,0.5248985614164515,0.3164098972922502,9.055789612127585,0,0,0.027777777777777776,0.027777777777777776,0.027777777777777776,0.027777777777777776,0.05555555555555555,0.05555555555555555,0.08333333333333333
9_12,MARIA ANTONIA,PARAGUARI,2021,11,45,2186,3589,10980,1,4,5,6,6,7,10,11,11,0.24444444444444444,0.609083310114238,0.3268670309653916,9.3038307150635209,1,0.25,0.1111111111111111,0.13333333333333333,0.13333333333333333,0.15555555555555556,0.2222222222222222,0.24444444444444444,0.24444444444444444
9_15,PIRAYU,PARAGUARI,2015,12,36,1632,2875,10631,1,4,5,7,7,8,8,10,12,0.3333333333333333,0.5676521739130435,0.2704355187658734,9.271529540288606,0,0.25,0.1388888888888889,0.19444444444444445,0.19444444444444445,0.2222222222222222,0.2222222222222222,0.2777777777777778,0.3333333333333333
9_15,PIRAYU,PARAGUARI,2021,9,36,2204,3401,12071,0,4,2,2,3,5,6,8,9,0.25,0.6480446927374302,0.2817496479164941,9.398561160701128,1,0,0.05555555555555555,0.05555555555555555,0.08333333333333333,0.1388888888888889,0.16666666666666666,0.2222222222222222,0.25
9_17,QUIINDY,PARAGUARI,2015,15,60,2147,3710,13971,0,2,5,6,6,9,9,12,15,0.25,0.5787061994609164,0.26555006799799585,9.544739031650487,0,0,0.08333333333333333,0.1,0.1,0.15,0.15,0.2,0.25
9_17,QUIINDY,PARAGUARI,2021,12,48,2251,3901,15258,0,3,6,7,7,10,11,12,12,0.25,0.5770315303768264,0.25566915716345523,9.632859234650175,1,0,0.125,0.14583333333333334,0.14583333333333334,0.20833333333333334,0.22916666666666666,0.25,0.25
9_19,QUYQUYHO,PARAGUARI,2015,5,27,616,1247,5034,1,2,2,3,3,4,4,4,5,0.18518518518518517,0.49398556535685645,0.2477155343663091,8.523970175695261,0,0.5,0.07407407407407407,0.1111111111111111,0.1111111111111111,0.14814814814814814,0.14814814814814814,0.14814814814814814,0.18518518518518517
9_19,QUYQUYHO,PARAGUARI,2021,5,27,792,1375,5819,1,2,2,2,3,3,3,5,5,0.18518518518518517,0.576,0.23629489603024575,8.66888370465667,1,0.5,0.07407407407407407,0.07407407407407407,0.1111111111111111,0.1111111111111111,0.1111111111111111,0.18518518518518517,0.18518518518518517
9_21,SAN ROQUE GONZALEZ DE SANTACRUZ,PARAGUARI,2015,14,36,840,1783,7107,1,3,7,10,12,13,13,14,14,0.3888888888888889,0.4711160964666293,0.25087941466160124,8.868835492826895,0,0.3333333333333333,0.19444444444444445,0.2777777777777778,0.3333333333333333,0.3611111111111111,0.3611111111111111,0.3888888888888889,0.3888888888888889
9_21,SAN ROQUE GONZALEZ DE SANTACRUZ,PARAGUARI,2021,22,54,1324,2092,8263,1,3,18,21,21,21,22,22,22,0.4074074074074074,0.6328871892925431,0.2531768122957764,9.019542996701185,1,0.3333333333333333,0.3333333333333333,0.3888888888888889,0.3888888888888889,0.3888888888888889,0.4074074074074074,0.4074074074074074,0.4074074074074074
9_23,SAPUCAI,PARAGUARI,2015,6,36,836,1609,5782,2,2,4,5,5,5,6,6,6,0.16666666666666666,0.5195773772529522,0.27827741265997924,8.662504922576291,0,1,0.1111111111111111,0.1388888888888889,0.1388888888888889,0.1388888888888889,0.16666666666666666,0.16666666666666666,0.16666666666666666
9_23,SAPUCAI,PARAGUARI,2021,10,27,962,1526,6172,0,3,5,5,5,5,6,6,10,0.37037037037037035,0.6304062909567497,0.2472456254050551,8.72777821348305,1,0,0.18518518518518517,0.18518518518518517,0.18518518518518517,0.18518518518518517,0.2222222222222222,0.2222222222222222,0.37037037037037035
9_25,TEBICUARYMI,PARAGUARI,2015,9,36,488,790,2987,2,2,4,6,8,8,9,9,9,0.25,0.6177215189873417,0.2644794107800469,8.00202481821611,0,1,0.1111111111111111,0.16666666666666666,0.2222222222222222,0.2222222222222222,0.25,0.25,0.25
9_25,TEBICUARYMI,PARAGUARI,2021,8,36,673,920,3484,0,3,3,3,3,4,5,7,8,0.2222222222222222,0.7315217391304348,0.26406429391504016,8.155936337972394,1,0,0.08333333333333333,0.08333333333333333,0.08333333333333333,0.1111111111111111,0.1388888888888889,0.19444444444444445,0.2222222222222222
9_27,YAGUARON,PARAGUARI,2015,17,60,3543,5705,20573,1,2,6,7,8,9,12,14,17,0.2833333333333333,0.621034180543383,0.2773052058523307,9.93173481547423,0,0.5,0.1,0.11666666666666667,0.13333333333333333,0.15,0.2,0.23333333333333334,0.2833333333333333
9_27,YAGUARON,PARAGUARI,2021,19,60,4067,6491,23323,0,3,7,9,12,15,17,19,19,0.31666666666666665,0.6265598521029118,0.2783089653989624,10.057195277130344,1,0,0.11666666666666667,0.15,0.2,0.25,0.2833333333333333,0.31666666666666665,0.31666666666666665
9_29,YBYCUI,PARAGUARI,2015,12,48,1779,4536,15264,0,2,5,5,7,7,8,11,12,0.25,0.3921957671957672,0.2971698113207547,9.633252393688068,0,0,0.10416666666666667,0.10416666666666667,0.14583333333333334,0.14583333333333334,0.16666666666666666,0.22916666666666666,0.25
9_29,YBYCUI,PARAGUARI,2021,18,60,2297,4561,16539,1,3,10,11,14,15,16,17,18,0.3,0.5036176277132208,0.275772416712014,9.713476507257793,1,0.3333333333333333,0.16666666666666666,0.18333333333333332,0.23333333333333334,0.25,0.26666666666666666,0.2833333333333333,0.3
9_3,CAAPUCU,PARAGUARI,2015,13,48,629,1252,5069,0,2,5,8,10,10,12,13,13,0.2708333333333333,0.5023961661341853,0.24699151706450975,8.53089883847235,0,0,0.10416666666666667,0.16666666666666666,0.20833333333333334,0.20833333333333334,0.25,0.2708333333333333,0.2708333333333333
9_3,CAAPUCU,PARAGUARI,2021,13,36,980,1416,5638,1,2,5,7,9,9,11,13,13,0.3611111111111111,0.692090395480226,0.25115289109613337,8.637284671674058,1,0.5,0.1388888888888889,0.19444444444444445,0.25,0.25,0.3055555555555556,0.3611111111111111,0.3611111111111111
9_31,YBYTYMI,PARAGUARI,2015,12,36,892,1339,4795,0,2,6,7,9,11,11,12,12,0.3333333333333333,0.666168782673637,0.27924921793534935,8.475328987317539,0,0,0.16666666666666666,0.19444444444444445,0.25,0.3055555555555556,0.3055555555555556,0.3333333333333333,0.3333333333333333
9_31,YBYTYMI,PARAGUARI,2021,12,27,892,1238,5057,0,2,10,11,11,11,11,11,12,0.4444444444444444,0.7205169628432956,0.24480917540043504,8.528528701079983,1,0,0.37037037037037035,0.4074074074074074,0.4074074074074074,0.4074074074074074,0.4074074074074074,0.4074074074074074,0.4444444444444444
9_5,CARAPEGUA,PARAGUARI,2015,29,84,2918,6372,24722,0,2,9,12,15,19,25,28,29,0.34523809523809523,0.45794099183929693,0.25774613704392846,10.115448814447769,0,0,0.10714285714285714,0.14285714285714285,0.17857142857142858,0.2261904761904762,0.2976190476190476,0.3333333333333333,0.34523809523809523
9_5,CARAPEGUA,PARAGUARI,2021,36,84,3865,6903,27021,1,3,22,25,29,29,32,35,36,0.42857142857142855,0.5599014921048819,0.25546796935716665,10.204369620451853,1,0.3333333333333333,0.2619047619047619,0.2976190476190476,0.34523809523809523,0.34523809523809523,0.38095238095238093,0.4166666666666667,0.42857142857142855
9_7,ESCOBAR,PARAGUARI,2015,7,27,431,1160,4363,0,1,4,5,5,5,6,7,7,0.25925925925925924,0.371551724137931,0.26587210634884256,8.38091517312361,0,0,0.14814814814814814,0.18518518518518517,0.18518518518518517,0.18518518518518517,0.2222222222222222,0.25925925925925924,0.25925925925925924
9_7,ESCOBAR,PARAGUARI,2021,3,18,690,1167,4924,0,1,1,2,2,2,3,3,3,0.16666666666666666,0.5912596401028277,0.23700243704305443,8.501876487304344,1,0,0.05555555555555555,0.1111111111111111,0.1111111111111111,0.1111111111111111,0.16666666666666666,0.16666666666666666,0.16666666666666666
9_9,GENERAL BERNARDINO CABALLERO,PARAGUARI,2015,7,27,780,1258,5113,1,2,3,4,4,4,5,6,7,0.25925925925925924,0.6200317965023847,0.24603950713866615,8.53954159508,0,0.5,0.1111111111111111,0.14814814814814814,0.14814814814814814,0.14814814814814814,0.18518518518518517,0.2222222222222222,0.25925925925925924
9_9,GENERAL BERNARDINO CABALLERO,PARAGUARI,2021,6,27,623,1133,5262,1,3,3,4,4,6,6,6,6,0.2222222222222222,0.5498676081200353,0.2153173698213607,8.568266461600238,1,0.3333333333333333,0.1111111111111111,0.14814814814814814,0.14814814814814814,0.2222222222222222,0.2222222222222222,0.2222222222222222,0.2222222222222222
